millis,T_SHT40,RH_SHT40,CO2_SCD30,T_SCD30,RH_SCD30
611,25.81,52.66,0.00,0.00,0.00
30671,25.88,51.91,320.00,26.00,49.33
millis,T_SHT40,RH_SHT40,CO2_SCD30,T_SCD30,RH_SCD30
84,25.73,50.68,327.00,27.32,45.56
millis,T_SHT40,RH_SHT40,CO2_SCD30,T_SCD30,RH_SCD30
84,25.72,50.65,327.00,27.29,45.47
30139,25.71,51.64,326.00,27.37,45.48
60184,25.74,50.87,326.00,27.44,45.14
90230,25.76,51.49,328.00,27.52,45.26
120274,25.77,51.52,330.00,27.53,45.13
150321,25.79,51.69,334.00,27.61,45.21
180365,25.76,51.72,339.00,27.64,45.15
210413,25.75,51.56,344.00,27.70,45.07
240458,25.76,51.28,346.00,27.73,44.83
270504,25.76,51.51,347.00,27.74,45.00
300550,25.79,51.56,350.00,27.77,44.86
330595,25.79,51.19,354.00,27.81,44.65
360640,25.80,51.33,355.00,27.82,44.62
millis,T_SHT40,RH_SHT40,CO2_SCD30,T_SCD30,RH_SCD30
631,26.17,51.18,0.00,27.49,45.51
30685,26.23,50.05,365.00,27.57,45.14
60730,26.14,49.56,364.00,27.73,44.39
90775,26.06,50.44,362.00,27.82,44.40
120821,25.98,50.15,360.00,27.89,44.16
150865,25.95,50.05,355.00,27.92,43.90
180915,25.89,51.22,348.00,27.94,44.37
210959,25.85,50.81,351.00,27.95,44.17
241005,25.81,50.86,349.00,27.98,43.94
271050,25.75,50.96,345.00,27.95,43.81
301095,25.67,50.62,340.00,27.96,43.64
331141,25.61,50.57,332.00,28.00,43.46
361187,25.60,50.82,320.00,27.96,43.46
391232,25.56,51.05,316.00,27.96,43.61
421277,25.55,51.12,319.00,28.00,43.69
451322,25.55,51.21,323.00,28.00,43.65
481369,25.51,51.32,329.00,28.01,43.75
511413,25.50,51.37,334.00,28.01,43.62
541459,25.48,51.22,337.00,28.01,43.52
571507,25.48,51.13,336.00,28.01,43.47
601552,25.50,50.47,330.00,28.01,43.10
631599,25.49,50.82,323.00,28.02,43.06
661644,25.50,50.34,296.00,27.98,42.90
691689,25.49,50.54,294.00,28.00,42.88
721734,25.51,50.54,295.00,27.98,42.97
751779,25.51,50.36,296.00,27.98,42.98
781825,25.50,50.35,293.00,27.98,42.99
811873,25.51,50.50,291.00,27.96,43.11
841918,25.56,50.35,290.00,27.96,42.99
871963,25.54,50.47,288.00,27.96,42.99
902008,25.53,50.50,288.00,27.96,43.10
932055,25.56,50.28,289.00,27.98,42.93
962102,25.54,50.01,290.00,27.98,42.95
992148,25.56,50.26,288.00,27.96,42.93
1022192,25.56,49.41,286.00,27.98,42.52
1052238,25.57,49.74,284.00,27.98,42.76
1082284,25.54,49.93,281.00,27.98,42.68
1112330,25.50,50.05,280.00,27.96,42.69
1142375,25.45,49.80,279.00,27.98,42.18
1172420,25.46,49.65,275.00,28.00,42.26
1202465,25.48,49.65,273.00,27.98,42.30
1232512,25.45,49.62,270.00,27.98,42.30
1262557,25.43,49.54,269.00,27.98,42.25
1292602,25.42,49.58,267.00,27.98,42.16
1322647,25.42,49.65,264.00,27.96,42.03
1352695,25.43,49.63,263.00,27.96,41.97
1382740,25.49,48.55,260.00,27.96,41.32
1412787,25.49,48.43,258.00,27.96,41.57
1442832,25.49,48.25,252.00,27.96,41.44
1472878,25.46,48.37,249.00,27.95,41.31
1502924,25.46,48.76,246.00,27.95,41.40
1532969,25.46,48.69,244.00,27.95,41.45
1563016,25.43,49.29,245.00,27.92,41.76
1593060,25.41,49.15,246.00,27.95,42.03
1623109,25.41,49.18,249.00,27.96,41.96
1653154,25.41,48.58,252.00,27.96,41.66
1683200,25.44,48.83,253.00,27.94,41.50
1713245,25.47,48.60,254.00,27.95,41.37
1743293,25.45,48.34,253.00,27.92,41.34
1773338,25.48,49.21,253.00,27.94,41.46
1803384,25.48,48.73,253.00,27.95,41.53
1833430,25.47,48.79,252.00,27.92,41.55
1863476,25.51,48.58,253.00,27.95,41.41
1893521,25.53,47.74,253.00,27.94,41.28
1923566,25.54,47.83,254.00,27.92,40.89
1953611,25.55,48.05,254.00,27.91,40.96
1983657,25.52,47.50,255.00,27.92,40.81
2013703,25.51,48.04,257.00,27.91,40.90
2043749,25.50,47.55,259.00,27.92,40.80
2073793,25.50,47.63,262.00,27.91,40.74
2103839,25.50,47.55,267.00,27.88,40.53
2133886,25.51,47.10,272.00,27.94,40.59
2163933,25.45,47.05,275.00,27.91,40.31
2193978,25.49,47.09,279.00,27.91,40.28
2224023,25.47,47.04,277.00,27.88,40.40
2254068,25.46,47.36,275.00,27.88,40.36
2284113,25.43,47.12,274.00,27.91,40.34
2314160,25.41,47.61,274.00,27.89,40.34
2344205,25.41,47.62,274.00,27.91,40.45
2374250,25.44,47.69,276.00,27.89,40.49
2404295,25.46,47.82,279.00,27.89,40.61
2434343,25.40,47.24,279.00,27.89,40.53
2464389,25.38,47.58,281.00,27.89,40.39
2494434,25.39,47.78,282.00,27.92,40.57
2524482,25.37,47.96,283.00,27.91,40.60
2554527,25.40,47.96,285.00,27.89,40.66
2584572,25.41,47.97,287.00,27.89,40.87
2614619,25.42,48.59,289.00,27.91,40.78
2644663,25.44,48.20,292.00,27.91,40.93
2674709,25.40,48.07,293.00,27.91,40.93
2704754,25.41,48.30,296.00,27.91,40.96
2734799,25.40,48.21,298.00,27.91,40.96
2764845,25.38,48.14,300.00,27.92,40.99
2794891,25.38,48.63,302.00,27.92,41.03
2824935,25.38,48.51,304.00,27.92,40.98
2854981,25.40,48.51,305.00,27.89,41.00
2885028,25.38,48.25,305.00,27.91,40.93
2915075,25.38,48.20,306.00,27.91,40.91
2945121,25.36,48.23,304.00,27.91,40.85
2975166,25.34,48.26,301.00,27.89,40.83
3005212,25.35,48.50,300.00,27.91,40.91
3035256,25.34,48.05,298.00,27.91,40.76
3065303,25.30,48.18,296.00,27.88,40.75
3095348,25.32,48.42,292.00,27.91,40.74
3125394,25.32,48.26,289.00,27.89,40.82
3155439,25.33,48.74,290.00,27.91,40.90
3185484,25.33,48.72,291.00,27.89,41.05
3215529,25.29,48.39,293.00,27.88,40.95
3245578,25.32,48.51,293.00,27.88,40.86
3275626,25.35,48.55,292.00,27.89,40.86
3305671,25.36,48.36,291.00,27.89,40.99
3335717,25.41,48.40,290.00,27.88,41.05
3365763,25.41,48.41,291.00,27.91,40.95
3395809,25.38,48.71,291.00,27.92,41.36
3425854,25.36,49.95,294.00,27.92,41.72
3455899,25.38,49.92,305.00,27.94,41.82
3485944,25.41,49.88,335.00,27.95,41.91
3515991,25.44,49.96,348.00,27.95,41.96
3546036,25.43,50.04,364.00,27.94,42.10
3576081,25.45,49.84,371.00,27.96,42.09
3606126,25.46,49.55,371.00,27.96,41.86
3636172,25.47,49.16,367.00,27.98,41.99
3666220,25.49,49.25,362.00,27.98,42.00
3696266,25.53,49.42,358.00,27.98,41.85
3726311,25.52,49.53,352.00,28.00,41.99
3756357,25.53,50.08,347.00,28.01,42.20
3786402,25.56,50.03,346.00,28.00,42.34
3816448,25.57,49.94,344.00,28.01,42.32
3846493,25.60,49.99,344.00,28.02,42.22
3876539,25.61,50.08,342.00,28.02,42.27
3906584,25.60,49.61,344.00,28.02,42.31
3936629,25.60,49.46,344.00,28.05,42.02
3966674,25.61,49.46,342.00,28.02,42.10
3996721,25.60,50.72,338.00,28.05,42.19
4026766,25.61,50.05,336.00,28.05,42.40
4056816,25.62,49.47,336.00,28.04,42.24
4086861,25.65,49.73,336.00,28.05,42.15
4116907,25.67,49.96,336.00,28.07,42.21
4146953,25.65,50.38,336.00,28.07,42.39
4176998,25.66,50.28,336.00,28.02,42.49
4207044,25.65,49.69,338.00,28.05,42.31
4237089,25.65,49.91,336.00,28.07,42.23
4267134,25.65,49.85,335.00,28.05,42.36
4297180,25.64,50.15,337.00,28.08,42.53
4327226,25.64,50.24,339.00,28.07,42.55
4357271,25.60,50.48,336.00,28.07,42.72
4387316,25.60,50.51,342.00,28.08,42.65
4417361,25.62,50.21,350.00,28.05,42.57
4447411,25.63,50.43,347.00,28.05,42.45
4477455,25.62,50.37,343.00,28.08,42.53
4507501,25.62,49.89,343.00,28.05,42.35
4537546,25.61,50.22,337.00,28.08,42.41
4567592,25.60,50.50,330.00,28.04,42.53
4597638,25.61,50.55,326.00,28.05,42.70
4627683,25.56,50.95,325.00,28.05,42.74
4657728,25.55,51.11,322.00,28.07,42.85
4687774,25.57,51.23,318.00,28.04,42.99
4717819,25.54,51.57,313.00,28.07,43.05
4747866,25.56,51.11,312.00,28.07,43.11
4777911,25.57,51.16,311.00,28.04,42.99
4807959,25.56,50.76,312.00,28.07,42.95
4838004,25.56,51.39,315.00,28.04,43.07
4868051,25.54,52.43,311.00,28.05,43.34
4898098,25.54,52.27,313.00,28.05,43.55
4928143,25.56,51.73,320.00,28.07,43.54
4958189,25.58,51.17,365.00,28.07,43.30
4988233,25.54,50.79,361.00,28.05,43.11
5018279,25.53,50.98,336.00,28.02,43.10
5048325,25.53,50.90,316.00,28.07,43.11
5078371,25.54,50.95,305.00,28.00,43.17
5108416,25.54,51.05,301.00,28.05,43.19
5138461,25.53,51.36,293.00,28.02,43.29
5168506,25.53,51.53,287.00,28.04,43.41
5198556,25.49,51.64,285.00,28.05,43.48
5228600,25.49,51.74,286.00,28.04,43.52
5258646,25.47,51.61,284.00,28.01,43.58
5288691,25.48,52.46,282.00,28.04,43.63
5318736,25.47,52.90,280.00,28.02,43.66
5348783,25.49,52.77,282.00,28.04,43.98
5378827,25.53,52.57,287.00,28.04,43.73
5408873,25.48,53.05,288.00,28.02,43.73
5438918,25.46,52.97,285.00,28.02,43.77
5468963,25.48,52.25,286.00,28.01,43.82
5499009,25.47,52.75,304.00,28.04,44.01
5529055,25.45,52.26,318.00,28.04,43.87
5559099,25.44,52.19,305.00,28.08,43.92
5589148,25.43,52.17,290.00,28.04,43.91
5619193,25.44,52.65,281.00,28.04,43.96
5649239,25.43,52.74,271.00,28.05,44.02
5679286,25.42,52.66,268.00,28.04,44.11
5709337,25.42,53.37,265.00,28.04,44.13
5739382,25.44,53.25,264.00,28.01,44.11
5769428,25.47,52.49,271.00,28.04,44.18
5799473,25.46,53.14,279.00,28.02,44.09
5829519,25.46,53.14,276.00,28.02,44.15
5859564,25.48,53.96,276.00,28.04,44.27
5889609,25.48,53.63,284.00,28.01,44.27
5919654,25.47,52.51,292.00,28.02,44.25
5949701,25.46,53.57,292.00,28.00,44.20
5979748,25.48,53.58,290.00,28.00,44.22
6009794,25.43,52.68,287.00,28.01,44.21
6039839,25.42,53.11,283.00,28.01,44.31
6069884,25.38,53.06,280.00,28.00,44.31
6099930,25.40,53.25,277.00,28.01,44.38
6129976,25.38,52.95,284.00,28.01,44.31
6160021,25.37,53.66,282.00,27.98,44.24
6190067,25.40,53.24,276.00,28.00,44.29
6220115,25.40,53.67,275.00,28.00,44.64
6250161,25.41,53.88,328.00,27.98,44.51
6280207,25.40,53.23,337.00,27.96,44.60
6310252,25.38,53.94,332.00,27.98,44.40
6340297,25.40,53.45,318.00,27.98,44.35
6370345,25.43,53.12,298.00,27.96,44.55
6400392,25.44,52.72,298.00,27.98,44.55
6430437,25.45,52.21,304.00,27.96,44.36
6460482,25.45,53.34,297.00,27.98,44.26
6490529,25.45,53.99,285.00,27.98,44.34
6520576,25.46,53.13,272.00,27.95,44.53
6550621,25.42,53.28,267.00,28.00,44.54
6580667,25.40,53.62,267.00,27.96,44.59
6610712,25.42,53.88,268.00,27.95,44.69
6640758,25.39,52.41,284.00,27.96,44.49
6670802,25.37,53.26,279.00,27.95,44.42
6700849,25.34,52.99,272.00,27.96,44.41
6730897,25.32,52.83,272.00,27.96,44.28
6760942,25.35,52.95,267.00,27.95,44.31
6790987,25.33,53.97,261.00,27.92,44.38
6821033,25.31,53.13,265.00,27.96,44.53
6851079,25.32,54.18,268.00,27.95,44.49
6881124,25.33,53.63,271.00,27.95,44.45
6911169,25.37,53.73,268.00,27.98,44.58
6941215,25.35,53.77,274.00,27.96,44.71
6971260,25.34,53.96,311.00,27.92,44.50
7001307,25.33,52.65,306.00,27.94,44.43
7031352,25.34,52.51,294.00,27.92,44.32
7061397,25.32,52.26,262.00,27.94,44.28
7091442,25.32,52.12,254.00,27.92,44.21
7121491,25.30,52.30,250.00,27.92,44.10
7151536,25.33,52.33,246.00,27.94,44.10
7181582,25.32,52.10,244.00,27.92,44.07
7211627,25.30,52.20,240.00,27.92,44.01
7241672,25.32,52.23,238.00,27.94,44.02
7271719,25.33,52.30,238.00,27.92,44.09
7301766,25.34,52.43,235.00,27.92,44.10
7331812,25.35,52.36,235.00,27.91,44.16
7361857,25.39,52.65,235.00,27.96,44.17
7391902,25.35,52.18,237.00,27.94,44.08
7421947,25.33,52.37,237.00,27.94,44.08
7451994,25.31,52.43,234.00,27.94,44.07
7482039,25.33,52.48,235.00,27.91,44.20
7512087,25.33,52.70,233.00,27.94,44.13
7542132,25.32,52.39,233.00,27.92,44.15
7572178,25.30,52.17,233.00,27.92,44.09
7602224,25.31,52.58,231.00,27.92,44.09
7632270,25.31,52.28,235.00,27.92,44.15
7662314,25.28,52.48,270.00,27.91,44.14
7692360,25.29,52.12,275.00,27.91,44.07
7722405,25.34,52.33,267.00,27.91,44.11
7752452,25.34,52.66,265.00,27.92,44.17
7782497,25.36,53.45,270.00,27.89,44.33
7812542,25.34,53.51,286.00,27.89,44.33
7842587,25.32,52.54,289.00,27.89,44.23
7872633,25.33,52.42,276.00,27.89,44.24
7902681,25.34,53.22,270.00,27.89,44.63
7932727,25.36,52.79,278.00,27.89,44.40
7962772,25.37,52.57,278.00,27.91,44.40
7992818,25.37,52.72,275.00,27.89,44.43
8022863,25.38,52.36,273.00,27.89,44.47
8052910,25.40,52.18,272.00,27.89,44.23
8082956,25.33,52.18,266.00,27.91,44.22
8113002,25.33,52.21,257.00,27.88,44.13
8143047,25.29,51.93,242.00,27.89,44.08
8173093,25.30,52.15,234.00,27.89,44.00
8203139,25.30,52.13,232.00,27.89,43.99
8233184,25.29,52.20,230.00,27.91,44.03
8263229,25.30,52.12,229.00,27.91,43.99
8293277,25.28,51.97,226.00,27.89,43.98
8323322,25.26,51.82,226.00,27.91,43.85
8353369,25.29,51.91,226.00,27.91,43.86
8383414,25.24,51.85,226.00,27.92,43.81
8413459,25.26,52.21,225.00,27.92,43.80
8443504,25.25,51.82,227.00,27.92,43.74
8473550,25.24,51.80,226.00,27.89,43.70
8503595,25.21,51.94,227.00,27.92,43.72
8533641,25.27,52.19,249.00,27.92,44.55
8563686,25.27,51.81,322.00,27.92,43.81
8593731,25.27,51.81,286.00,27.91,43.74
8623776,25.27,51.62,254.00,27.92,43.69
8653825,25.25,52.58,247.00,27.89,43.79
8683870,25.23,52.05,239.00,27.89,43.85
8713916,25.24,51.93,235.00,27.89,43.79
8743960,25.23,52.13,234.00,27.88,43.86
8774006,25.22,51.78,232.00,27.87,43.78
8804051,25.22,51.74,233.00,27.84,43.67
8834097,25.20,52.09,232.00,27.85,43.76
8864143,25.22,52.05,231.00,27.85,43.80
8894187,25.21,51.97,230.00,27.85,43.82
8924235,25.23,52.02,231.00,27.84,43.88
8954280,25.21,52.22,228.00,27.87,43.90
8984326,25.22,52.08,226.00,27.85,43.98
9014371,25.20,52.39,227.00,27.85,43.99
9044419,25.23,52.55,227.00,27.85,44.06
9074464,25.26,52.26,229.00,27.87,44.02
9104510,25.23,52.00,229.00,27.84,43.82
9134556,25.22,52.07,229.00,27.85,43.76
9164601,25.23,51.66,230.00,27.87,43.67
9194646,25.20,51.62,230.00,27.84,43.56
9224692,25.20,51.62,229.00,27.84,43.53
9254737,25.14,51.68,229.00,27.81,43.53
9284784,25.14,51.66,229.00,27.82,43.51
9314828,25.17,51.65,228.00,27.82,43.56
9344874,25.14,51.67,228.00,27.81,43.56
9374919,25.11,51.82,227.00,27.84,43.59
9404965,25.10,51.89,228.00,27.84,43.59
9435013,25.08,51.81,228.00,27.81,43.55
9465059,25.08,52.01,228.00,27.80,43.55
9495104,25.07,51.81,226.00,27.78,43.50
9525150,25.07,51.79,230.00,27.80,43.47
9555194,25.09,51.71,231.00,27.81,43.50
9585241,25.07,51.68,231.00,27.77,43.50
9615286,25.05,51.77,230.00,27.77,43.52
9645332,25.07,51.74,229.00,27.77,43.47
9675377,25.05,51.88,229.00,27.77,43.54
9705422,25.04,51.92,229.00,27.77,43.66
9735470,25.07,52.23,228.00,27.77,43.54
9765516,25.02,51.94,229.00,27.77,43.64
9795561,25.02,51.83,230.00,27.73,43.59
9825609,25.05,51.75,228.00,27.73,43.50
9855654,25.05,51.73,227.00,27.75,43.55
9885701,25.04,51.73,225.00,27.74,43.51
9915746,25.03,51.72,226.00,27.77,43.54
9945791,25.01,51.75,225.00,27.75,43.52
9975836,25.00,51.81,226.00,27.74,43.51
10005882,24.99,51.77,226.00,27.71,43.51
10035928,24.97,51.76,226.00,27.74,43.54
10065973,24.98,51.89,228.00,27.74,43.45
10096018,24.98,51.85,229.00,27.71,43.48
10126064,24.97,51.84,229.00,27.74,43.50
10156109,24.98,51.86,230.00,27.73,43.47
10186158,24.99,51.89,230.00,27.68,43.51
10216203,24.99,51.84,230.00,27.71,43.52
10246249,24.98,52.02,230.00,27.68,43.51
10276294,24.96,52.02,230.00,27.68,43.55
10306339,24.98,51.96,229.00,27.68,43.55
10336386,24.95,51.86,229.00,27.67,43.64
10366431,24.96,51.93,230.00,27.70,43.60
10396477,24.94,51.96,230.00,27.68,43.63
10426522,24.94,52.00,231.00,27.68,43.61
10456567,24.94,52.04,233.00,27.70,43.60
10486612,24.93,52.18,232.00,27.68,43.61
10516659,24.95,52.03,233.00,27.67,43.68
10546706,24.93,51.99,233.00,27.65,43.63
10576754,24.96,51.96,235.00,27.64,43.58
10606799,24.94,52.06,234.00,27.64,43.59
10636846,24.94,51.99,234.00,27.63,43.62
10666891,24.91,52.00,235.00,27.60,43.61
10696937,24.92,52.02,237.00,27.64,43.63
10726982,24.91,51.95,239.00,27.63,43.63
10757028,24.96,52.00,240.00,27.61,43.68
10787074,24.94,52.01,241.00,27.58,43.63
10817120,24.94,51.94,241.00,27.60,43.68
10847164,24.93,51.99,240.00,27.60,43.69
10877210,24.93,51.97,241.00,27.56,43.67
10907255,24.91,52.02,242.00,27.58,43.74
10937304,24.89,52.04,241.00,27.57,43.77
10967349,24.90,51.99,242.00,27.58,43.74
10997395,24.87,52.09,242.00,27.56,43.71
11027440,24.88,52.20,241.00,27.54,43.74
11057486,24.86,52.14,240.00,27.54,43.84
11087532,24.87,52.22,240.00,27.57,43.78
11117578,24.88,52.14,239.00,27.54,43.83
11147623,24.85,52.20,239.00,27.56,43.88
11177668,24.86,52.22,239.00,27.56,43.90
11207714,24.85,52.22,238.00,27.56,43.84
11237760,24.86,52.21,238.00,27.57,43.81
11267805,24.85,52.10,240.00,27.54,43.84
11297851,24.85,52.18,240.00,27.56,43.80
11327900,24.85,52.08,237.00,27.52,43.82
11357946,24.84,52.26,239.00,27.56,43.83
11387992,24.86,52.21,240.00,27.56,43.83
11418038,24.86,52.19,240.00,27.54,43.80
11448083,24.87,52.12,241.00,27.53,43.85
11478128,24.83,52.18,242.00,27.54,43.86
11508176,24.84,52.11,242.00,27.56,43.84
11538222,24.86,52.16,241.00,27.53,43.84
11568268,24.88,52.13,241.00,27.56,43.82
11598313,24.89,52.26,241.00,27.53,43.88
11628358,24.86,52.20,241.00,27.52,43.88
11658403,24.86,52.20,240.00,27.54,43.89
11688452,24.86,52.26,240.00,27.54,43.94
11718497,24.82,52.23,241.00,27.53,43.91
11748543,24.85,52.22,241.00,27.53,43.86
11778588,24.85,52.17,241.00,27.54,43.87
11808634,24.87,52.17,239.00,27.53,43.88
11838679,24.90,52.09,240.00,27.56,43.79
11868725,24.87,52.14,239.00,27.53,43.81
11898770,24.87,52.29,237.00,27.54,43.84
11928815,24.88,52.48,235.00,27.54,43.91
11958860,24.86,52.19,235.00,27.53,43.91
11988907,24.84,52.19,235.00,27.53,43.90
12018952,24.83,52.15,234.00,27.54,43.89
12048998,24.82,52.18,232.00,27.52,43.86
12079045,24.85,52.12,231.00,27.52,43.86
12109091,24.84,52.12,231.00,27.52,43.81
12139137,24.85,52.23,232.00,27.53,43.89
12169185,24.83,52.17,231.00,27.53,43.92
12199230,24.83,52.13,230.00,27.52,43.89
12229275,24.82,52.13,229.00,27.50,43.87
12259320,24.85,52.14,231.00,27.50,43.86
12289367,24.86,52.01,233.00,27.52,43.85
12319413,24.90,51.94,234.00,27.50,43.82
12349458,24.93,51.87,236.00,27.53,43.81
12379506,24.91,51.82,238.00,27.49,43.80
12409551,24.89,51.83,238.00,27.47,43.74
12439601,24.90,51.83,240.00,27.49,43.80
12469646,24.89,51.89,239.00,27.49,43.76
12499692,24.91,51.89,240.00,27.47,43.78
12529737,24.94,51.81,239.00,27.49,43.73
12559782,24.93,51.75,240.00,27.49,43.83
12589828,24.91,51.79,241.00,27.49,43.78
12619874,24.89,51.84,240.00,27.49,43.75
12649919,24.88,51.83,240.00,27.49,43.77
12679965,24.90,51.83,242.00,27.49,43.76
12710010,24.92,51.81,242.00,27.49,43.72
12740057,24.93,51.69,244.00,27.44,43.74
12770102,24.93,51.65,246.00,27.46,43.74
12800147,24.93,51.63,245.00,27.43,43.70
12830195,24.93,51.70,244.00,27.46,43.74
12860241,24.90,51.68,242.00,27.44,43.67
12890287,24.88,51.74,242.00,27.46,43.70
12920332,24.88,51.63,242.00,27.44,43.70
12950377,24.90,51.66,242.00,27.43,43.70
12980425,24.90,51.64,243.00,27.44,43.67
13010470,24.90,51.52,243.00,27.44,43.67
13040517,24.92,51.61,241.00,27.44,43.64
13070562,24.91,51.49,241.00,27.44,43.62
13100608,24.91,51.61,241.00,27.40,43.66
13130653,24.91,51.73,241.00,27.42,43.64
13160699,24.92,51.65,243.00,27.40,43.64
13190747,24.90,51.55,243.00,27.40,43.62
13220793,24.89,51.61,243.00,27.40,43.63
13250838,24.92,51.51,241.00,27.42,43.64
13280883,24.89,51.53,241.00,27.43,43.60
13310928,24.89,51.42,240.00,27.40,43.60
13340975,24.85,51.42,239.00,27.42,43.59
13371020,24.83,51.52,239.00,27.44,43.61
13401066,24.82,51.54,238.00,27.40,43.49
13431111,24.78,51.53,237.00,27.42,43.55
13461157,24.79,51.62,235.00,27.43,43.55
13491205,24.79,51.61,233.00,27.39,43.51
13521250,24.77,51.57,233.00,27.43,43.49
13551296,24.77,51.55,233.00,27.43,43.48
13581344,24.77,51.56,232.00,27.40,43.45
13611390,24.77,51.50,234.00,27.43,43.45
13641435,24.76,51.49,235.00,27.42,43.38
13671481,24.77,51.51,236.00,27.44,43.41
13701526,24.76,51.48,235.00,27.44,43.40
13731572,24.77,51.41,233.00,27.44,43.39
13761617,24.78,51.46,233.00,27.43,43.35
13791666,24.77,51.42,236.00,27.42,43.33
13821711,24.75,51.45,236.00,27.46,43.35
13851756,24.77,51.39,234.00,27.44,43.30
13881801,24.77,51.38,235.00,27.46,43.26
13911847,24.78,51.46,235.00,27.44,43.27
13941896,24.77,51.34,236.00,27.44,43.26
13971942,24.77,51.39,237.00,27.44,43.22
14001987,24.80,51.35,234.00,27.49,43.28
14032033,24.79,51.37,235.00,27.44,43.23
14062078,24.78,51.31,235.00,27.46,43.27
14092124,24.80,51.31,234.00,27.44,43.21
14122169,24.79,51.29,235.00,27.49,43.20
14152215,24.80,51.23,233.00,27.47,43.13
14182260,24.82,51.12,234.00,27.46,43.14
14212306,24.84,51.09,235.00,27.46,43.05
14242352,24.86,50.94,237.00,27.46,43.01
14272397,24.89,50.87,237.00,27.49,42.96
14302445,24.90,50.73,238.00,27.47,42.96
14332492,24.90,50.71,237.00,27.46,42.87
14362539,24.90,50.63,235.00,27.47,42.86
14392584,24.86,50.67,236.00,27.49,42.87
14422629,24.84,50.78,236.00,27.46,42.88
14452674,24.82,50.84,235.00,27.47,42.88
14482720,24.78,50.88,235.00,27.47,42.88
14512765,24.78,50.94,235.00,27.46,42.92
14542812,24.78,50.97,234.00,27.46,42.92
14572856,24.78,51.02,234.00,27.47,42.99
14602904,24.77,51.04,234.00,27.46,42.96
14632949,24.81,51.08,234.00,27.46,42.94
14662994,24.84,51.00,235.00,27.46,42.96
14693043,24.87,50.98,236.00,27.46,43.00
14723089,24.86,51.05,237.00,27.46,43.04
14753133,24.90,51.00,238.00,27.44,43.02
14783179,24.90,50.94,239.00,27.46,43.08
14813224,24.89,50.94,239.00,27.43,43.02
14843271,24.85,51.06,242.00,27.42,43.08
14873315,24.86,51.08,245.00,27.42,43.12
14903361,24.82,51.13,249.00,27.42,43.10
14933406,24.85,51.10,251.00,27.39,43.08
14963452,24.82,51.19,251.00,27.39,43.20
14993498,24.80,51.15,250.00,27.34,43.17
15023543,24.78,51.20,249.00,27.36,43.22
15053588,24.68,51.26,250.00,27.33,43.19
15083636,24.60,51.67,250.00,27.30,43.25
15113681,24.58,51.66,249.00,27.29,43.32
15143728,24.62,51.64,249.00,27.27,43.38
15173773,24.64,51.56,251.00,27.24,43.34
15203819,24.66,51.47,250.00,27.24,43.37
15233864,24.67,51.39,252.00,27.27,43.42
15263909,24.70,51.41,253.00,27.24,43.43
15293956,24.70,51.35,254.00,27.23,43.40
15324001,24.73,51.28,257.00,27.24,43.53
15354047,24.71,51.23,260.00,27.23,43.42
15384092,24.70,51.29,259.00,27.24,43.38
15414140,24.68,51.25,256.00,27.23,43.36
15444189,24.66,51.34,252.00,27.26,43.34
15474234,24.64,51.33,250.00,27.22,43.32
15504279,24.67,51.33,248.00,27.23,43.31
15534325,24.67,51.21,247.00,27.20,43.28
15564370,24.66,51.50,243.00,27.20,43.29
15594417,24.64,51.25,242.00,27.24,43.32
15624462,24.63,51.31,241.00,27.24,43.34
15654508,24.64,51.32,240.00,27.23,43.21
15684553,24.68,51.13,242.00,27.22,43.27
15714598,24.61,51.05,244.00,27.22,43.17
15744644,24.57,51.20,243.00,27.22,43.17
15774690,24.50,51.37,242.00,27.17,43.19
15804735,24.48,51.54,243.00,27.16,43.25
15834784,24.48,51.39,244.00,27.15,43.25
15864829,24.50,51.23,244.00,27.12,43.17
15894875,24.51,51.28,245.00,27.12,43.17
15924920,24.51,51.20,246.00,27.10,43.22
15954966,24.53,51.14,245.00,27.09,43.23
15985011,24.51,51.14,243.00,27.12,43.19
16015057,24.55,51.12,241.00,27.10,43.15
16045103,24.51,51.08,240.00,27.09,43.18
16075148,24.54,51.06,241.00,27.09,43.18
16105193,24.51,51.05,241.00,27.07,43.14
16135239,24.52,51.07,241.00,27.07,43.12
16165285,24.55,51.08,242.00,27.12,43.09
16195333,24.52,51.05,242.00,27.09,43.15
16225381,24.52,51.01,241.00,27.09,43.11
16255426,24.52,51.08,238.00,27.07,43.10
16285472,24.54,51.02,237.00,27.09,43.09
16315517,24.53,51.03,235.00,27.10,43.08
16345564,24.53,51.00,235.00,27.10,43.11
16375609,24.55,51.04,235.00,27.12,43.06
16405654,24.54,50.95,234.00,27.15,43.04
16435699,24.55,51.00,234.00,27.15,43.01
16465745,24.58,51.08,232.00,27.13,43.02
16495791,24.54,51.05,232.00,27.13,43.05
16525837,24.55,51.05,234.00,27.15,43.04
16555881,24.55,51.08,233.00,27.13,43.04
16585930,24.55,51.19,232.00,27.15,43.05
16615975,24.56,51.17,233.00,27.16,43.08
16646022,24.55,51.14,233.00,27.17,43.08
16676067,24.59,51.22,234.00,27.17,43.10
16706112,24.59,51.19,238.00,27.20,43.11
16736157,24.59,51.31,239.00,27.17,43.10
16766203,24.59,51.14,242.00,27.17,43.10
16796249,24.61,51.17,244.00,27.17,43.10
16826295,24.57,51.15,244.00,27.19,43.03
16856340,24.57,51.17,244.00,27.17,43.07
16886386,24.57,51.15,245.00,27.20,43.09
16916431,24.59,51.10,244.00,27.19,43.01
16946480,24.57,51.18,244.00,27.19,43.01
16976525,24.56,51.10,242.00,27.17,43.02
17006571,24.59,51.04,241.00,27.20,43.01
17036618,24.57,50.91,241.00,27.20,43.03
17066663,24.55,51.05,239.00,27.20,43.01
17096709,24.55,51.02,238.00,27.20,42.94
17126755,24.55,50.99,240.00,27.17,42.95
17156800,24.55,50.94,240.00,27.19,42.91
17186846,24.54,50.99,241.00,27.19,42.91
17216892,24.53,50.99,242.00,27.17,42.93
17246938,24.53,50.97,241.00,27.15,42.91
17276984,24.53,50.99,241.00,27.16,42.87
17307029,24.50,51.03,240.00,27.15,42.91
17337077,24.49,50.96,241.00,27.17,42.91
17367122,24.53,50.91,242.00,27.16,42.88
17397168,24.52,50.94,242.00,27.15,42.87
17427213,24.51,50.86,242.00,27.16,42.86
17457259,24.53,50.86,242.00,27.15,42.85
17487304,24.49,50.90,241.00,27.16,42.81
17517349,24.50,51.05,241.00,27.15,42.86
17547395,24.52,50.98,242.00,27.15,42.85
17577441,24.49,51.09,243.00,27.13,42.85
17607486,24.49,51.12,243.00,27.13,42.87
17637532,24.53,51.01,244.00,27.13,42.84
17667576,24.54,51.01,246.00,27.15,42.86
17697626,24.52,51.02,247.00,27.13,42.87
17727671,24.54,50.92,246.00,27.15,42.86
17757716,24.55,50.96,245.00,27.16,42.81
17787761,24.52,50.94,247.00,27.15,42.82
17817807,24.52,50.94,248.00,27.17,42.83
17847855,24.51,50.80,248.00,27.15,42.83
17877900,24.53,51.01,249.00,27.13,42.79
17907945,24.49,50.79,248.00,27.15,42.82
17937991,24.49,50.80,247.00,27.15,42.74
17968036,24.46,50.87,248.00,27.15,42.83
17998083,24.45,50.93,248.00,27.15,42.79
18028129,24.47,50.91,246.00,27.13,42.80
18058174,24.46,50.93,245.00,27.15,42.78
18088223,24.48,50.96,245.00,27.12,42.82
18118268,24.49,50.90,245.00,27.13,42.79
18148314,24.47,50.90,244.00,27.12,42.83
18178359,24.48,50.93,245.00,27.12,42.84
18208405,24.50,50.97,245.00,27.15,42.87
18238450,24.50,51.01,245.00,27.12,42.88
18268496,24.50,51.02,246.00,27.10,42.85
18298542,24.47,50.97,246.00,27.12,42.88
18328588,24.45,50.94,245.00,27.10,42.87
18358632,24.44,50.92,244.00,27.09,42.89
18388678,24.47,50.97,244.00,27.09,42.88
18418723,24.45,50.98,245.00,27.09,42.83
18448773,24.44,50.93,244.00,27.07,42.84
18478818,24.45,51.01,243.00,27.07,42.86
18508863,24.45,51.00,242.00,27.07,42.84
18538908,24.45,50.97,241.00,27.09,42.92
18568954,24.44,51.00,242.00,27.06,42.98
18599000,24.45,51.10,243.00,27.06,43.03
18629046,24.48,51.02,250.00,27.06,43.13
18659093,24.52,51.01,304.00,27.07,43.21
18689139,24.52,51.14,302.00,27.06,43.15
18719184,24.51,51.17,296.00,27.03,43.16
18749231,24.51,51.19,291.00,27.05,43.39
18779276,24.54,51.19,296.00,27.03,43.37
18809321,24.53,51.12,299.00,27.02,43.36
18839369,24.54,51.09,298.00,27.01,43.30
18869415,24.53,51.10,292.00,26.99,43.33
18899461,24.54,51.15,291.00,27.01,43.40
18929506,24.52,51.06,291.00,27.01,43.40
18959552,24.54,51.10,289.00,26.99,43.37
18989597,24.49,51.04,287.00,26.98,43.26
19019643,24.44,51.12,282.00,27.01,43.21
19049689,24.44,51.21,248.00,26.99,43.22
19079735,24.40,51.31,250.00,26.98,43.17
19109780,24.39,51.36,246.00,26.98,43.26
19139826,24.39,51.43,245.00,26.96,43.20
19169870,24.39,51.32,244.00,26.99,43.18
19199920,24.38,51.46,244.00,26.96,43.24
19229965,24.39,51.40,244.00,26.96,43.21
19260010,24.39,51.28,244.00,26.98,43.19
19290055,24.37,51.30,246.00,26.96,43.19
19320101,24.37,51.32,247.00,27.01,43.18
19350147,24.38,51.31,247.00,26.95,43.23
19380193,24.38,51.14,247.00,26.95,43.17
19410238,24.40,51.12,245.00,26.98,43.23
19440284,24.44,51.31,250.00,27.01,43.39
19470330,24.47,51.23,419.00,26.98,43.62
19500377,24.44,51.04,422.00,26.98,43.34
19530423,24.45,51.29,333.00,26.94,43.43
19560468,24.48,51.29,323.00,26.96,43.54
19590516,24.49,51.16,322.00,26.98,43.42
19620562,24.49,51.15,324.00,26.95,43.45
19650608,24.48,51.18,328.00,26.95,43.51
19680653,24.51,51.07,330.00,26.95,43.51
19710698,24.48,51.11,325.00,26.95,43.54
19740744,24.48,51.19,315.00,26.95,43.50
19770789,24.48,51.17,290.00,26.96,43.48
19800836,24.45,51.07,280.00,26.91,43.32
19830881,24.38,51.18,272.00,26.94,43.41
19860927,24.34,51.31,262.00,26.94,43.34
19890973,24.31,51.42,255.00,26.94,43.39
19921018,24.28,51.48,252.00,26.91,43.38
19951067,24.23,51.55,249.00,26.91,43.38
19981112,24.22,51.63,247.00,26.89,43.42
20011158,24.21,51.67,248.00,26.91,43.39
20041203,24.22,51.57,247.00,26.89,43.45
20071249,24.22,51.57,244.00,26.89,43.37
20101295,24.19,51.57,244.00,26.89,43.42
20131340,24.20,51.58,243.00,26.86,43.34
20161385,24.18,51.61,241.00,26.84,43.34
20191431,24.16,51.69,239.00,26.85,43.44
20221476,24.05,51.89,239.00,26.85,43.44
20251523,24.08,51.97,239.00,26.82,43.55
20281570,24.08,51.95,238.00,26.79,43.55
20311616,24.14,51.85,238.00,26.82,43.55
20341663,24.23,51.85,236.00,26.81,43.63
20371709,24.26,51.83,237.00,26.85,43.66
20401755,24.28,51.70,239.00,26.86,43.59
20431800,24.25,51.85,241.00,26.86,43.61
20461845,24.27,51.71,242.00,26.88,43.57
20491891,24.27,51.94,244.00,26.89,43.57
20521936,24.31,51.60,246.00,26.91,43.57
20551983,24.31,51.61,248.00,26.91,43.56
20582027,24.34,51.64,249.00,26.91,43.52
20612073,24.32,51.60,251.00,26.92,43.52
20642119,24.32,51.69,254.00,26.94,43.55
20672163,24.34,51.65,255.00,26.96,43.53
20702213,24.33,51.78,257.00,26.95,43.55
20732258,24.30,51.75,258.00,26.91,43.53
20762303,24.30,51.65,258.00,26.94,43.52
20792348,24.27,51.69,256.00,26.94,43.54
20822394,24.23,51.74,256.00,26.91,43.55
20852440,24.20,51.78,255.00,26.84,43.53
20882486,24.16,51.86,255.00,26.88,43.57
20912530,24.10,51.91,253.00,26.85,43.56
20942576,24.07,52.00,252.00,26.84,43.60
20972621,24.05,52.04,250.00,26.81,43.59
21002668,24.03,52.07,249.00,26.79,43.60
21032712,24.00,52.09,247.00,26.78,43.64
21062758,23.98,52.17,247.00,26.77,43.62
21092807,23.95,52.16,244.00,26.74,43.66
21122853,23.95,52.12,243.00,26.75,43.66
21152899,23.93,52.19,242.00,26.71,43.65
21182945,23.93,52.21,240.00,26.72,43.68
21212990,23.92,52.29,238.00,26.71,43.69
21243036,23.92,52.19,238.00,26.68,43.70
21273081,23.92,52.21,236.00,26.68,43.70
21303128,23.91,52.21,231.00,26.69,43.66
21333173,23.88,52.33,229.00,26.68,43.71
21363219,23.86,52.39,228.00,26.64,43.71
21393264,23.85,52.31,228.00,26.62,43.79
21423309,23.81,52.39,226.00,26.64,43.77
21453361,23.81,52.41,225.00,26.57,43.81
21483406,23.83,52.43,223.00,26.58,43.81
21513451,23.87,52.26,223.00,26.58,43.88
21543496,23.89,52.27,222.00,26.59,43.87
21573542,23.92,52.22,222.00,26.61,43.95
21603588,23.91,52.27,222.00,26.58,43.93
21633634,23.92,52.30,224.00,26.61,43.92
21663679,23.92,52.24,224.00,26.61,43.95
21693725,23.92,52.22,225.00,26.64,43.93
21723770,23.92,52.20,225.00,26.61,43.90
21753816,23.95,52.21,228.00,26.61,43.92
21783861,23.93,52.22,228.00,26.61,43.90
21813907,23.93,52.23,230.00,26.61,43.90
21843955,23.92,52.30,231.00,26.62,43.91
21874001,23.89,52.22,233.00,26.64,43.91
21904048,23.93,52.29,234.00,26.64,43.89
21934094,23.92,52.24,231.00,26.67,43.93
21964139,23.91,52.28,230.00,26.65,43.87
21994185,23.92,52.32,232.00,26.64,43.93
22024230,23.94,52.28,232.00,26.65,43.90
22054277,23.90,52.18,232.00,26.64,43.87
22084322,23.92,52.26,231.00,26.64,43.88
22114367,23.92,52.17,231.00,26.65,43.80
22144412,23.93,52.19,230.00,26.64,43.83
22174458,23.92,52.18,230.00,26.64,43.84
22204507,23.93,52.18,231.00,26.67,43.83
22234553,23.92,52.15,230.00,26.62,43.84
22264603,23.94,52.14,231.00,26.65,43.86
22294648,23.93,52.15,231.00,26.64,43.80
22324695,23.94,52.12,228.00,26.64,43.82
22354740,23.92,52.12,228.00,26.64,43.77
22384786,23.92,52.12,228.00,26.65,43.81
22414831,23.92,52.19,228.00,26.64,43.80
22444876,23.94,52.13,229.00,26.62,43.78
22474921,23.89,52.19,230.00,26.65,43.82
22504968,23.89,52.18,231.00,26.65,43.80
22535013,23.89,52.13,231.00,26.65,43.76
22565059,23.90,52.09,230.00,26.65,43.72
22595106,23.88,52.14,229.00,26.69,43.70
22625153,23.89,52.19,227.00,26.65,43.75
22655198,23.89,52.10,228.00,26.62,43.72
22685244,23.88,52.17,229.00,26.62,43.73
22715291,23.91,52.21,229.00,26.64,43.76
22745337,23.98,52.02,230.00,26.64,43.78
22775383,23.97,51.87,230.00,26.65,43.72
22805429,23.96,51.90,231.00,26.65,43.70
22835474,23.99,51.93,228.00,26.68,43.65
22865519,23.99,51.97,229.00,26.68,43.69
22895564,24.02,51.95,229.00,26.69,43.73
22925611,24.04,51.88,228.00,26.67,43.75
22955659,24.03,51.80,228.00,26.68,43.68
22985704,24.01,51.91,228.00,26.69,43.66
23015749,24.00,51.92,228.00,26.67,43.69
23045795,24.03,51.90,227.00,26.68,43.66
23075841,24.02,51.90,228.00,26.68,43.66
23105887,24.05,51.89,230.00,26.68,43.69
23135932,24.02,51.91,232.00,26.71,43.61
23165978,24.01,51.89,232.00,26.72,43.64
23196023,24.00,51.94,234.00,26.69,43.63
23226068,23.98,51.98,236.00,26.71,43.61
23256114,23.93,51.98,238.00,26.68,43.60
23286160,23.95,52.05,237.00,26.67,43.61
23316205,23.95,52.04,236.00,26.69,43.64
23346253,23.94,52.13,236.00,26.69,43.68
23376299,23.93,52.11,235.00,26.67,43.65
23406345,23.95,52.00,238.00,26.68,43.71
23436390,23.94,52.07,238.00,26.68,43.69
23466435,23.96,51.95,237.00,26.68,43.66
23496480,23.96,51.94,236.00,26.69,43.69
23526528,23.97,51.91,236.00,26.67,43.61
23556574,23.95,51.90,236.00,26.67,43.64
23586619,23.97,52.00,235.00,26.69,43.60
23616665,23.96,51.91,235.00,26.68,43.61
23646709,23.96,51.90,234.00,26.69,43.64
23676755,23.95,51.93,233.00,26.69,43.60
23706811,23.95,52.00,233.00,26.69,43.55
23736859,23.94,51.97,232.00,26.71,43.57
23766906,23.93,51.86,232.00,26.69,43.49
23796954,23.97,51.82,229.00,26.69,43.52
23827001,24.01,51.70,228.00,26.68,43.53
23857049,24.02,51.72,229.00,26.71,43.51
23887096,24.00,51.60,229.00,26.69,43.45
23917145,24.02,51.62,230.00,26.68,43.40
23947192,24.01,51.54,230.00,26.69,43.38
23977239,24.03,51.61,231.00,26.69,43.39
24007286,24.04,51.60,231.00,26.68,43.39
24037335,24.01,51.53,232.00,26.67,43.40
24067382,23.97,51.57,233.00,26.67,43.39
24097433,23.98,51.56,234.00,26.64,43.40
24127480,23.97,51.61,235.00,26.61,43.41
24157529,23.98,51.51,237.00,26.61,43.41
24187576,23.95,51.64,238.00,26.61,43.39
24217624,23.94,51.56,238.00,26.61,43.43
24247671,23.97,51.47,239.00,26.59,43.43
24277720,23.98,51.46,240.00,26.61,43.36
24307769,23.95,51.62,240.00,26.59,43.37
24337816,24.01,51.48,239.00,26.58,43.38
24367864,24.01,51.25,238.00,26.62,43.34
24397913,23.98,51.34,235.00,26.61,43.28
24427960,24.00,51.29,235.00,26.59,43.27
24458010,23.98,51.33,236.00,26.59,43.29
24488057,23.97,51.36,235.00,26.61,43.26
24518106,23.97,51.32,235.00,26.59,43.30
24548153,23.98,51.28,234.00,26.59,43.27
24578201,23.97,51.31,232.00,26.61,43.24
24608251,23.98,51.35,233.00,26.62,43.27
24638299,23.96,51.38,234.00,26.62,43.27
24668347,23.96,51.44,236.00,26.62,43.28
24698394,23.97,51.37,235.00,26.61,43.21
24728442,23.97,51.41,236.00,26.61,43.24
24758490,23.96,51.48,235.00,26.62,43.27
24788538,23.97,51.41,235.00,26.62,43.23
24818585,23.96,51.45,235.00,26.62,43.28
24848631,23.98,51.41,236.00,26.64,43.25
24878679,23.98,51.46,236.00,26.62,43.24
24908727,23.97,51.40,237.00,26.64,43.23
24938774,23.98,51.45,236.00,26.65,43.22
24968822,23.98,51.39,239.00,26.62,43.16
24998870,24.01,51.49,242.00,26.64,43.20
25028918,24.01,51.33,242.00,26.61,43.15
25058965,24.01,51.28,243.00,26.64,43.17
25089013,24.00,51.28,243.00,26.64,43.17
25119060,24.00,51.35,241.00,26.62,43.16
25149110,23.99,51.23,239.00,26.65,43.10
25179157,24.00,51.23,238.00,26.65,43.14
25209208,24.00,51.22,238.00,26.64,43.06
25239256,23.98,51.23,237.00,26.65,43.05
25269304,23.99,51.29,237.00,26.64,43.01
25299351,23.99,51.28,236.00,26.64,43.01
25329399,23.95,51.08,235.00,26.65,43.05
25359447,23.97,51.19,235.00,26.67,43.01
25389495,23.95,51.14,232.00,26.64,42.97
25419542,23.95,51.05,233.00,26.62,42.94
25449590,23.97,51.16,233.00,26.62,42.89
25479638,23.97,51.02,231.00,26.61,42.93
25509686,23.94,50.97,232.00,26.64,42.93
25539733,23.95,50.95,232.00,26.64,42.89
25569783,23.95,50.91,232.00,26.64,42.85
25599832,23.95,50.93,232.00,26.64,42.76
25629879,23.96,50.85,234.00,26.62,42.80
25659927,23.95,50.95,232.00,26.61,42.72
25689974,23.95,50.96,233.00,26.64,42.69
25720023,23.94,50.79,233.00,26.62,42.72
25750070,23.96,50.69,234.00,26.62,42.62
25780118,23.98,50.89,236.00,26.64,42.56
25810165,23.97,50.69,238.00,26.65,42.58
25840214,23.97,50.65,238.00,26.65,42.50
25870261,23.98,50.55,238.00,26.65,42.42
25900309,23.96,50.52,239.00,26.62,42.43
25930356,23.95,50.45,239.00,26.67,42.41
25960409,23.94,50.34,238.00,26.65,42.31
25990456,23.94,50.35,239.00,26.62,42.28
26020504,23.92,50.41,238.00,26.62,42.30
26050551,23.92,50.34,239.00,26.62,42.24
26080600,23.92,50.39,240.00,26.64,42.27
26110647,23.90,50.40,240.00,26.61,42.31
26140695,23.90,50.32,242.00,26.61,42.28
26170742,23.93,50.37,241.00,26.64,42.28
26200791,23.93,50.31,242.00,26.59,42.21
26230838,23.93,50.33,241.00,26.61,42.22
26260886,23.93,50.29,241.00,26.59,42.23
26290933,23.92,50.28,241.00,26.61,42.22
26320985,23.92,50.28,241.00,26.59,42.20
26351032,23.95,50.21,242.00,26.59,42.20
26381079,23.95,50.13,243.00,26.59,42.16
26411127,23.96,50.05,242.00,26.59,42.17
26441175,23.94,50.00,243.00,26.62,42.11
26471223,23.95,49.97,244.00,26.59,42.14
26501270,23.93,49.99,245.00,26.59,42.12
26531317,23.94,50.01,246.00,26.55,42.05
26561364,23.94,50.03,247.00,26.58,42.18
26591413,23.90,50.13,248.00,26.58,42.14
26621460,23.88,50.06,249.00,26.57,42.07
26651508,23.88,50.05,248.00,26.57,42.06
26681554,23.89,50.02,247.00,26.54,42.03
26711606,23.87,50.04,246.00,26.55,42.00
26741653,23.83,49.95,247.00,26.54,41.99
26771703,23.88,50.00,246.00,26.52,41.97
26801751,23.84,49.95,247.00,26.54,41.94
26831798,23.86,49.92,247.00,26.55,41.91
26861845,23.86,50.02,248.00,26.54,41.90
26891893,23.88,49.85,250.00,26.51,41.85
26921940,23.88,49.88,249.00,26.52,41.80
26951989,23.93,49.93,248.00,26.58,41.79
26982036,23.92,49.51,247.00,26.55,41.79
27012084,23.91,49.65,246.00,26.55,41.79
27042131,23.93,49.68,246.00,26.61,41.66
27072182,23.95,49.72,248.00,26.59,41.70
27102229,23.95,49.66,249.00,26.57,41.62
27132277,23.95,49.49,249.00,26.61,41.59
27162324,23.96,49.29,248.00,26.61,41.55
27192372,23.99,49.33,247.00,26.64,41.43
27222420,23.99,49.33,246.00,26.64,41.45
27252467,23.97,49.23,246.00,26.62,41.36
27282515,23.98,49.17,244.00,26.64,41.32
27312563,23.97,49.14,244.00,26.65,41.22
27342611,23.98,49.17,243.00,26.64,41.19
27372658,23.95,49.01,243.00,26.67,41.11
27402706,23.92,49.14,243.00,26.67,41.06
27432754,23.92,49.13,243.00,26.68,40.97
27462805,23.96,48.99,243.00,26.67,40.93
27492852,23.96,48.81,242.00,26.68,40.94
27522900,23.95,48.81,241.00,26.68,40.98
27552948,23.98,48.77,240.00,26.68,40.84
27582997,23.97,48.81,241.00,26.71,40.84
27613045,24.00,48.83,242.00,26.69,40.71
27643092,24.00,48.63,242.00,26.71,40.80
27673140,24.02,48.51,246.00,26.68,40.58
27703188,23.95,48.30,247.00,26.72,40.47
27733235,23.98,48.29,246.00,26.69,40.41
27763283,23.96,48.07,245.00,26.72,40.29
27793331,23.94,48.16,243.00,26.71,40.19
27823382,23.94,48.13,242.00,26.69,40.13
27853429,23.96,48.19,240.00,26.68,40.11
27883478,23.96,47.95,238.00,26.69,40.06
27913525,23.98,47.95,238.00,26.68,40.07
27943573,23.97,47.83,236.00,26.71,39.95
27973620,23.98,47.87,234.00,26.72,39.97
28003668,23.97,47.75,235.00,26.71,39.97
28033719,24.00,47.90,234.00,26.72,39.82
28063766,23.99,47.70,234.00,26.69,39.78
28093814,23.96,47.77,234.00,26.71,39.73
28123862,23.95,47.60,234.00,26.72,39.61
28153910,23.94,47.51,233.00,26.69,39.54
28183957,23.93,47.44,232.00,26.71,39.52
28214008,23.92,47.52,232.00,26.69,39.49
28244056,23.93,47.39,233.00,26.69,39.47
28274104,23.92,47.35,234.00,26.69,39.41
28304151,23.89,47.44,234.00,26.67,39.38
28334199,23.88,47.36,236.00,26.69,39.36
28364247,23.92,47.20,236.00,26.65,39.29
28394296,23.89,47.09,235.00,26.67,39.25
28424344,23.89,46.80,234.00,26.67,39.31
28454391,23.89,47.02,236.00,26.65,39.15
28484439,23.91,47.25,239.00,26.64,39.26
28514487,23.88,47.03,241.00,26.61,39.17
28544534,23.91,46.81,241.00,26.62,39.13
28574585,23.89,46.82,241.00,26.61,39.11
28604633,23.87,46.96,241.00,26.61,39.11
28634681,23.89,46.93,239.00,26.61,39.09
28664728,23.91,46.75,240.00,26.61,39.08
28694776,23.91,46.97,237.00,26.62,38.99
28724824,23.89,47.02,235.00,26.61,39.03
28754872,23.89,46.68,236.00,26.61,38.99
28784919,23.88,46.86,236.00,26.61,38.94
28814967,23.88,46.68,237.00,26.59,38.93
28845015,23.85,46.78,239.00,26.61,38.95
28875063,23.85,46.74,239.00,26.64,38.86
28905111,23.83,46.51,239.00,26.62,38.90
28935158,23.83,46.90,238.00,26.62,38.85
28965209,23.83,46.81,236.00,26.65,38.89
28995256,23.86,46.78,237.00,26.64,38.90
29025304,23.87,46.66,240.00,26.61,38.89
29055351,23.88,46.52,241.00,26.61,38.83
29085400,23.85,46.55,241.00,26.61,38.80
29115447,23.85,46.39,240.00,26.64,38.85
29145495,23.83,46.60,241.00,26.64,38.81
29175542,23.83,46.62,240.00,26.61,38.82
29205593,23.81,46.58,240.00,26.58,38.85
29235640,23.83,46.59,241.00,26.59,38.85
29265688,23.82,46.56,240.00,26.59,38.85
29295735,23.83,46.52,240.00,26.57,38.84
29325786,23.83,46.49,239.00,26.57,38.85
29355833,23.82,46.62,238.00,26.58,38.88
29385881,23.81,46.56,238.00,26.55,38.88
29415928,23.81,46.63,239.00,26.57,38.89
29445977,23.80,46.57,237.00,26.55,38.88
29476024,23.81,46.57,239.00,26.54,38.89
29506071,23.79,46.54,239.00,26.54,38.85
29536118,23.81,46.53,239.00,26.54,38.88
29566167,23.79,46.57,240.00,26.52,38.85
29596214,23.80,46.52,239.00,26.52,38.86
29626262,23.81,46.52,238.00,26.52,38.89
29656309,23.83,46.56,237.00,26.51,38.90
29686358,23.82,46.64,238.00,26.50,38.93
29716407,23.80,46.63,240.00,26.52,38.87
29746455,23.84,46.67,241.00,26.54,38.89
29776502,23.80,46.66,240.00,26.52,38.93
29806550,23.84,46.60,241.00,26.54,38.89
29836598,23.85,46.62,241.00,26.51,38.91
29866645,23.85,46.72,241.00,26.52,38.87
29896693,23.85,46.56,240.00,26.51,38.91
29926739,23.85,46.61,240.00,26.54,38.94
29956788,23.82,46.59,240.00,26.51,38.89
29986835,23.84,46.59,241.00,26.54,38.93
30016885,23.83,46.57,240.00,26.51,38.87
30046932,23.83,46.46,240.00,26.54,38.85
30076984,23.83,46.57,238.00,26.55,38.90
30107031,23.83,46.52,238.00,26.52,38.86
30137079,23.83,46.41,239.00,26.52,38.89
30167127,23.81,46.51,242.00,26.52,38.86
30197175,23.79,46.42,243.00,26.51,38.83
30227222,23.80,46.36,243.00,26.52,38.82
30257270,23.79,46.48,244.00,26.50,38.76
30287318,23.83,46.53,245.00,26.48,38.79
30317366,23.80,46.52,244.00,26.51,38.84
30347413,23.83,46.41,244.00,26.47,38.82
30377461,23.81,46.47,245.00,26.52,38.87
30407508,23.79,46.39,245.00,26.48,38.79
30437556,23.80,46.38,246.00,26.47,38.76
30467606,23.78,46.43,244.00,26.48,38.73
30497654,23.80,46.38,243.00,26.47,38.80
30527702,23.78,46.45,241.00,26.47,38.76
30557750,23.79,46.40,242.00,26.47,38.75
30587798,23.76,46.28,242.00,26.48,38.76
30617845,23.80,46.22,242.00,26.46,38.74
30647894,23.79,46.28,243.00,26.43,38.73
30677941,23.79,46.26,241.00,26.47,38.74
30707989,23.79,46.23,240.00,26.44,38.63
30738036,23.76,46.27,240.00,26.47,38.69
30768084,23.78,46.28,239.00,26.46,38.67
30798132,23.78,46.23,239.00,26.47,38.65
30828184,23.77,46.21,241.00,26.44,38.64
30858231,23.78,46.10,240.00,26.46,38.59
30888280,23.75,46.11,240.00,26.44,38.59
30918327,23.76,46.13,240.00,26.46,38.52
30948375,23.76,46.13,240.00,26.46,38.54
30978422,23.75,46.05,240.00,26.47,38.56
31008471,23.80,46.16,240.00,26.48,38.51
31038518,23.83,46.04,242.00,26.46,38.46
31068566,23.80,45.97,243.00,26.43,38.49
31098613,23.81,45.97,244.00,26.47,38.43
31128662,23.82,45.86,245.00,26.46,38.40
31158709,23.80,45.91,245.00,26.47,38.32
31188757,23.80,45.83,244.00,26.48,38.35
31218806,23.81,45.84,242.00,26.46,38.31
31248855,23.78,45.87,241.00,26.48,38.35
31278902,23.82,45.85,240.00,26.46,38.33
31308950,23.81,45.78,240.00,26.47,38.32
31338997,23.81,45.94,240.00,26.47,38.30
31369046,23.80,45.81,240.00,26.46,38.33
31399094,23.83,45.80,241.00,26.47,38.33
31429141,23.78,45.83,240.00,26.46,38.29
31459189,23.79,45.82,241.00,26.47,38.31
31489236,23.79,45.78,240.00,26.46,38.31
31519285,23.77,45.85,242.00,26.47,38.30
31549332,23.80,45.83,244.00,26.46,38.29
31579383,23.79,45.77,243.00,26.44,38.29
31609431,23.81,45.78,242.00,26.47,38.32
31639480,23.81,45.91,243.00,26.46,38.29
31669527,23.81,45.83,243.00,26.47,38.26
31699575,23.82,45.65,242.00,26.47,38.22
31729623,23.77,45.72,242.00,26.47,38.19
31759671,23.77,46.07,241.00,26.47,38.21
31789718,23.76,45.98,242.00,26.50,38.21
31819766,23.80,45.81,246.00,26.51,38.22
31849814,23.79,45.68,246.00,26.50,38.16
31879862,23.80,45.66,248.00,26.51,38.14
31909909,23.80,45.60,247.00,26.48,38.08
31939957,23.77,45.66,247.00,26.47,38.06
31970008,23.78,45.75,245.00,26.48,38.12
32000056,23.79,45.69,245.00,26.48,38.16
32030104,23.80,45.72,243.00,26.50,38.19
32060151,23.79,45.63,244.00,26.47,38.15
32090200,23.80,45.75,244.00,26.47,38.13
32120247,23.79,45.68,245.00,26.47,38.15
32150295,23.80,45.68,245.00,26.48,38.17
32180342,23.77,45.72,244.00,26.50,38.18
32210390,23.75,45.67,244.00,26.47,38.11
32240437,23.76,45.69,243.00,26.47,38.13
32270485,23.75,45.66,242.00,26.48,38.06
32300532,23.72,45.60,239.00,26.46,38.05
32330584,23.71,45.55,240.00,26.47,38.09
32360631,23.70,45.55,237.00,26.46,38.02
32390679,23.75,45.50,236.00,26.46,38.01
32420726,23.73,45.49,238.00,26.44,37.98
32450776,23.71,45.46,238.00,26.44,38.01
32480823,23.71,45.47,238.00,26.44,37.98
32510871,23.70,45.43,236.00,26.46,38.01
32540918,23.72,45.45,236.00,26.44,37.90
32570967,23.72,45.40,234.00,26.43,37.92
32601014,23.75,45.31,236.00,26.41,37.89
32631061,23.73,45.25,237.00,26.43,37.89
32661108,23.72,45.23,238.00,26.40,37.91
32691156,23.72,45.26,239.00,26.40,37.90
32721207,23.70,45.32,240.00,26.37,37.90
32751255,23.70,45.29,239.00,26.36,37.95
32781302,23.66,45.47,238.00,26.34,37.89
32811350,23.70,45.37,237.00,26.36,37.92
32841398,23.72,45.35,236.00,26.36,37.99
32871445,23.68,45.33,236.00,26.36,37.93
32901493,23.68,45.34,235.00,26.36,37.97
32931540,23.66,45.35,234.00,26.33,37.96
32961589,23.65,45.37,233.00,26.33,38.01
32991636,23.65,45.43,232.00,26.33,38.00
33021683,23.64,45.46,233.00,26.33,37.98
33051730,23.63,45.44,234.00,26.36,37.97
33081782,23.66,45.49,236.00,26.33,37.97
33111829,23.66,45.44,236.00,26.34,38.02
33141877,23.65,45.29,237.00,26.33,37.97
33171924,23.64,45.45,240.00,26.31,37.97
33201973,23.61,45.49,241.00,26.31,38.00
33232020,23.60,45.46,241.00,26.31,38.01
33262069,23.57,45.58,241.00,26.31,38.00
33292118,23.54,45.58,240.00,26.30,38.01
33322166,23.53,45.51,240.00,26.26,38.08
33352213,23.52,45.48,241.00,26.26,38.02
33382261,23.54,45.42,241.00,26.21,38.02
33412308,23.49,45.39,242.00,26.21,38.04
33442357,23.48,45.46,242.00,26.16,38.04
33472406,23.46,45.46,242.00,26.14,38.08
33502454,23.44,45.54,242.00,26.14,38.12
33532502,23.42,45.55,243.00,26.11,38.10
33562550,23.45,45.57,244.00,26.11,38.05
33592597,23.46,45.53,243.00,26.13,38.13
33622645,23.49,45.35,241.00,26.07,38.12
33652696,23.48,45.35,239.00,26.09,38.03
33682743,23.49,45.45,240.00,26.09,38.00
33712791,23.50,45.35,239.00,26.10,38.06
33742838,23.51,45.26,238.00,26.09,38.02
33772887,23.49,45.28,237.00,26.09,38.08
33802934,23.50,45.27,236.00,26.09,38.05
33832984,23.48,45.20,239.00,26.09,38.08
33863031,23.45,45.25,238.00,26.09,38.05
33893080,23.46,45.23,238.00,26.06,38.05
33923127,23.39,45.27,239.00,26.03,37.99
33953175,23.41,45.30,239.00,26.03,38.03
33983222,23.41,45.32,240.00,26.01,37.99
34013271,23.35,45.40,241.00,26.01,37.96
34043318,23.38,45.35,242.00,26.00,38.02
34073368,23.40,45.31,241.00,26.00,38.01
34103415,23.40,45.38,241.00,26.00,38.04
34133464,23.41,45.43,241.00,26.00,37.97
34163511,23.42,45.24,239.00,26.00,38.00
34193559,23.43,45.17,240.00,26.00,37.99
34223608,23.41,45.23,241.00,26.00,37.99
34253657,23.42,45.30,243.00,26.00,38.04
34283704,23.48,45.29,247.00,26.01,38.13
34313752,23.48,45.04,252.00,26.01,38.02
34343799,23.49,45.20,255.00,26.01,37.94
34373848,23.48,45.02,254.00,26.03,38.03
34403895,23.46,45.02,254.00,26.01,37.96
34433943,23.48,44.98,253.00,26.00,38.00
34463990,23.48,45.03,254.00,26.01,37.94
34494039,23.50,44.87,255.00,26.03,37.87
34524087,23.49,44.87,253.00,26.03,37.85
34554134,23.47,44.93,250.00,26.04,37.85
34584184,23.46,44.87,247.00,26.04,37.79
34614232,23.45,44.94,245.00,26.04,37.79
34644280,23.40,44.93,244.00,26.06,37.79
34674327,23.41,45.03,242.00,26.04,37.79
34704375,23.38,45.01,242.00,26.04,37.76
34734423,23.37,45.06,242.00,26.03,37.80
34764471,23.40,45.12,246.00,26.03,37.82
34794518,23.32,45.12,248.00,26.00,37.85
34824566,23.29,45.17,248.00,25.97,37.85
34854614,23.25,45.30,249.00,25.96,37.85
34884664,23.25,45.22,249.00,25.95,37.89
34914711,23.24,45.18,248.00,25.92,37.92
34944759,23.22,45.30,250.00,25.90,37.89
34974810,23.21,45.21,250.00,25.92,37.90
35004858,23.18,45.33,253.00,25.89,37.87
35034905,23.22,45.26,252.00,25.87,37.91
35064953,23.26,45.19,250.00,25.87,37.96
35095001,23.25,45.07,252.00,25.86,37.91
35125049,23.24,45.20,254.00,25.86,37.91
35155096,23.26,45.13,255.00,25.86,37.96
35185144,23.29,45.06,256.00,25.86,37.92
35215192,23.31,44.92,257.00,25.89,37.96
35245240,23.34,44.92,260.00,25.86,37.90
35275287,23.33,44.90,260.00,25.86,37.92
35305335,23.35,44.86,259.00,25.87,37.87
35335385,23.32,44.86,257.00,25.90,37.82
35365433,23.31,44.94,256.00,25.83,37.84
35395481,23.32,44.98,255.00,25.85,37.80
35425528,23.34,45.01,265.00,25.86,38.01
35455577,23.34,44.89,310.00,25.85,37.93
35485624,23.35,45.14,305.00,25.86,38.24
35515672,23.39,44.86,317.00,25.86,37.93
35545719,23.39,45.01,317.00,25.86,38.18
35575767,23.41,44.95,319.00,25.87,38.04
35605814,23.40,44.87,315.00,25.86,37.90
35635862,23.36,45.04,303.00,25.83,37.98
35665909,23.34,44.94,295.00,25.86,37.99
35695960,23.33,45.21,290.00,25.82,37.94
35726010,23.31,45.12,292.00,25.83,38.19
35756058,23.32,45.17,297.00,25.83,38.00
35786105,23.31,45.10,298.00,25.82,38.01
35816153,23.29,45.20,296.00,25.79,38.01
35846200,23.31,45.38,292.00,25.79,38.20
35876248,23.22,45.26,291.00,25.78,38.08
35906295,23.22,45.32,288.00,25.76,38.16
35936344,23.22,45.45,285.00,25.75,38.11
35966391,23.23,45.44,284.00,25.76,38.28
35996438,23.23,45.39,284.00,25.73,38.25
36026486,23.24,45.40,283.00,25.73,38.23
36056534,23.27,45.37,281.00,25.73,38.23
36086585,23.27,45.42,279.00,25.73,38.27
36116632,23.27,45.66,279.00,25.73,38.26
36146680,23.26,45.45,282.00,25.76,38.30
36176728,23.23,45.59,284.00,25.73,38.27
36206776,23.21,45.58,282.00,25.75,38.34
36236823,23.16,45.69,279.00,25.73,38.28
36266871,23.16,45.63,275.00,25.72,38.31
36296919,23.14,45.67,272.00,25.69,38.37
36326967,23.09,45.67,271.00,25.69,38.35
36357014,23.08,45.87,270.00,25.69,38.35
36387062,23.06,45.89,269.00,25.65,38.35
36417110,23.06,45.82,268.00,25.65,38.34
36447158,23.09,45.93,265.00,25.62,38.43
36477207,23.09,46.03,269.00,25.65,38.53
36507257,23.09,45.83,279.00,25.65,38.52
36537305,23.13,45.85,285.00,25.65,38.68
36567354,23.13,45.67,286.00,25.64,38.48
36597401,23.12,45.69,281.00,25.65,38.46
36627449,23.06,45.82,277.00,25.62,38.44
36657498,22.98,45.97,271.00,25.64,38.49
36687545,22.95,46.04,268.00,25.58,38.54
36717593,22.95,46.01,265.00,25.59,38.52
36747640,22.95,46.01,264.00,25.58,38.55
36777688,22.94,45.97,265.00,25.58,38.51
36807736,22.98,46.08,265.00,25.58,38.51
36837786,23.01,46.02,265.00,25.59,38.50
36867833,23.01,45.90,264.00,25.62,38.47
36897882,23.03,45.92,263.00,25.62,38.43
36927929,23.01,45.73,262.00,25.64,38.43
36957977,23.02,45.75,263.00,25.62,38.40
36988024,23.06,45.73,264.00,25.66,38.34
37018073,23.09,45.49,264.00,25.64,38.27
37048120,23.04,45.48,264.00,25.64,38.24
37078168,23.02,45.46,261.00,25.61,38.19
37108215,23.05,45.40,260.00,25.62,38.22
37138264,23.05,45.36,259.00,25.62,38.13
37168311,23.06,45.17,260.00,25.61,38.05
37198359,23.09,45.19,261.00,25.61,38.13
37228409,23.10,45.10,262.00,25.62,38.02
37258457,23.04,45.12,262.00,25.59,37.96
37288505,23.05,45.06,259.00,25.64,37.98
37318554,23.04,45.02,259.00,25.62,37.94
37348602,23.06,44.98,256.00,25.61,37.88
37378650,23.03,45.09,256.00,25.62,37.91
37408698,23.01,44.86,259.00,25.61,37.87
37438745,23.02,44.87,260.00,25.61,37.81
37468793,22.95,44.89,258.00,25.58,37.81
37498841,22.91,44.99,258.00,25.57,37.80
37528889,22.91,44.99,256.00,25.57,37.78
37558936,22.86,44.97,255.00,25.55,37.75
37588987,22.85,44.97,255.00,25.52,37.80
37619035,22.77,45.05,254.00,25.52,37.74
37649083,22.70,45.27,252.00,25.45,37.75
37679130,22.74,45.30,251.00,25.46,37.83
37709178,22.79,45.00,252.00,25.42,37.73
37739226,22.76,45.02,254.00,25.44,37.79
37769274,22.76,44.97,255.00,25.41,37.73
37799321,22.67,45.16,254.00,25.38,37.79
37829368,22.62,45.22,252.00,25.37,37.79
37859417,22.63,45.13,250.00,25.34,37.78
37889464,22.70,45.14,251.00,25.34,37.80
37919512,22.71,45.11,248.00,25.35,37.78
37949559,22.71,45.10,249.00,25.35,37.75
37979611,22.75,45.02,249.00,25.38,37.81
38009658,22.82,44.92,251.00,25.37,37.78
38039706,22.85,45.03,253.00,25.39,37.73
38069753,22.90,44.79,253.00,25.42,37.73
38099802,22.93,44.78,255.00,25.44,37.74
38129851,22.94,44.86,256.00,25.45,37.71
38159899,23.00,44.64,257.00,25.48,37.70
38189946,23.01,44.54,258.00,25.48,37.66
38219995,23.03,44.56,258.00,25.51,37.65
38250042,23.02,44.62,259.00,25.51,37.61
38280090,23.03,44.56,258.00,25.52,37.54
38310137,23.02,44.42,258.00,25.54,37.49
38340189,23.01,44.43,257.00,25.54,37.46
38370236,22.97,44.46,257.00,25.54,37.49
38400283,22.97,44.40,256.00,25.57,37.39
38430330,22.99,44.27,257.00,25.57,37.49
38460379,23.01,44.35,258.00,25.55,37.38
38490426,23.02,44.21,260.00,25.58,37.34
38520474,23.01,44.34,260.00,25.55,37.32
38550522,23.02,44.35,259.00,25.57,37.27
38580570,22.98,44.20,258.00,25.58,37.24
38610617,22.97,44.29,256.00,25.61,37.22
38640664,22.99,44.31,256.00,25.59,37.22
38670712,22.99,44.26,257.00,25.57,37.22
38700760,22.98,44.16,258.00,25.58,37.18
38730810,23.00,44.10,259.00,25.59,37.12
38760857,23.02,44.02,259.00,25.59,37.07
38790905,23.00,44.10,261.00,25.61,37.08
38820953,23.01,44.10,262.00,25.61,37.07
38851001,23.02,43.91,262.00,25.61,37.03
38881048,23.02,43.95,261.00,25.62,36.99
38911096,23.03,43.94,260.00,25.62,36.91
38941144,23.02,44.12,258.00,25.62,36.94
38971193,23.04,43.91,258.00,25.65,36.90
39001241,23.05,44.10,258.00,25.64,36.93
39031288,23.06,43.83,258.00,25.65,36.90
39061336,23.05,43.80,260.00,25.68,36.85
39091387,23.05,43.74,261.00,25.66,36.84
39121434,23.05,43.78,260.00,25.66,36.79
39151481,23.05,43.75,261.00,25.66,36.74
39181530,23.10,43.90,261.00,25.70,36.80
39211577,23.08,43.72,261.00,25.69,36.79
39241625,23.07,43.88,261.00,25.68,36.72
39271672,23.05,43.73,260.00,25.66,36.84
39301721,23.05,43.73,261.00,25.68,36.74
39331768,23.06,43.80,261.00,25.68,36.74
39361816,23.05,43.83,259.00,25.70,36.80
39391863,23.02,43.76,258.00,25.69,36.76
39421912,23.02,43.75,256.00,25.66,36.72
39451959,23.01,43.71,255.00,25.68,36.75
39482010,23.04,43.77,255.00,25.66,36.72
39512057,23.03,43.80,255.00,25.64,36.73
39542106,23.00,43.87,255.00,25.65,36.77
39572153,23.03,43.78,255.00,25.64,36.71
39602201,23.03,43.89,255.00,25.68,36.84
39632248,23.03,44.00,255.00,25.66,36.75
39662297,23.08,43.84,256.00,25.68,36.76
39692344,23.09,43.99,258.00,25.69,36.75
39722392,23.10,43.80,261.00,25.70,36.74
39752439,23.09,43.76,261.00,25.69,36.74
39782489,23.08,43.74,262.00,25.70,36.73
39812537,23.07,43.64,263.00,25.69,36.66
39842587,23.08,43.60,262.00,25.70,36.61
39872635,23.09,43.67,263.00,25.70,36.69
39902683,23.08,43.79,262.00,25.72,36.68
39932731,23.09,43.76,260.00,25.70,36.65
39962778,23.09,44.18,260.00,25.73,36.69
39992826,23.10,43.86,261.00,25.69,36.65
40022874,23.06,43.70,261.00,25.70,36.65
40052922,23.08,43.73,259.00,25.72,36.61
40082969,23.10,43.90,257.00,25.72,36.61
40113017,23.10,44.36,256.00,25.70,36.62
40143065,23.13,44.39,258.00,25.73,36.64
40173113,23.14,43.96,258.00,25.72,36.72
40203160,23.14,43.82,259.00,25.73,36.66
40233206,23.13,43.71,259.00,25.76,36.58
40263254,23.15,44.08,260.00,25.76,36.64
40293302,23.15,43.84,261.00,25.75,36.59
40323349,23.15,43.72,262.00,25.76,36.56
40353397,23.17,44.65,260.00,25.79,36.57
40383444,23.16,44.02,260.00,25.78,36.59
40413493,23.15,44.12,262.00,25.79,36.57
40443543,23.17,43.87,265.00,25.78,36.52
40473590,23.15,43.91,267.00,25.79,36.50
40503639,23.14,43.74,267.00,25.80,36.55
40533686,23.14,43.65,266.00,25.79,36.53
40563734,23.13,43.60,267.00,25.83,36.48
40593785,23.11,43.61,266.00,25.82,36.52
40623834,23.11,43.46,264.00,25.79,36.42
40653881,23.13,43.53,262.00,25.78,36.46
40683929,23.11,43.50,261.00,25.76,36.47
40713976,23.09,43.64,257.00,25.76,36.46
40744025,23.09,43.63,255.00,25.79,36.45
40774072,23.09,43.54,257.00,25.76,36.46
40804120,23.12,43.49,256.00,25.73,36.40
40834167,23.10,43.42,257.00,25.76,36.42
40864216,23.09,43.40,256.00,25.76,36.41
40894263,23.11,43.48,255.00,25.73,36.40
40924311,23.09,43.39,254.00,25.75,36.38
40954361,23.12,43.32,251.00,25.76,36.41
40984410,23.10,43.39,250.00,25.75,36.39
41014457,23.08,43.45,249.00,25.73,36.43
41044505,23.11,43.45,249.00,25.73,36.37
41074552,23.10,43.43,248.00,25.75,36.38
41104601,23.11,43.43,248.00,25.76,36.39
41134648,23.13,43.41,249.00,25.75,36.37
41164696,23.14,43.32,250.00,25.78,36.37
41194743,23.14,43.36,251.00,25.76,36.36
41224791,23.14,43.20,249.00,25.76,36.29
41254839,23.13,43.31,249.00,25.79,36.25
41284886,23.15,43.30,249.00,25.78,36.27
41314934,23.15,43.35,248.00,25.78,36.23
41344985,23.17,43.38,249.00,25.79,36.30
41375033,23.15,43.22,249.00,25.79,36.28
41405081,23.14,43.17,250.00,25.79,36.27
41435129,23.17,43.12,250.00,25.79,36.24
41465177,23.18,43.22,250.00,25.82,36.14
41495225,23.17,43.12,250.00,25.79,36.16
41525272,23.17,43.05,251.00,25.79,36.22
41555320,23.18,43.01,250.00,25.78,36.11
41585368,23.17,43.02,250.00,25.78,36.12
41615415,23.18,43.20,251.00,25.78,36.12
41645462,23.15,43.10,250.00,25.73,36.16
41675510,23.15,42.98,249.00,25.76,36.14
41705561,23.15,43.11,248.00,25.78,36.19
41735609,23.18,43.06,247.00,25.75,36.15
41765656,23.18,43.10,245.00,25.79,36.10
41795703,23.19,43.13,245.00,25.76,36.09
41825751,23.21,43.10,245.00,25.78,36.10
41855799,23.22,42.93,245.00,25.78,36.14
41885847,23.21,43.00,244.00,25.80,36.11
41915894,23.21,43.05,247.00,25.83,36.13
41945942,23.20,43.00,247.00,25.82,36.06
41975989,23.22,42.97,246.00,25.82,36.08
42006037,23.21,42.95,247.00,25.86,36.03
42036084,23.25,42.85,250.00,25.85,36.05
42066132,23.23,42.89,249.00,25.85,35.99
42096182,23.25,42.82,249.00,25.85,36.01
42126230,23.23,43.06,249.00,25.86,35.95
42156277,23.22,42.89,249.00,25.82,36.04
42186326,23.19,42.88,248.00,25.83,36.01
42216375,23.19,42.92,249.00,25.83,35.96
42246423,23.19,42.75,249.00,25.80,35.96
42276471,23.22,42.92,248.00,25.82,35.91
42306519,23.23,42.83,246.00,25.80,35.92
42336566,23.23,42.85,246.00,25.85,35.90
42366614,23.28,42.70,255.00,25.85,36.09
42396661,23.33,42.58,333.00,25.83,36.08
42426710,23.38,42.66,328.00,25.83,36.01
42456760,23.33,42.61,314.00,25.83,35.95
42486807,23.36,42.61,304.00,25.86,35.87
42516855,23.33,42.58,299.00,25.86,36.00
42546903,23.38,42.51,296.00,25.86,35.91
42576951,23.38,42.50,294.00,25.87,35.94
42606998,23.42,42.32,296.00,25.82,35.88
42637046,23.42,42.29,296.00,25.85,35.85
42667094,23.45,42.13,298.00,25.86,35.95
42697142,23.45,41.91,306.00,25.86,35.95
42727189,23.47,41.92,319.00,25.85,35.82
42757237,23.48,41.98,324.00,25.83,35.71
42787284,23.44,42.10,314.00,25.83,35.65
42817333,23.41,42.10,278.00,25.87,35.69
42847382,23.42,42.16,270.00,25.83,35.56
42877430,23.42,42.19,276.00,25.86,35.81
42907478,23.44,42.16,279.00,25.87,35.68
42937526,23.42,42.02,275.00,25.86,35.59
42967573,23.40,42.10,269.00,25.90,35.63
42997621,23.40,42.15,266.00,25.86,35.60
43027671,23.42,42.16,265.00,25.87,35.76
43057719,23.40,42.05,268.00,25.86,35.61
43087767,23.42,42.08,267.00,25.86,35.54
43117814,23.43,42.07,265.00,25.86,35.54
43147863,23.39,42.07,263.00,25.86,35.61
43177910,23.40,42.17,261.00,25.87,35.52
43207960,23.40,42.12,257.00,25.86,35.60
43238007,23.39,42.22,255.00,25.89,35.59
43268056,23.38,42.25,255.00,25.90,35.54
43298103,23.38,42.25,252.00,25.90,35.54
43328151,23.38,42.22,251.00,25.86,35.59
43358198,23.40,42.11,255.00,25.89,35.57
43388247,23.41,42.22,256.00,25.93,35.55
43418294,23.43,42.14,259.00,25.89,35.52
43448342,23.42,42.21,260.00,25.90,35.53
43478389,23.41,42.11,260.00,25.93,35.51
43508438,23.41,42.29,258.00,25.92,35.48
43538485,23.44,42.14,256.00,25.95,35.53
43568533,23.46,42.15,257.00,25.93,35.65
43598583,23.45,42.13,268.00,25.93,35.46
43628632,23.46,42.20,274.00,25.92,35.60
43658679,23.47,42.16,279.00,25.93,35.61
43688726,23.48,42.03,288.00,25.92,35.54
43718774,23.48,41.88,287.00,25.92,35.40
43748822,23.46,41.99,282.00,25.95,35.34
43778869,23.45,42.08,282.00,25.93,35.49
43808917,23.48,42.00,280.00,25.97,35.51
43838966,23.50,41.93,284.00,25.96,35.57
43869015,23.50,41.89,284.00,25.97,35.35
43899063,23.46,42.08,280.00,25.97,35.38
43929110,23.46,42.07,277.00,25.96,35.43
43959161,23.49,42.10,274.00,25.97,35.56
43989209,23.49,42.04,276.00,25.96,35.47
44019257,23.52,41.83,277.00,25.97,35.49
44049304,23.50,41.71,277.00,25.97,35.30
44079352,23.49,41.92,273.00,25.97,35.26
44109400,23.56,41.68,271.00,25.99,35.38
44139448,23.54,41.67,269.00,25.99,35.30
44169495,23.53,41.76,271.00,25.99,35.24
44199543,23.50,41.81,271.00,25.97,35.35
44229591,23.51,41.65,273.00,25.99,35.29
44259639,23.54,41.70,275.00,25.97,35.38
44289686,23.53,41.75,278.00,25.96,35.22
44319734,23.52,41.80,276.00,25.99,35.22
44349784,23.59,41.54,276.00,25.97,35.22
44379832,23.58,41.51,275.00,25.97,35.26
44409879,23.59,41.52,274.00,25.99,35.22
44439927,23.58,41.49,273.00,25.99,35.13
44469975,23.56,41.70,272.00,25.97,35.17
44500023,23.56,41.83,271.00,25.99,35.11
44530070,23.55,41.66,268.00,26.03,35.10
44560118,23.54,41.46,264.00,26.01,35.13
44590164,23.56,41.54,258.00,26.03,35.10
44620213,23.59,41.67,259.00,26.00,35.13
44650262,23.63,41.52,263.00,26.03,35.18
44680309,23.61,41.49,262.00,26.06,35.07
44710361,23.60,41.55,260.00,26.06,35.20
44740408,23.61,41.52,263.00,26.03,35.15
44770455,23.62,41.38,262.00,26.06,34.97
44800502,23.62,41.36,259.00,26.06,35.07
44830551,23.61,41.42,260.00,26.06,35.10
44860598,23.59,41.42,262.00,26.06,35.06
44890646,23.58,41.37,262.00,26.06,34.96
44920693,23.60,41.51,265.00,26.06,35.04
44950742,23.61,41.29,269.00,26.06,35.13
44980789,23.63,41.17,273.00,26.06,35.01
45010837,23.64,41.05,274.00,26.06,35.04
45040884,23.61,41.17,274.00,26.06,34.76
45070931,23.64,41.21,272.00,26.04,34.84
45100982,23.60,41.00,266.00,26.06,34.76
45131030,23.62,41.27,264.00,26.06,34.90
45161077,23.64,41.18,264.00,26.07,34.80
45191126,23.64,41.09,262.00,26.07,34.79
45221173,23.63,41.22,260.00,26.06,34.73
45251221,23.63,41.14,257.00,26.07,34.69
45281268,23.64,41.18,252.00,26.09,34.75
45311316,23.68,41.18,251.00,26.09,34.90
45341364,23.71,41.04,255.00,26.10,34.87
45371412,23.71,40.90,259.00,26.10,34.79
45401459,23.70,40.88,262.00,26.10,34.75
45431507,23.71,40.81,262.00,26.11,34.75
45461560,23.70,40.87,265.00,26.11,34.68
45491607,23.70,40.95,266.00,26.13,34.59
45521655,23.72,40.97,267.00,26.11,34.60
45551703,23.69,41.01,267.00,26.14,34.68
45581751,23.68,40.63,271.00,26.11,34.61
45611798,23.71,40.55,273.00,26.13,34.56
45641846,23.72,40.51,274.00,26.11,34.54
45671894,23.70,40.84,275.00,26.13,34.43
45701942,23.69,40.63,272.00,26.11,34.41
45731989,23.69,40.78,268.00,26.13,34.39
45762037,23.69,40.72,264.00,26.10,34.40
45792084,23.70,40.86,262.00,26.13,34.48
45822133,23.69,40.76,261.00,26.10,34.53
45852183,23.72,40.64,262.00,26.13,34.47
45882231,23.73,40.61,261.00,26.13,34.52
45912279,23.73,40.56,262.00,26.13,34.48
45942327,23.73,40.46,265.00,26.13,34.41
45972374,23.69,40.45,264.00,26.13,34.30
46002422,23.70,40.47,262.00,26.11,34.27
46032471,23.71,40.68,262.00,26.14,34.37
46062518,23.70,40.51,264.00,26.16,34.43
46092565,23.73,40.28,266.00,26.16,34.32
46122612,23.73,40.34,268.00,26.13,34.37
46152660,23.73,40.23,273.00,26.13,34.19
46182708,23.74,40.12,276.00,26.13,34.21
46212759,23.72,40.29,276.00,26.11,34.08
46242806,23.72,40.10,271.00,26.13,34.11
46272857,23.72,40.31,270.00,26.11,34.13
46302904,23.73,40.36,267.00,26.14,34.17
46332952,23.72,40.33,264.00,26.14,34.21
46362999,23.73,40.35,263.00,26.13,34.22
46393048,23.71,40.57,262.00,26.14,34.29
46423095,23.73,40.53,265.00,26.14,34.42
46453143,23.77,40.31,270.00,26.16,34.29
46483190,23.75,40.23,270.00,26.14,34.19
46513239,23.78,40.30,268.00,26.16,34.25
46543286,23.75,40.17,266.00,26.17,34.20
46573334,23.78,40.28,262.00,26.17,34.16
46603384,23.80,40.28,260.00,26.19,34.16
46633433,23.83,40.45,261.00,26.20,34.25
46663480,23.85,40.38,262.00,26.21,34.28
46693528,23.85,40.38,265.00,26.21,34.31
46723577,23.84,40.28,264.00,26.20,34.28
46753625,23.81,40.19,263.00,26.23,34.25
46783673,23.83,40.35,257.00,26.23,34.23
46813720,23.85,40.43,250.00,26.24,34.29
46843768,23.88,40.48,253.00,26.24,34.23
46873817,23.89,40.36,259.00,26.26,34.26
46903864,23.89,40.44,261.00,26.26,34.26
46933911,23.92,40.43,264.00,26.27,34.33
46963962,23.96,40.62,266.00,26.26,34.48
46994010,23.99,40.46,279.00,26.26,34.35
47024058,23.95,40.16,283.00,26.26,34.29
47054105,23.95,40.32,277.00,26.27,34.28
47084155,23.94,40.15,272.00,26.27,34.24
47114203,23.93,40.36,268.00,26.26,34.25
47144251,23.94,40.27,272.00,26.28,34.42
47174298,23.96,40.36,281.00,26.28,34.38
47204346,23.99,40.24,287.00,26.30,34.30
47234394,23.97,40.31,283.00,26.28,34.27
47264441,23.96,40.48,273.00,26.31,34.28
47294489,23.96,40.43,264.00,26.30,34.28
47324537,23.96,40.90,264.00,26.30,34.62
47354588,24.00,40.59,289.00,26.33,34.53
47384635,24.02,40.54,292.00,26.33,34.48
47414683,23.98,40.47,285.00,26.33,34.40
47444730,24.00,40.40,280.00,26.36,34.39
47474778,24.03,40.24,285.00,26.36,34.34
47504825,24.04,40.12,290.00,26.36,34.27
47534873,24.01,40.36,278.00,26.37,34.29
47564920,24.01,40.40,272.00,26.36,34.28
47594969,24.03,40.25,269.00,26.37,34.21
47625016,24.04,40.02,270.00,26.37,34.18
47655064,24.04,40.25,268.00,26.36,34.25
47685111,24.04,39.91,266.00,26.38,34.08
47715169,24.06,40.15,263.00,26.37,34.21
47745216,24.06,40.02,263.00,26.36,34.17
47775264,24.01,40.17,259.00,26.38,34.21
47805312,24.05,40.31,263.00,26.41,34.24
47835360,24.06,40.35,266.00,26.37,34.18
47865409,24.07,40.05,263.00,26.41,34.11
47895457,24.09,40.24,257.00,26.41,34.22
47925505,24.14,40.21,252.00,26.40,34.22
47955552,24.14,40.33,250.00,26.41,34.29
47985599,24.15,40.37,250.00,26.43,34.28
48015647,24.14,40.32,248.00,26.44,34.29
48045696,24.16,40.34,248.00,26.47,34.30
48075743,24.13,40.47,249.00,26.44,34.31
48105793,24.17,40.42,251.00,26.44,34.37
48135841,24.16,40.37,252.00,26.44,34.36
48165890,24.16,40.44,252.00,26.48,34.35
48195937,24.15,40.54,251.00,26.48,34.35
48225985,24.12,40.57,252.00,26.48,34.43
48256032,24.18,40.37,253.00,26.47,34.32
48286081,24.19,40.35,253.00,26.50,34.34
48316128,24.20,40.45,252.00,26.48,34.32
48346176,24.23,40.38,258.00,26.52,34.34
48376223,24.24,40.38,265.00,26.51,34.30
48406272,24.27,40.33,278.00,26.50,34.41
48436319,24.27,40.35,320.00,26.52,34.35
48466369,24.26,39.98,317.00,26.52,34.22
48496416,24.20,39.78,301.00,26.54,34.13
48526465,24.17,40.06,282.00,26.54,34.16
48556512,24.11,40.78,270.00,26.54,34.22
48586560,24.10,40.66,268.00,26.52,34.39
48616607,24.08,40.66,272.00,26.57,34.40
48646656,24.07,40.70,276.00,26.54,34.51
48676705,24.05,40.96,283.00,26.55,34.54
48706754,24.05,40.75,286.00,26.54,34.54
48736801,24.06,40.81,288.00,26.55,34.54
48766850,24.03,41.43,290.00,26.57,34.64
48796897,24.03,41.13,289.00,26.57,34.73
48826945,24.02,41.04,289.00,26.59,34.67
48856994,24.03,41.28,291.00,26.58,34.70
48887043,24.07,41.32,292.00,26.58,34.76
48917090,24.11,40.82,294.00,26.58,34.53
48947137,24.13,40.79,295.00,26.58,34.58
48977185,24.11,41.38,294.00,26.59,34.55
49007233,24.11,41.36,294.00,26.61,34.73
49037281,24.07,41.48,294.00,26.59,34.85
49067328,24.05,41.78,295.00,26.62,34.93
49097376,24.07,42.22,300.00,26.62,35.10
49127424,24.05,41.97,303.00,26.62,35.14
49157472,24.02,41.97,309.00,26.61,35.13
49187519,24.05,42.34,313.00,26.62,35.06
49217570,24.05,42.19,317.00,26.64,35.09
49247618,24.06,42.29,318.00,26.62,35.21
49277666,24.08,41.77,319.00,26.62,35.06
49307713,24.11,41.70,321.00,26.67,35.04
49337761,24.10,41.51,319.00,26.62,35.06
49367809,24.12,41.68,319.00,26.62,35.12
49397857,24.11,41.54,321.00,26.64,35.14
49427904,24.12,41.84,323.00,26.65,35.13
49457952,24.11,42.41,324.00,26.65,35.22
49488001,24.10,41.90,324.00,26.67,35.24
49518050,24.12,41.75,325.00,26.65,34.95
49548097,24.17,40.43,325.00,26.68,34.52
49578145,24.24,40.60,322.00,26.67,34.22
49608196,24.27,39.86,319.00,26.69,33.85
49638243,24.29,39.18,304.00,26.69,33.71
49668291,24.31,38.73,290.00,26.68,33.30
49698338,24.34,38.85,279.00,26.68,33.16
49728387,24.35,38.72,272.00,26.71,33.22
49758434,24.34,38.26,264.00,26.72,33.06
49788482,24.31,38.33,260.00,26.72,33.06
49818529,24.31,38.74,257.00,26.74,33.15
49848578,24.30,38.96,256.00,26.74,33.08
49878625,24.31,38.09,256.00,26.72,32.68
49908673,24.33,38.31,256.00,26.72,32.67
49938720,24.35,38.43,253.00,26.74,32.71
49968772,24.38,38.08,251.00,26.74,32.46
49998819,24.40,38.16,250.00,26.74,32.55
50028867,24.40,37.95,249.00,26.77,32.60
50058914,24.41,38.07,249.00,26.75,32.41
50088963,24.40,37.99,247.00,26.78,32.44
50119010,24.42,37.79,245.00,26.78,32.41
50149058,24.40,37.83,245.00,26.77,32.24
50179105,24.43,37.72,245.00,26.75,32.22
50209154,24.45,37.82,245.00,26.79,32.30
50239201,24.44,37.59,245.00,26.79,32.20
50269249,24.42,37.72,244.00,26.79,32.21
50299298,24.41,37.84,245.00,26.82,32.34
50329347,24.39,38.07,245.00,26.81,32.39
50359397,24.39,38.19,246.00,26.79,32.38
50389444,24.42,37.66,248.00,26.82,32.39
50419492,24.40,38.02,249.00,26.84,32.45
50449540,24.40,38.10,251.00,26.82,32.34
50479588,24.36,37.90,251.00,26.84,32.22
50509635,24.38,38.04,251.00,26.82,32.16
50539683,24.39,37.89,248.00,26.84,32.17
50569731,24.42,37.79,248.00,26.82,32.16
50599778,24.42,37.60,248.00,26.84,31.83
50629825,24.44,37.33,248.00,26.85,32.02
50659873,24.44,37.36,250.00,26.86,31.98
50689921,24.45,37.37,250.00,26.85,31.90
50719971,24.42,37.20,250.00,26.86,31.96
50750019,24.44,37.54,249.00,26.86,31.89
50780066,24.44,37.03,248.00,26.88,31.65
50810114,24.44,37.24,247.00,26.88,31.82
50840162,24.43,37.33,246.00,26.88,31.85
50870209,24.41,37.36,243.00,26.88,31.75
50900257,24.44,36.46,242.00,26.89,31.29
50930305,24.53,35.41,240.00,26.88,30.62
50960353,24.60,36.04,239.00,26.89,30.85
50990400,24.72,35.31,238.00,26.91,30.55
51020448,24.75,34.79,234.00,26.91,30.36
51050494,24.75,35.31,231.00,26.94,30.18
51080543,24.78,34.80,229.00,26.95,30.20
51110595,24.77,34.64,229.00,26.94,30.25
51140642,24.78,34.88,230.00,26.96,30.04
51170691,24.78,34.93,230.00,26.96,30.13
51200738,24.74,34.99,229.00,26.98,30.20
51230786,24.74,35.18,229.00,26.99,30.23
51260833,24.71,35.30,228.00,26.99,30.18
51290882,24.70,35.39,229.00,27.02,30.25
51320929,24.75,34.94,227.00,26.99,30.14
51350977,24.79,35.20,228.00,27.03,29.93
millis,T_SHT40,RH_SHT40,CO2_SCD30,T_SCD30,RH_SCD30
89,24.80,35.04,229.00,27.03,29.92
30145,24.83,35.35,230.00,27.05,30.20
60195,24.84,35.54,232.00,27.03,30.09
90243,24.86,35.28,234.00,27.06,30.10
120291,24.84,35.69,236.00,27.06,30.42
150338,24.84,35.62,238.00,27.10,30.51
180385,24.80,36.48,241.00,27.10,30.71
210434,24.78,36.79,247.00,27.10,30.71
240481,24.74,36.81,263.00,27.12,30.83
270528,24.71,36.69,271.00,27.12,30.77
300575,24.73,36.57,277.00,27.13,30.83
330624,24.70,36.48,279.00,27.15,30.70
360671,24.68,36.57,281.00,27.10,30.90
390719,24.68,36.72,286.00,27.13,30.88
420766,24.66,36.71,288.00,27.12,30.91
450817,24.64,36.79,284.00,27.10,30.81
480864,24.65,36.78,284.00,27.10,30.97
510916,24.62,36.70,282.00,27.12,30.87
540963,24.63,36.95,280.00,27.09,30.98
571012,24.62,36.86,277.00,27.10,30.94
601059,24.64,36.67,270.00,27.09,30.88
631107,24.64,36.63,265.00,27.06,30.82
661153,24.63,36.40,261.00,27.06,30.79
691202,24.62,36.34,258.00,27.06,30.66
721249,24.66,36.31,253.00,27.07,30.64
751297,24.70,36.38,251.00,27.09,30.69
781344,24.69,36.60,251.00,27.10,30.90
811392,24.72,36.65,252.00,27.07,30.86
841442,24.73,36.65,252.00,27.09,30.81
871490,24.71,36.50,252.00,27.09,30.74
901537,24.70,36.28,251.00,27.10,30.71
931585,24.67,36.26,246.00,27.09,30.62
961633,24.63,36.17,244.00,27.09,30.53
991680,24.67,36.16,243.00,27.09,30.32
1021728,24.62,36.14,242.00,27.09,30.49
1051774,24.62,35.90,240.00,27.09,30.41
1081823,24.63,35.99,236.00,27.09,30.31
1111870,24.67,35.66,236.00,27.09,30.25
1141918,24.70,35.85,236.00,27.07,30.16
1171965,24.73,35.64,236.00,27.10,30.07
1202014,24.77,35.58,236.00,27.15,30.04
1232063,24.80,35.37,234.00,27.15,29.84
1262111,24.84,35.31,233.00,27.16,29.86
1292158,24.85,35.30,233.00,27.17,29.90
1322209,24.86,35.25,232.00,27.19,29.79
1352256,24.86,35.08,232.00,27.20,29.82
1382304,24.86,34.96,234.00,27.19,29.39
1412352,24.87,34.78,234.00,27.19,29.40
1442400,24.86,34.69,234.00,27.20,29.37
1472447,24.87,34.75,234.00,27.22,29.35
1502494,24.89,34.73,235.00,27.20,29.49
1532542,24.86,34.72,232.00,27.24,29.42
1562590,24.84,34.77,231.00,27.23,29.35
1592638,24.82,34.76,229.00,27.26,29.35
1622687,24.82,34.71,229.00,27.24,29.28
1652736,24.82,34.51,229.00,27.26,29.16
1682783,24.83,34.41,230.00,27.24,28.95
1712831,24.85,34.48,229.00,27.26,29.04
1742878,24.88,34.12,229.00,27.24,29.06
1772926,24.89,34.23,230.00,27.24,28.89
1802974,24.93,34.18,229.00,27.24,28.96
1833022,24.94,34.11,228.00,27.27,28.73
1863069,24.92,34.04,229.00,27.27,28.98
1893117,24.92,33.98,229.00,27.26,28.76
1923165,24.95,34.01,228.00,27.29,28.76
1953212,24.96,33.62,227.00,27.30,28.64
1983260,24.98,33.86,226.00,27.30,28.49
2013310,25.00,33.80,225.00,27.30,28.45
2043358,25.03,33.58,225.00,27.34,28.28
2073405,25.04,33.23,223.00,27.33,28.38
2103453,25.05,33.36,224.00,27.33,28.40
2133502,25.05,33.28,226.00,27.32,28.21
2163551,25.05,32.91,226.00,27.36,28.05
2193598,25.07,33.08,227.00,27.36,28.24
2223645,25.06,32.85,226.00,27.37,28.00
2253692,25.06,33.17,225.00,27.36,28.13
2283741,25.05,33.02,221.00,27.37,27.96
2313788,25.09,33.10,221.00,27.39,27.84
2343836,25.07,32.93,223.00,27.39,27.77
2373883,25.09,32.86,221.00,27.39,27.80
2403934,25.12,32.76,221.00,27.40,27.66
2433982,25.12,32.83,221.00,27.40,27.73
2464028,25.13,32.81,220.00,27.43,27.93
2494076,25.14,32.75,221.00,27.40,27.89
2524124,25.15,33.57,223.00,27.43,28.00
2554172,25.17,32.93,228.00,27.43,27.92
2584218,25.17,32.81,231.00,27.46,27.76
2614266,25.17,32.95,235.00,27.46,27.79
2644314,25.16,32.83,236.00,27.46,27.43
2674362,25.17,32.74,237.00,27.47,27.71
2704409,25.19,32.54,238.00,27.52,27.58
2734456,25.18,32.32,238.00,27.47,27.40
2764504,25.19,32.35,240.00,27.49,27.59
2794555,25.17,32.61,242.00,27.52,27.53
2824602,25.13,32.78,244.00,27.52,27.81
2854649,25.13,32.61,247.00,27.52,27.80
2884698,25.11,32.99,251.00,27.50,27.80
2914745,25.13,33.11,254.00,27.53,27.95
2944792,25.11,33.20,256.00,27.54,27.93
2974841,25.15,33.59,260.00,27.53,28.01
3004890,25.17,33.44,262.00,27.53,28.04
3034937,25.18,33.59,265.00,27.53,28.23
3064985,25.20,33.52,268.00,27.54,28.20
3095032,25.18,33.41,271.00,27.56,28.25
3125081,25.17,33.69,274.00,27.56,28.29
3155130,25.17,33.61,277.00,27.56,28.30
3185178,25.14,33.23,277.00,27.57,28.40
3215225,25.18,33.76,280.00,27.58,28.37
3245274,25.22,33.75,281.00,27.56,28.29
3275321,25.23,34.03,282.00,27.58,28.47
3305368,25.24,33.93,283.00,27.60,28.43
3335416,25.18,33.93,284.00,27.60,28.49
3365464,25.18,33.40,283.00,27.60,28.28
3395512,25.19,33.35,282.00,27.61,28.26
3425559,25.16,33.36,284.00,27.65,28.21
3455607,25.16,33.40,287.00,27.64,28.10
3485655,25.16,33.52,288.00,27.65,28.21
3515703,25.17,33.80,288.00,27.65,28.26
3545752,25.18,33.74,287.00,27.65,28.26
3575800,25.18,33.33,289.00,27.65,28.31
3605848,25.19,33.43,290.00,27.67,28.29
3635896,25.19,33.75,290.00,27.67,28.21
3665943,25.20,33.67,289.00,27.68,28.21
3695991,25.20,33.81,291.00,27.67,28.34
3726039,25.23,34.09,293.00,27.71,28.54
3756087,25.27,34.13,296.00,27.71,28.66
3786135,25.27,34.43,299.00,27.71,28.64
3816183,25.28,34.63,299.00,27.74,28.69
3846232,25.29,33.98,299.00,27.73,28.68
3876279,25.27,33.97,296.00,27.74,28.39
3906327,25.26,34.19,293.00,27.74,28.37
3936376,25.32,34.11,293.00,27.77,28.33
3966425,25.33,33.79,291.00,27.75,28.09
3996472,25.31,33.26,291.00,27.75,28.14
4026520,25.27,33.17,292.00,27.77,27.96
4056567,25.27,32.81,290.00,27.75,27.87
4086616,25.25,33.36,288.00,27.80,27.89
4116663,25.24,33.24,290.00,27.80,27.92
4146711,25.27,33.31,291.00,27.80,27.92
4176758,25.32,33.25,292.00,27.80,27.70
4206807,25.37,33.38,293.00,27.80,27.87
4236854,25.40,33.63,293.00,27.80,27.99
4266901,25.38,33.17,296.00,27.81,28.03
4296948,25.36,33.72,296.00,27.84,27.89
4327000,25.40,33.36,296.00,27.81,28.01
4357047,25.43,33.18,293.00,27.82,27.83
4387094,25.42,33.10,292.00,27.85,27.91
4417142,25.41,33.10,290.00,27.85,28.12
4447190,25.44,33.22,291.00,27.84,28.01
4477238,25.40,33.29,294.00,27.85,27.91
4507285,25.46,33.25,296.00,27.84,28.01
4537333,25.45,33.23,296.00,27.87,27.82
4567380,25.45,32.83,297.00,27.88,28.04
4597431,25.46,32.55,297.00,27.89,27.91
4627478,25.43,32.94,296.00,27.89,27.75
4657526,25.44,32.81,296.00,27.89,27.60
4687574,25.42,32.72,295.00,27.92,27.48
4717624,25.41,32.46,294.00,27.91,27.51
4747671,25.41,32.59,293.00,27.89,27.37
4777719,25.41,32.72,293.00,27.92,27.38
4807767,25.40,32.51,294.00,27.91,27.57
4837815,25.36,32.50,294.00,27.92,27.40
4867863,25.35,32.60,294.00,27.92,27.26
4897910,25.34,32.83,295.00,27.92,27.60
4927958,25.36,33.28,296.00,27.91,27.57
4958006,25.45,33.24,299.00,27.92,27.64
4988053,25.43,33.05,301.00,27.92,27.61
5018100,25.42,32.72,303.00,27.94,27.49
5048148,25.45,32.76,303.00,27.94,27.41
5078199,25.47,32.98,303.00,27.94,27.49
5108247,25.49,32.73,303.00,27.94,27.47
5138294,25.50,32.82,304.00,27.95,27.59
5168342,25.50,32.81,306.00,27.98,27.57
5198389,25.49,32.82,305.00,27.98,27.62
5228437,25.48,32.89,303.00,28.00,27.60
5258483,25.47,32.87,302.00,27.98,27.59
5288531,25.50,32.95,300.00,28.00,27.37
5318579,25.54,32.86,301.00,28.01,27.58
5348627,25.56,32.86,302.00,28.02,27.50
5378674,25.54,32.56,302.00,28.04,27.45
5408723,25.53,32.68,303.00,28.02,27.28
5438772,25.53,32.59,300.00,28.04,27.11
5468822,25.52,32.51,299.00,28.04,27.16
5498869,25.47,32.40,298.00,28.04,27.15
5528916,25.46,32.22,296.00,28.04,27.08
5558965,25.47,32.20,294.00,28.04,26.99
5589012,25.52,32.25,293.00,28.04,26.99
5619060,25.58,32.21,292.00,28.04,27.05
5649106,25.66,31.97,292.00,28.07,26.88
5679155,25.66,31.74,294.00,28.05,26.71
5709202,25.67,31.99,293.00,28.08,26.81
5739250,25.70,31.70,293.00,28.11,26.72
5769297,25.69,31.84,292.00,28.09,26.81
5799345,25.72,31.85,290.00,28.13,26.94
5829392,25.74,32.55,291.00,28.12,26.88
5859442,25.75,31.91,293.00,28.15,26.81
5889489,25.87,31.92,294.00,28.15,26.18
5919538,25.87,31.55,292.00,28.15,26.48
5949585,25.88,31.25,290.00,28.19,26.21
5979633,25.92,31.07,289.00,28.19,26.16
6009681,25.92,30.95,286.00,28.23,26.17
6039729,25.95,30.82,283.00,28.22,26.17
6069777,25.96,30.48,279.00,28.25,26.07
6099824,25.96,30.50,278.00,28.28,25.65
6129872,25.97,30.38,276.00,28.28,25.83
6159920,25.98,30.47,272.00,28.28,25.73
6189968,26.02,30.28,272.00,28.32,25.51
6220016,26.07,30.00,271.00,28.32,25.10
6250067,26.08,29.91,268.00,28.36,25.25
6280115,26.05,29.83,265.00,28.36,25.39
6310163,26.00,29.69,264.00,28.42,25.23
6340210,25.97,29.54,262.00,28.39,25.17
6370258,25.93,29.68,265.00,28.42,25.23
6400306,25.86,30.03,265.00,28.42,25.37
6430354,25.84,30.07,264.00,28.39,25.18
6460401,25.78,29.84,264.00,28.40,25.25
6490449,25.80,30.16,263.00,28.36,25.16
6520497,25.84,30.47,263.00,28.36,25.21
6550545,25.84,30.43,264.00,28.36,25.47
6580592,25.84,30.41,267.00,28.33,25.45
6610639,25.80,30.26,271.00,28.36,25.35
6640691,25.79,30.22,274.00,28.36,25.41
6670738,25.78,30.37,276.00,28.35,25.28
6700786,25.75,30.37,280.00,28.35,25.42
6730833,25.76,30.44,283.00,28.35,25.47
6760881,25.75,30.35,285.00,28.33,25.47
6790928,25.69,30.35,287.00,28.38,25.57
6820976,25.69,30.68,290.00,28.33,25.38
6851023,25.73,30.92,291.00,28.35,25.61
6881072,25.76,30.97,296.00,28.33,25.65
6911119,25.79,30.81,308.00,28.32,25.76
6941167,25.77,30.84,314.00,28.33,25.71
6971214,25.80,30.61,315.00,28.35,25.72
7001265,25.78,30.56,315.00,28.32,25.66
7031314,25.76,30.38,314.00,28.31,25.63
7061362,25.76,30.64,316.00,28.36,25.58
7091409,25.74,30.49,317.00,28.32,25.59
7121458,25.72,30.58,316.00,28.32,25.68
7151505,25.69,30.52,315.00,28.33,25.54
7181552,25.67,31.08,314.00,28.32,25.81
7211600,25.67,30.87,316.00,28.31,25.92
7241648,25.67,30.86,317.00,28.32,26.07
7271696,25.65,31.18,317.00,28.33,25.91
7301743,25.64,31.13,317.00,28.29,25.80
7331790,25.64,31.18,318.00,28.31,25.95
7361838,25.69,31.58,322.00,28.31,26.09
7391889,25.68,31.55,337.00,28.32,26.14
7421936,25.68,31.51,345.00,28.31,26.19
7451984,25.69,31.38,341.00,28.31,26.02
7482032,25.73,31.64,341.00,28.32,26.21
7512080,25.75,31.86,341.00,28.33,26.33
7542127,25.77,31.72,340.00,28.33,26.23
7572174,25.77,31.71,344.00,28.33,26.25
7602223,25.79,31.71,344.00,28.36,26.01
7632270,25.76,31.54,342.00,28.35,26.08
7662318,25.78,31.65,341.00,28.36,26.15
7692365,25.75,31.52,342.00,28.36,26.05
7722414,25.77,31.40,341.00,28.35,25.76
7752461,25.75,31.56,338.00,28.38,26.00
7782511,25.77,31.55,333.00,28.35,25.82
7812559,25.79,31.44,328.00,28.35,25.98
7842609,25.80,31.38,325.00,28.35,25.87
7872656,25.81,31.38,326.00,28.36,26.01
7902704,25.77,31.05,323.00,28.36,25.80
7932751,25.78,31.51,319.00,28.39,25.96
7962800,25.80,31.60,318.00,28.38,26.13
7992847,25.82,31.51,318.00,28.38,26.06
8022895,25.81,31.61,318.00,28.40,26.14
8052942,25.80,31.47,316.00,28.39,25.84
8082991,25.77,31.15,315.00,28.39,25.52
8113038,25.76,30.41,309.00,28.38,25.21
8143086,25.74,30.66,303.00,28.36,25.25
8173135,25.73,31.08,298.00,28.36,25.65
8203184,25.73,31.33,297.00,28.40,25.70
8233232,25.73,31.33,298.00,28.38,25.84
8263278,25.71,31.41,301.00,28.39,25.74
8293326,25.71,31.62,303.00,28.36,25.83
8323374,25.75,31.62,308.00,28.36,26.17
8353422,25.74,31.86,324.00,28.38,26.34
8383469,25.75,31.95,349.00,28.36,26.25
8413517,25.76,31.95,359.00,28.40,26.40
8443564,25.77,32.06,361.00,28.38,26.41
8473612,25.78,32.03,366.00,28.39,26.55
8503659,25.79,31.86,370.00,28.38,26.66
8533707,25.82,32.09,377.00,28.38,26.62
8563757,25.84,32.26,382.00,28.40,26.66
8593805,25.84,32.27,389.00,28.42,26.78
8623852,25.87,32.29,393.00,28.42,26.73
8653901,25.86,32.28,396.00,28.43,26.72
8683950,25.86,32.40,398.00,28.44,26.66
8713998,25.87,32.47,402.00,28.44,26.78
8744045,25.89,32.59,408.00,28.42,26.79
8774092,25.92,32.49,411.00,28.43,26.75
8804141,25.94,32.36,412.00,28.43,26.84
8834188,25.95,32.32,410.00,28.44,26.71
8864235,25.95,32.29,408.00,28.46,26.74
8894282,25.92,32.26,405.00,28.44,26.69
8924334,25.90,32.09,405.00,28.44,26.71
8954381,25.84,32.08,402.00,28.47,26.61
8984428,25.83,32.18,398.00,28.44,26.66
9014475,25.82,32.16,395.00,28.44,26.66
9044524,25.79,32.20,389.00,28.46,26.62
9074571,25.80,32.26,385.00,28.44,26.68
9104619,25.82,32.14,383.00,28.44,26.42
9134666,25.80,32.08,380.00,28.47,26.58
9164715,25.83,32.35,379.00,28.44,26.66
9194762,25.83,32.33,380.00,28.46,26.82
9224810,25.86,32.39,381.00,28.46,26.82
9254860,25.84,32.48,379.00,28.44,26.78
9284909,25.85,32.55,380.00,28.47,26.88
9314959,25.85,32.74,380.00,28.47,26.75
9345006,25.91,32.52,381.00,28.46,26.79
9375054,25.93,32.52,381.00,28.46,26.90
9405102,25.97,32.48,383.00,28.47,26.94
9435150,25.96,32.49,383.00,28.50,26.88
9465198,25.97,32.49,381.00,28.49,26.90
9495246,25.97,32.39,377.00,28.49,26.69
9525295,25.95,32.27,371.00,28.50,26.68
9555342,25.94,32.32,366.00,28.49,26.82
9585389,25.95,32.49,364.00,28.52,26.91
9615437,25.97,32.35,353.00,28.52,26.80
9645485,25.97,32.65,349.00,28.52,27.06
9675533,25.98,32.63,354.00,28.50,27.06
9705583,25.96,32.66,357.00,28.52,26.94
9735631,25.97,32.52,356.00,28.53,26.72
9765679,25.94,32.38,350.00,28.50,26.58
9795727,25.92,32.32,347.00,28.53,26.56
9825774,25.92,32.31,340.00,28.53,26.41
9855821,25.91,32.36,334.00,28.53,26.72
9885870,25.92,32.63,330.00,28.54,26.51
9915917,25.91,32.54,328.00,28.56,26.80
9945965,25.93,32.39,334.00,28.54,26.51
9976012,25.93,32.47,335.00,28.56,26.73
10006061,25.95,32.33,336.00,28.52,26.51
10036108,25.94,32.42,334.00,28.54,26.66
10066156,25.94,32.92,334.00,28.56,26.67
10096205,25.96,32.37,337.00,28.54,26.73
10126254,25.99,32.54,337.00,28.53,26.82
10156302,25.96,32.53,337.00,28.54,26.86
10186349,25.95,32.47,336.00,28.53,26.77
10216397,25.96,32.44,335.00,28.57,26.70
10246445,25.95,32.47,332.00,28.56,26.82
10276494,25.94,32.87,333.00,28.54,26.91
10306542,25.94,32.93,332.00,28.53,26.80
10336590,25.93,32.80,330.00,28.53,26.86
10366639,25.92,32.55,330.00,28.54,26.69
10396686,25.92,32.39,325.00,28.53,26.72
10426733,25.88,32.51,319.00,28.52,26.70
10456783,25.91,32.54,315.00,28.50,26.67
10486832,25.89,32.44,308.00,28.50,26.78
10516880,25.88,32.64,309.00,28.50,26.81
10546927,25.83,32.65,309.00,28.50,26.66
10576975,25.80,32.66,307.00,28.49,26.82
10607023,25.78,32.70,305.00,28.47,26.88
10637071,25.76,32.74,302.00,28.44,26.94
10667118,25.77,32.80,301.00,28.44,26.97
10697166,25.76,32.74,301.00,28.46,26.94
10727214,25.75,32.72,300.00,28.46,27.02
10757262,25.71,32.78,299.00,28.44,27.01
10787309,25.69,32.87,299.00,28.42,27.05
10817357,25.70,32.84,298.00,28.40,27.06
10847407,25.71,32.94,296.00,28.42,27.03
10877455,25.70,32.93,294.00,28.40,26.99
10907502,25.66,32.90,292.00,28.40,27.10
10937550,25.70,32.89,288.00,28.40,27.09
10967598,25.69,32.92,286.00,28.39,27.09
10997646,25.68,32.84,286.00,28.38,27.13
11027693,25.66,32.92,284.00,28.40,27.12
11057741,25.64,32.98,281.00,28.38,27.13
11087791,25.66,32.99,279.00,28.38,27.16
11117840,25.67,32.98,277.00,28.38,27.16
11147888,25.64,32.99,277.00,28.35,27.15
11177935,25.62,32.99,276.00,28.33,27.20
11207986,25.64,33.04,275.00,28.33,27.23
11238033,25.65,33.02,274.00,28.33,27.21
11268081,25.66,33.02,273.00,28.32,27.21
11298128,25.67,33.00,273.00,28.33,27.18
11328177,25.71,33.04,270.00,28.33,27.26
11358224,25.73,32.99,270.00,28.33,27.28
11388271,25.73,32.96,268.00,28.35,27.27
11418318,25.74,32.96,267.00,28.36,27.22
11448367,25.73,32.96,264.00,28.33,27.26
11478414,25.71,32.98,262.00,28.35,27.06
11508462,25.69,33.02,258.00,28.33,27.24
11538509,25.70,32.91,256.00,28.32,27.18
11568558,25.68,32.94,255.00,28.33,27.16
11598607,25.70,32.92,253.00,28.33,27.20
11628655,25.67,32.97,252.00,28.32,27.07
11658702,25.68,32.81,250.00,28.32,27.17
11688751,25.72,32.88,246.00,28.35,27.16
11718798,25.69,32.83,245.00,28.32,27.11
11748846,25.70,32.78,243.00,28.31,27.15
11778893,25.70,32.84,240.00,28.33,27.11
11808941,25.71,32.84,240.00,28.31,27.15
11838990,25.69,32.87,238.00,28.32,27.16
11869037,25.73,32.90,237.00,28.32,27.18
11899085,25.70,32.76,237.00,28.31,27.18
11929134,25.73,32.80,236.00,28.32,27.00
11959185,25.70,32.78,236.00,28.33,27.14
11989232,25.71,32.80,235.00,28.32,27.11
12019280,25.70,32.86,234.00,28.33,27.16
12049328,25.72,32.88,230.00,28.32,27.14
12079376,25.70,32.83,227.00,28.33,27.16
12109423,25.69,32.84,226.00,28.29,27.17
12139471,25.70,32.90,226.00,28.29,27.20
12169519,25.66,32.95,226.00,28.29,27.21
12199567,25.64,32.87,225.00,28.31,27.15
12229614,25.67,32.88,225.00,28.29,27.20
12259662,25.66,32.84,223.00,28.31,27.23
12289710,25.69,33.03,224.00,28.26,27.25
12319758,25.67,32.98,224.00,28.29,27.26
12349808,25.70,32.94,223.00,28.29,27.22
12379855,25.71,33.02,224.00,28.28,27.27
12409904,25.71,33.01,226.00,28.26,27.22
12439951,25.70,32.99,226.00,28.28,27.25
12469999,25.70,33.02,225.00,28.31,27.27
12500046,25.72,32.99,225.00,28.29,27.27
12530095,25.70,33.01,226.00,28.29,27.27
12560142,25.71,33.07,227.00,28.29,27.26
12590190,25.71,33.08,227.00,28.29,27.30
12620237,25.70,32.96,227.00,28.26,27.32
12650286,25.69,32.97,226.00,28.28,27.30
12680333,25.68,33.11,224.00,28.28,27.28
12710385,25.66,33.13,222.00,28.26,27.35
12740432,25.67,33.12,221.00,28.26,27.34
12770481,25.65,33.21,223.00,28.25,27.35
12800528,25.66,33.14,222.00,28.25,27.38
12830576,25.67,33.11,223.00,28.28,27.35
12860623,25.64,33.27,223.00,28.25,27.44
12890672,25.66,33.24,224.00,28.25,27.42
12920720,25.66,33.24,225.00,28.25,27.47
12950767,25.69,33.31,227.00,28.26,27.42
12980815,25.68,33.27,229.00,28.25,27.49
13010863,25.67,33.23,231.00,28.22,27.46
13040911,25.69,33.27,233.00,28.26,27.52
13070958,25.68,33.25,233.00,28.23,27.55
13101009,25.65,33.34,235.00,28.22,27.55
13131057,25.68,33.37,235.00,28.23,27.59
13161104,25.68,33.32,235.00,28.25,27.52
13191152,25.70,33.35,233.00,28.22,27.58
13221199,25.70,33.36,231.00,28.23,27.58
13251247,25.70,33.41,231.00,28.25,27.61
13281295,25.71,33.67,233.00,28.23,27.75
13311342,25.72,33.56,236.00,28.26,27.64
13341390,25.73,33.40,241.00,28.26,27.62
13371438,25.77,33.52,243.00,28.29,27.73
13401486,25.82,33.54,243.00,28.28,27.74
13431534,25.80,33.35,247.00,28.29,27.73
13461590,25.79,33.26,249.00,28.31,27.71
13491638,25.79,33.37,250.00,28.32,27.69
13521687,25.76,33.40,253.00,28.32,27.71
13551735,25.76,33.45,253.00,28.35,27.68
13581783,25.76,33.40,253.00,28.32,27.71
13611831,25.74,33.51,256.00,28.38,27.75
13641878,25.72,33.58,256.00,28.33,27.82
13671926,25.73,33.68,258.00,28.36,27.86
13701974,25.75,33.69,260.00,28.36,27.87
13732022,25.75,33.61,263.00,28.38,27.88
13762069,25.74,33.73,266.00,28.39,27.89
13792117,25.73,33.76,271.00,28.38,27.88
13822164,25.73,33.81,273.00,28.38,27.92
13852215,25.77,33.93,278.00,28.39,27.94
13882263,25.74,34.03,280.00,28.40,27.99
13912311,25.79,33.94,285.00,28.40,28.07
13942359,25.77,34.14,290.00,28.40,28.07
13972407,25.77,34.03,293.00,28.39,28.01
14002454,25.82,33.99,294.00,28.42,28.11
14032501,25.85,34.18,296.00,28.44,28.18
14062550,25.86,34.13,302.00,28.43,28.20
14092597,25.85,34.25,308.00,28.44,28.24
14122645,25.90,34.21,310.00,28.47,28.23
14152692,25.92,34.75,314.00,28.47,28.62
14182740,25.95,34.60,317.00,28.47,28.37
14212791,25.94,34.51,318.00,28.50,28.50
14242838,25.93,34.38,318.00,28.49,28.43
14272885,25.91,34.22,319.00,28.52,28.28
14302934,25.87,34.12,320.00,28.52,28.15
14332983,25.89,34.16,318.00,28.53,28.19
14363031,25.90,34.18,317.00,28.52,28.11
14393078,25.90,34.15,319.00,28.53,28.18
14423127,25.91,34.10,320.00,28.53,28.05
14453174,25.93,34.13,320.00,28.53,28.42
14483222,25.91,34.17,326.00,28.56,28.25
14513269,25.91,34.06,326.00,28.53,28.26
14543316,25.89,33.83,323.00,28.54,28.23
14573364,25.88,34.08,321.00,28.56,28.28
14603415,25.85,34.09,323.00,28.54,28.20
14633462,25.87,34.33,323.00,28.53,28.05
14663510,25.88,34.28,323.00,28.56,28.14
14693558,25.89,34.33,323.00,28.53,28.20
14723605,25.88,34.20,323.00,28.56,28.21
14753653,25.84,34.19,323.00,28.54,28.01
14783700,25.83,34.33,324.00,28.57,28.05
14813749,25.82,34.27,320.00,28.56,28.15
14843796,25.82,34.29,322.00,28.54,28.22
14873844,25.85,34.35,320.00,28.54,28.25
14903891,25.82,34.40,322.00,28.53,28.25
14933939,25.83,34.40,322.00,28.53,28.22
14963989,25.85,34.32,321.00,28.53,28.22
millis,T_SHT40,RH_SHT40,CO2_SCD30,T_SCD30,RH_SCD30
89,25.83,34.38,318.00,28.54,28.34
30145,25.82,34.66,317.00,28.53,28.46
60193,25.84,34.42,315.00,28.52,28.38
millis,T_SHT40,RH_SHT40,CO2_SCD30,T_SCD30,RH_SCD30
607,26.54,32.62,0.00,0.00,0.00
30670,26.64,32.23,249.00,27.68,28.78
60718,26.81,31.78,269.00,27.95,28.16
90765,26.80,31.93,276.00,28.15,28.03
120812,26.80,31.77,279.00,28.28,27.65
150860,26.74,31.96,278.00,28.35,27.78
180908,26.75,32.67,276.00,28.42,27.76
210958,26.74,32.31,277.00,28.46,27.77
241005,26.71,32.59,281.00,28.52,27.76
271053,26.77,32.06,283.00,28.56,27.66
301101,26.79,32.02,282.00,28.60,27.54
331148,26.88,31.84,280.00,28.63,27.48
361195,26.97,31.55,276.00,28.66,27.38
391243,27.02,31.38,268.00,28.71,27.24
421291,27.15,31.44,259.00,28.74,27.22
451339,27.19,31.28,255.00,28.76,27.15
481386,27.19,31.28,253.00,28.84,27.13
511433,27.19,31.22,247.00,28.84,27.03
541480,27.13,31.36,246.00,28.87,27.13
571529,27.09,31.58,242.00,28.91,27.11
601580,27.04,31.63,242.00,28.91,27.09
631626,27.02,31.53,243.00,28.94,26.99
661675,27.04,31.62,243.00,28.95,26.95
691722,27.01,31.88,241.00,28.98,27.18
721770,26.94,32.00,241.00,29.00,27.12
751816,26.86,32.26,239.00,29.01,27.18
781870,26.78,32.49,240.00,29.01,27.28
811917,26.73,33.50,241.00,29.02,27.37
841965,26.73,32.70,240.00,29.01,27.37
872012,26.75,32.24,242.00,29.07,27.37
902060,26.78,32.01,239.00,29.05,27.20
932107,26.77,32.73,238.00,29.04,27.40
962155,26.82,31.78,237.00,29.05,27.26
992205,26.92,31.49,235.00,29.08,27.01
1022253,26.85,32.20,235.00,29.07,27.43
1052300,26.78,33.11,235.00,29.10,27.79
1082347,26.73,33.15,237.00,29.10,28.02
1112395,26.64,33.36,237.00,29.07,28.00
1142443,26.55,34.46,237.00,29.08,28.09
1172491,26.59,34.48,238.00,29.11,28.15
1202538,26.50,34.47,238.00,29.11,28.34
1232586,26.48,34.22,241.00,29.05,28.08
1262633,26.50,34.07,240.00,29.08,28.11
1292681,26.49,34.31,240.00,29.08,28.28
1322728,26.45,34.31,239.00,29.08,28.36
1352776,26.44,34.54,242.00,29.07,28.28
1382827,26.44,34.70,242.00,29.07,28.35
1412875,26.42,34.99,242.00,29.08,28.38
1442922,26.43,34.89,240.00,29.07,28.48
1472969,26.46,35.20,239.00,29.07,28.64
1503016,26.57,33.83,240.00,29.10,28.47
1533065,26.59,33.86,240.00,29.07,28.90
1563113,26.56,35.77,241.00,29.08,29.03
1593162,26.55,34.29,244.00,29.08,28.55
1623211,26.53,34.74,245.00,29.08,28.72
1653258,26.49,35.57,246.00,29.08,29.32
1683306,26.51,35.23,247.00,29.08,28.94
1713353,26.47,35.38,247.00,29.10,29.26
1743400,26.51,35.16,247.00,29.08,28.97
1773451,26.45,34.67,248.00,29.08,29.13
1803499,26.47,35.27,249.00,29.07,28.81
1833546,26.50,35.17,248.00,29.10,28.77
1863595,26.49,35.37,248.00,29.11,29.07
1893642,26.50,35.06,248.00,29.10,28.97
1923690,26.58,33.76,248.00,29.08,28.59
1953737,26.66,35.37,247.00,29.08,28.98
1983785,26.62,34.37,247.00,29.11,29.13
2013833,26.58,34.97,248.00,29.11,29.27
2043880,26.54,35.72,248.00,29.11,29.20
2073928,26.48,34.88,249.00,29.11,29.03
2103975,26.46,35.12,249.00,29.10,28.90
2134024,26.39,36.00,248.00,29.11,29.52
2164068,26.34,35.83,249.00,29.11,29.60
2194116,26.31,36.28,249.00,29.11,29.54
2224163,26.31,34.72,250.00,29.08,29.32
2254212,26.30,34.94,251.00,29.10,28.96
2284259,26.31,35.20,251.00,29.08,29.05
2314306,26.38,34.41,250.00,29.07,28.51
2344353,26.42,34.55,247.00,29.10,28.78
2374402,26.44,34.66,246.00,29.11,28.58
2404449,26.49,34.24,249.00,29.10,28.55
2434499,26.47,34.03,248.00,29.11,28.42
2464546,26.44,34.09,246.00,29.10,28.59
2494594,26.44,34.42,246.00,29.10,28.74
2524645,26.46,34.13,248.00,29.11,28.50
2554691,26.42,34.14,250.00,29.10,28.63
2584739,26.42,34.26,253.00,29.11,28.34
2614787,26.43,34.28,254.00,29.11,28.57
2644835,26.42,34.43,254.00,29.12,28.53
2674882,26.46,34.31,257.00,29.12,28.40
2704929,26.45,34.85,257.00,29.12,28.80
2734977,26.44,34.05,259.00,29.11,28.68
2765025,26.43,34.14,259.00,29.12,28.43
2795072,26.44,34.26,259.00,29.11,28.35
2825120,26.44,34.47,262.00,29.10,28.67
2855168,26.43,34.83,262.00,29.15,28.88
2885214,26.38,34.77,263.00,29.14,28.70
2915265,26.40,35.33,265.00,29.14,28.87
2945312,26.36,35.45,268.00,29.14,29.03
2975361,26.33,35.89,276.00,29.11,29.24
3005408,26.34,36.00,284.00,29.14,29.30
3035455,26.31,36.03,291.00,29.17,29.29
3065502,26.32,35.88,293.00,29.12,29.32
3095550,26.32,36.01,294.00,29.12,29.32
3125598,26.33,35.25,295.00,29.12,29.30
3155646,26.32,35.69,295.00,29.14,29.15
3185693,26.36,35.59,295.00,29.11,29.20
3215741,26.34,34.99,295.00,29.14,29.32
3245791,26.37,35.41,297.00,29.15,29.43
3275839,26.40,35.69,299.00,29.12,29.16
3305890,26.40,35.38,299.00,29.15,29.09
3335938,26.40,35.10,299.00,29.14,29.15
3365985,26.40,35.00,298.00,29.12,29.00
3396032,26.42,35.20,297.00,29.14,29.09
3426080,26.48,35.05,297.00,29.14,29.10
3456128,26.47,35.58,296.00,29.12,29.22
3486176,26.48,35.04,297.00,29.15,29.17
3516223,26.50,35.81,297.00,29.15,29.16
3546271,26.53,35.25,296.00,29.19,29.31
3576318,26.55,35.91,296.00,29.15,29.38
3606367,26.62,35.12,296.00,29.18,29.31
3636414,26.59,35.70,296.00,29.18,29.36
3666461,26.62,35.17,295.00,29.21,29.31
3696512,26.64,35.33,294.00,29.18,29.32
3726560,26.59,35.74,292.00,29.22,29.39
3756607,26.70,35.13,291.00,29.19,29.55
3786655,26.67,35.41,291.00,29.21,29.45
3816704,26.67,35.17,294.00,29.21,29.30
3846751,26.74,34.88,292.00,29.24,29.26
3876798,26.73,35.09,289.00,29.24,29.28
3906845,26.74,35.21,286.00,29.25,29.24
3936893,26.78,35.46,283.00,29.25,29.28
3966941,26.78,34.96,281.00,29.28,29.18
3996989,26.78,35.25,280.00,29.25,29.50
4027036,26.76,35.06,279.00,29.28,29.46
4057086,26.78,35.28,277.00,29.29,29.42
4087132,26.73,35.00,275.00,29.28,29.37
4117180,26.67,36.13,272.00,29.28,29.57
4147227,26.63,36.07,271.00,29.29,29.62
4177275,26.60,36.62,269.00,29.28,29.86
4207323,26.54,36.82,269.00,29.28,29.95
4237370,26.50,37.22,268.00,29.27,30.13
4267417,26.48,38.18,267.00,29.29,30.53
4297465,26.44,38.06,271.00,29.28,30.65
4327515,26.41,38.05,273.00,29.28,30.41
4357562,26.37,38.15,273.00,29.29,30.67
4387610,26.36,39.12,273.00,29.27,31.16
4417657,26.35,39.25,277.00,29.27,31.45
4447708,26.35,39.20,282.00,29.27,31.56
4477755,26.34,39.15,282.00,29.25,31.34
4507803,26.33,39.29,282.00,29.27,31.54
4537850,26.32,39.33,281.00,29.21,31.76
4567899,26.34,39.52,283.00,29.25,31.96
4597946,26.34,39.35,284.00,29.24,31.72
4627994,26.37,36.66,287.00,29.24,31.84
4658041,26.43,39.16,290.00,29.24,31.94
4688089,26.40,40.14,290.00,29.24,32.10
4718137,26.38,39.51,291.00,29.24,32.30
4748184,26.37,40.29,291.00,29.25,32.00
4778231,26.32,41.15,291.00,29.22,32.70
4808279,26.33,38.95,290.00,29.22,32.57
4838330,26.32,41.30,288.00,29.22,32.64
4868379,26.31,40.07,289.00,29.22,32.69
4898427,26.34,37.81,290.00,29.24,32.20
4928475,26.49,36.65,287.00,29.24,31.58
4958523,26.64,36.69,281.00,29.22,30.96
4988570,26.65,38.91,277.00,29.24,32.36
5018618,26.60,38.50,278.00,29.24,32.29
5048666,26.57,41.70,277.00,29.25,32.04
5078713,26.47,41.19,278.00,29.24,32.80
5108760,26.47,39.53,279.00,29.25,32.74
5138808,26.47,39.75,279.00,29.25,32.32
5168858,26.43,39.66,280.00,29.24,32.33
5198905,26.41,40.47,279.00,29.24,32.14
5228955,26.38,39.97,279.00,29.25,32.72
5259002,26.39,39.95,280.00,29.22,32.46
5289051,26.37,39.88,280.00,29.25,32.36
5319098,26.40,40.32,281.00,29.25,32.41
5349145,26.38,40.32,281.00,29.24,32.54
5379192,26.38,40.36,282.00,29.24,32.62
5409241,26.42,40.11,281.00,29.27,32.58
5439288,26.45,39.05,281.00,29.24,32.24
5469335,26.46,39.94,280.00,29.27,32.52
5499382,26.41,39.61,278.00,29.25,32.45
5529431,26.41,39.63,278.00,29.25,32.63
5559478,26.37,42.83,279.00,29.25,32.91
5589525,26.37,41.72,278.00,29.27,33.02
5619584,26.35,41.06,278.00,29.28,33.08
5649633,26.34,41.49,277.00,29.25,33.50
5679680,26.32,40.39,278.00,29.25,33.12
5709727,26.30,43.39,279.00,29.27,32.95
5739776,26.31,42.28,278.00,29.25,33.78
5769823,26.29,43.69,279.00,29.24,33.96
5799871,26.30,41.01,281.00,29.25,33.65
5829918,26.29,43.37,283.00,29.25,33.64
5859965,26.27,42.07,284.00,29.22,33.80
5890013,26.30,41.51,285.00,29.24,33.74
5920061,26.31,41.51,285.00,29.25,33.55
5950108,26.30,41.67,285.00,29.22,33.60
5980156,26.30,41.43,287.00,29.25,33.38
6010202,26.32,41.37,286.00,29.25,33.35
6040249,26.34,41.11,285.00,29.24,33.72
6070297,26.36,41.56,283.00,29.25,33.54
6100344,26.35,41.84,282.00,29.25,33.45
6130393,26.36,41.52,281.00,29.27,33.50
6160440,26.36,42.30,280.00,29.24,33.36
6190488,26.36,42.39,280.00,29.24,33.41
6220535,26.34,44.17,277.00,29.25,33.51
6250584,26.33,41.85,275.00,29.24,33.78
6280631,26.34,41.93,274.00,29.28,33.94
6310678,26.32,42.85,278.00,29.27,34.03
6340725,26.32,41.41,280.00,29.27,33.83
6370777,26.30,44.19,279.00,29.25,34.45
6400824,26.33,41.31,279.00,29.27,33.90
6430872,26.34,41.77,280.00,29.28,33.94
6460919,26.37,41.46,280.00,29.28,33.72
6490969,26.38,40.73,280.00,29.28,34.07
6521017,26.40,40.44,279.00,29.28,33.25
6551064,26.45,41.99,279.00,29.27,33.05
6581112,26.51,39.41,279.00,29.29,33.31
6611160,26.48,43.34,279.00,29.28,34.25
6641208,26.47,41.04,280.00,29.28,34.13
6671255,26.46,43.28,282.00,29.31,33.56
6701302,26.44,41.32,282.00,29.29,34.33
6731350,26.43,41.43,281.00,29.29,33.87
6761401,26.44,41.62,279.00,29.28,33.37
6791448,26.43,41.95,277.00,29.31,33.80
6821496,26.43,41.11,278.00,29.32,33.55
6851544,26.44,41.69,277.00,29.31,33.63
6881591,26.42,42.57,277.00,29.32,33.71
6911640,26.42,44.03,277.00,29.31,33.70
6941687,26.44,43.41,278.00,29.34,34.15
6971736,26.40,44.05,282.00,29.32,34.19
7001783,26.47,39.79,283.00,29.34,33.27
7031831,26.42,41.17,282.00,29.32,34.43
7061878,26.44,43.44,281.00,29.34,33.88
7091927,26.43,42.54,282.00,29.32,34.71
7121974,26.39,43.13,281.00,29.34,34.16
7152024,26.40,42.78,282.00,29.34,33.99
7182071,26.36,43.07,281.00,29.35,34.75
7212120,26.38,42.43,279.00,29.32,34.39
7242167,26.34,42.89,281.00,29.31,34.73
7272215,26.35,40.65,283.00,29.32,34.03
7302263,26.38,39.71,286.00,29.34,33.20
7332312,26.40,41.08,282.00,29.31,34.26
7362359,26.39,41.30,282.00,29.34,33.82
7392407,26.38,43.09,282.00,29.32,34.00
7422454,26.39,40.97,282.00,29.32,34.24
7452502,26.38,43.89,284.00,29.35,34.31
7482550,26.39,41.67,283.00,29.32,34.00
7512597,26.35,42.07,284.00,29.34,34.27
7542648,26.40,40.72,285.00,29.34,33.99
7572696,26.37,43.28,284.00,29.32,34.22
7602744,26.42,42.01,283.00,29.31,33.89
7632791,26.44,40.33,282.00,29.31,33.59
7662838,26.47,39.47,281.00,29.31,32.83
7692886,26.49,40.44,280.00,29.32,32.84
7722934,26.51,40.27,278.00,29.34,33.71
7752981,26.53,41.59,278.00,29.35,33.73
7783029,26.50,42.34,278.00,29.35,33.69
7813076,26.49,40.89,281.00,29.34,33.72
7843125,26.51,40.83,281.00,29.35,33.72
7873172,26.49,43.31,281.00,29.37,33.82
7903220,26.47,41.00,281.00,29.38,33.25
7933265,26.48,42.11,281.00,29.37,33.49
7963314,26.47,42.66,281.00,29.39,34.40
7993361,26.49,41.91,284.00,29.37,34.13
8023409,26.46,43.29,285.00,29.38,34.27
8053456,26.43,43.00,284.00,29.39,34.16
8083505,26.43,43.03,285.00,29.38,34.23
8113553,26.43,41.87,285.00,29.37,34.01
8143601,26.44,42.84,286.00,29.38,34.27
8173649,26.43,43.48,285.00,29.37,33.49
8203697,26.44,41.96,283.00,29.38,33.92
8233744,26.43,42.11,281.00,29.37,34.26
8263792,26.42,43.69,282.00,29.37,34.63
8293842,26.44,42.40,282.00,29.37,34.13
8323891,26.45,42.99,283.00,29.38,34.45
8353938,26.45,42.73,285.00,29.39,34.26
8383985,26.45,41.40,286.00,29.38,33.87
8414033,26.48,43.67,286.00,29.39,34.04
8444081,26.51,41.26,285.00,29.38,34.04
8474129,26.47,42.65,285.00,29.38,34.41
8504175,26.50,43.17,283.00,29.39,34.20
8534223,26.51,42.55,282.00,29.41,34.26
8564271,26.50,42.17,282.00,29.39,34.04
8594319,26.54,42.94,281.00,29.41,34.32
8624366,26.61,41.60,281.00,29.41,34.00
8654413,26.68,37.86,279.00,29.41,34.43
8684464,26.69,43.99,280.00,29.41,34.56
8714512,26.66,40.58,282.00,29.39,34.53
8744558,26.63,44.49,282.00,29.44,34.17
8774606,26.62,42.80,283.00,29.44,34.57
8804654,26.59,43.23,282.00,29.44,34.98
8834702,26.60,43.21,283.00,29.45,34.68
8864749,26.58,44.62,284.00,29.45,35.18
8894797,26.56,41.86,284.00,29.44,34.92
8924845,26.67,40.12,285.00,29.44,33.53
8954894,26.69,42.18,285.00,29.46,33.82
8984941,26.63,41.76,284.00,29.46,33.70
9014989,26.64,41.49,282.00,29.49,34.08
9045037,26.63,44.33,282.00,29.48,34.38
9075087,26.56,43.92,282.00,29.46,34.98
9105134,26.59,42.72,283.00,29.48,34.22
9135182,26.57,42.20,282.00,29.48,34.63
9165230,26.54,42.29,281.00,29.46,34.60
9195278,26.54,42.98,280.00,29.46,34.10
9225325,26.53,44.54,279.00,29.48,34.12
9255373,26.52,43.25,279.00,29.48,34.11
9285421,26.53,43.83,279.00,29.44,33.92
9315469,26.53,44.29,280.00,29.46,34.54
9345516,26.53,45.45,279.00,29.45,34.45
9375564,26.52,42.77,277.00,29.46,34.74
9405612,26.50,44.30,279.00,29.46,34.31
9435660,26.47,42.49,279.00,29.48,34.48
9465709,26.46,45.27,277.00,29.49,34.88
9495757,26.45,42.31,276.00,29.46,34.19
9525805,26.46,45.02,276.00,29.45,34.30
9555853,26.45,42.28,277.00,29.49,34.50
9585900,26.46,43.47,279.00,29.48,34.59
9615948,26.51,43.99,281.00,29.48,34.87
9645996,26.66,39.94,279.00,29.48,33.47
9676043,26.86,39.12,274.00,29.49,32.50
9706090,26.87,42.30,270.00,29.49,33.59
9736138,26.79,42.99,268.00,29.48,33.95
9766192,26.74,42.66,269.00,29.48,34.51
9796240,26.75,43.06,270.00,29.50,33.62
9826287,26.72,39.02,271.00,29.49,34.66
9856333,26.68,43.64,270.00,29.50,34.17
9886381,26.66,43.51,270.00,29.48,34.60
9916429,26.65,43.41,271.00,29.50,34.07
9946476,26.62,42.43,273.00,29.49,34.72
9976523,26.59,42.92,275.00,29.49,34.79
10006571,26.58,45.29,277.00,29.48,34.92
10036619,26.58,43.95,279.00,29.48,35.35
10066666,26.54,44.45,281.00,29.49,34.35
10096714,26.51,45.59,283.00,29.49,35.38
10126761,26.53,42.56,281.00,29.49,34.58
10156810,26.52,45.10,282.00,29.49,35.76
10186857,26.53,43.50,282.00,29.49,34.35
10216908,26.53,43.30,280.00,29.49,34.53
10246956,26.53,44.70,280.00,29.48,35.29
10277004,26.53,45.47,280.00,29.50,34.86
10307051,26.50,44.37,281.00,29.48,35.26
10337099,26.52,45.07,281.00,29.49,34.91
10367147,26.53,42.39,282.00,29.49,34.53
10397195,26.53,42.18,283.00,29.49,34.66
10427242,26.56,44.14,283.00,29.50,35.35
10457290,26.54,44.14,283.00,29.46,34.81
10487337,26.55,42.72,283.00,29.48,34.91
10517386,26.55,42.47,284.00,29.48,34.62
10547433,26.56,40.69,284.00,29.49,34.61
10577483,26.55,42.79,284.00,29.48,34.45
10607534,26.57,41.70,283.00,29.48,33.96
10637582,26.55,44.52,280.00,29.48,35.08
10667629,26.51,43.15,282.00,29.50,34.58
10697677,26.55,41.65,285.00,29.50,34.31
10727725,26.56,42.80,286.00,29.50,33.94
10757773,26.55,45.30,285.00,29.50,34.21
10787820,26.54,44.85,282.00,29.49,34.31
10817868,26.56,41.24,283.00,29.52,34.40
10847917,26.53,43.16,284.00,29.49,33.86
10877965,26.53,42.28,283.00,29.49,34.15
10908016,26.53,43.68,283.00,29.49,34.25
10938063,26.53,43.77,282.00,29.50,34.38
10968115,26.53,44.69,279.00,29.48,34.98
10998162,26.53,43.44,280.00,29.49,34.83
11028210,26.52,45.02,282.00,29.50,35.32
11058257,26.58,44.48,283.00,29.50,34.99
11088306,26.56,44.55,284.00,29.49,34.78
11118353,26.54,43.50,285.00,29.49,35.29
11148401,26.51,44.65,285.00,29.50,34.73
11178448,26.54,43.84,284.00,29.50,35.14
11208497,26.52,43.62,284.00,29.50,34.54
11238544,26.49,42.92,282.00,29.48,34.38
11268592,26.53,42.53,282.00,29.50,34.71
11298639,26.54,44.73,282.00,29.50,34.44
11328688,26.53,45.07,282.00,29.49,34.46
11358737,26.54,44.41,282.00,29.49,34.49
11388787,26.56,42.52,282.00,29.49,34.62
11418834,26.61,43.58,281.00,29.50,34.24
11448883,26.58,42.99,281.00,29.48,35.30
11478930,26.67,40.76,282.00,29.50,35.33
11508978,26.70,38.39,282.00,29.52,34.77
11539025,26.73,44.36,282.00,29.52,34.12
11569074,26.71,42.84,283.00,29.52,34.53
11599121,26.67,44.08,283.00,29.52,34.54
11629168,26.67,44.17,282.00,29.53,34.04
11659216,26.65,44.81,283.00,29.55,33.93
11689264,26.63,41.57,283.00,29.53,34.23
11719314,26.62,44.06,280.00,29.53,33.85
11749362,26.61,43.81,279.00,29.52,33.36
11779409,26.60,44.43,278.00,29.52,34.20
11809458,26.61,44.87,277.00,29.53,33.70
11839505,26.57,44.53,276.00,29.52,33.94
11869552,26.58,44.11,277.00,29.52,33.69
11899599,26.60,42.62,276.00,29.52,33.89
11929648,26.60,42.55,275.00,29.52,34.08
11959695,26.56,43.98,277.00,29.53,34.47
11989743,26.59,44.06,275.00,29.50,32.84
12019790,26.61,43.04,273.00,29.50,33.64
12049839,26.61,43.64,274.00,29.52,34.56
12079886,26.65,36.99,274.00,29.53,34.36
12109936,26.91,37.94,273.00,29.53,30.98
12139983,26.85,42.63,269.00,29.53,33.35
12170032,26.81,41.54,268.00,29.56,34.81
12200081,26.80,43.94,270.00,29.55,33.81
12230129,26.78,44.56,273.00,29.58,34.09
12260177,26.75,42.74,275.00,29.58,34.85
12290226,26.80,40.60,279.00,29.58,34.06
12320273,26.82,42.42,281.00,29.59,33.86
12350320,26.82,41.62,284.00,29.60,33.99
12380368,26.81,41.53,285.00,29.60,33.84
12410416,26.77,42.74,286.00,29.60,33.76
12440464,26.72,45.06,285.00,29.59,35.17
12470514,26.67,41.38,287.00,29.58,34.16
12500561,26.68,40.36,286.00,29.60,33.56
12530610,26.69,44.86,287.00,29.60,34.47
12560657,26.68,45.09,288.00,29.60,34.55
12590705,26.71,42.50,291.00,29.59,34.19
12620752,26.71,42.08,292.00,29.60,34.02
12650801,26.74,42.81,292.00,29.60,33.73
12680849,26.74,42.48,293.00,29.59,34.16
12710896,26.72,36.38,294.00,29.62,32.52
12740944,26.78,40.68,292.00,29.60,31.86
12770992,26.79,40.70,291.00,29.62,31.99
12801039,26.79,37.29,287.00,29.62,32.73
12831087,26.82,40.42,285.00,29.62,31.92
12861137,26.85,39.55,284.00,29.63,32.44
12891186,26.87,40.58,284.00,29.62,32.15
12921234,26.86,37.56,285.00,29.63,32.34
12951281,26.91,40.58,284.00,29.63,31.99
12981332,26.89,39.44,285.00,29.66,32.38
13011382,26.95,37.97,285.00,29.65,31.14
13041430,27.01,37.22,285.00,29.65,31.65
13071478,27.01,36.27,285.00,29.66,31.25
13101527,27.08,35.99,292.00,29.68,30.90
13131574,27.12,33.62,297.00,29.68,30.56
13161622,27.27,32.14,303.00,29.66,29.22
13191669,27.38,33.22,300.00,29.70,28.89
13221720,27.39,33.34,293.00,29.72,29.38
13251767,27.46,31.96,292.00,29.75,28.68
13281815,27.54,34.44,287.00,29.76,28.48
13311862,27.54,32.30,285.00,29.73,28.50
13341911,27.53,32.66,281.00,29.79,28.56
13371958,27.63,31.99,279.00,29.79,28.13
13402006,27.67,31.87,278.00,29.82,28.35
13432053,27.68,33.97,279.00,29.85,28.77
13462102,27.61,33.74,294.00,29.83,28.88
13492149,27.58,33.15,317.00,29.86,28.74
13522197,27.53,36.15,318.00,29.86,29.44
13552244,27.44,35.54,324.00,29.87,29.41
13582292,27.43,34.39,329.00,29.89,29.05
13612343,27.38,35.90,329.00,29.92,29.53
13642391,27.35,33.65,329.00,29.89,29.41
13672438,27.32,37.49,327.00,29.90,29.04
13702487,27.28,35.05,325.00,29.90,28.95
13732534,27.24,35.94,322.00,29.90,29.71
13762582,27.23,37.18,320.00,29.90,29.84
13792629,27.24,33.59,319.00,29.89,29.65
13822680,27.21,37.67,319.00,29.92,29.73
13852727,27.20,35.11,318.00,29.93,29.51
13882775,27.27,35.34,321.00,29.86,28.72
13912822,27.25,35.19,321.00,29.87,28.92
13942871,27.25,33.93,322.00,29.89,28.80
13972921,27.27,33.83,322.00,29.92,28.66
14002969,27.44,34.01,327.00,29.89,28.10
14033016,27.45,33.90,330.00,29.90,28.86
14063065,27.57,34.93,367.00,29.95,29.11
14093112,27.55,35.06,388.00,29.93,29.10
14123160,27.48,35.91,403.00,29.93,29.48
14153207,27.44,36.42,409.00,29.95,29.33
14183256,27.40,35.04,421.00,29.93,29.12
14213303,27.40,35.63,439.00,29.96,29.28
14243351,27.45,35.57,464.00,29.95,29.60
14273398,27.46,35.35,473.00,29.95,29.54
14303447,27.48,35.95,480.00,29.99,29.65
14333494,27.46,36.14,487.00,29.97,29.77
14363540,27.54,35.41,494.00,29.99,29.33
14393587,27.56,35.65,498.00,30.00,29.58
14423635,27.53,35.43,499.00,30.00,29.66
14453683,27.56,34.67,504.00,30.01,29.82
14483731,27.55,36.32,515.00,29.99,29.85
14513778,27.54,36.30,525.00,30.00,29.83
14543826,27.51,36.21,537.00,30.00,29.87
14573873,27.48,36.45,553.00,30.01,30.07
14603921,27.50,36.65,610.00,30.03,30.21
14633968,27.50,36.92,634.00,30.03,30.21
14664018,27.52,36.88,641.00,30.03,30.23
14694066,27.53,37.42,650.00,30.03,30.57
14724116,27.60,37.88,690.00,30.04,30.66
14754163,27.68,38.33,690.00,30.06,30.70
14784211,27.69,37.67,702.00,30.07,30.86
14814259,27.67,37.54,708.00,30.08,30.89
14844307,27.64,38.32,710.00,30.10,30.98
14874354,27.54,37.29,707.00,30.10,30.98
14904402,27.68,35.62,679.00,30.08,30.07
14934450,27.81,35.06,594.00,30.11,29.84
14964498,27.80,37.21,574.00,30.13,30.16
14994545,27.73,35.71,555.00,30.13,30.54
15024593,27.67,36.14,561.00,30.16,30.09
15054640,27.63,35.31,553.00,30.17,30.29
15084691,27.61,36.34,539.00,30.13,30.39
15114738,27.56,36.05,528.00,30.14,30.54
15144786,27.58,34.86,519.00,30.14,29.66
15174834,27.61,34.00,507.00,30.14,29.93
15204882,27.69,34.07,462.00,30.16,29.44
15234929,27.61,36.32,461.00,30.13,30.20
15264977,27.69,32.48,462.00,30.16,28.74
15295025,27.61,35.24,416.00,30.13,29.37
15325073,27.63,33.26,415.00,30.14,29.59
15355120,27.76,33.17,409.00,30.13,28.10
15385168,27.70,35.68,401.00,30.17,29.60
15415216,27.74,32.62,406.00,30.14,28.25
15445264,27.70,34.61,404.00,30.18,29.33
15475316,27.72,31.88,408.00,30.16,28.78
15505364,27.83,33.04,388.00,30.14,27.86
15535412,27.82,31.91,351.00,30.18,27.85
15565460,27.82,31.58,343.00,30.17,27.70
15595507,27.88,30.99,339.00,30.17,27.08
15625555,27.90,33.20,325.00,30.18,27.20
15655603,27.87,31.79,317.00,30.17,27.58
15685651,27.83,31.62,314.00,30.21,27.17
15715698,27.87,29.98,309.00,30.21,26.71
15745746,27.92,30.30,301.00,30.21,26.41
15775794,27.88,31.61,296.00,30.21,27.33
15805842,27.80,32.83,293.00,30.21,27.40
15835892,27.87,30.30,293.00,30.21,26.38
15865940,27.84,31.51,291.00,30.21,26.83
15895989,27.87,30.91,295.00,30.27,26.80
15926036,27.83,30.67,296.00,30.21,26.40
15956086,27.90,29.88,293.00,30.23,26.05
15986134,27.95,33.02,289.00,30.24,25.94
16016182,27.88,32.19,285.00,30.23,26.93
16046229,27.79,34.13,286.00,30.27,27.01
16076277,27.75,33.34,288.00,30.26,27.05
16106324,27.71,33.11,286.00,30.26,27.05
16136373,27.64,31.28,283.00,30.26,27.25
16166420,27.61,35.09,281.00,30.26,27.29
16196468,27.61,32.49,279.00,30.27,26.95
16226519,27.59,32.26,278.00,30.21,27.00
16256567,27.56,33.48,275.00,30.24,26.79
16286616,27.56,30.40,269.00,30.24,26.77
16316664,27.59,33.82,264.00,30.21,26.71
16346713,27.60,31.05,257.00,30.23,26.79
16376760,27.58,31.72,256.00,30.21,26.88
16406808,27.56,33.48,254.00,30.23,26.57
16436856,27.55,31.13,251.00,30.24,26.61
16466904,27.55,31.84,247.00,30.23,26.22
16496952,27.58,32.27,244.00,30.21,26.28
16526999,27.60,29.66,240.00,30.18,26.13
16557047,27.56,32.88,235.00,30.20,26.67
16587097,27.55,32.08,231.00,30.20,26.66
16617145,27.53,31.03,231.00,30.23,26.28
16647192,27.60,31.38,230.00,30.20,25.96
16677240,27.58,31.09,231.00,30.21,25.70
16707288,27.60,33.51,229.00,30.18,26.46
16737336,27.57,30.58,228.00,30.20,26.16
16767383,27.56,30.73,229.00,30.20,26.12
16797431,27.61,30.26,229.00,30.20,25.46
16827480,27.67,28.99,228.00,30.20,25.26
16857527,27.71,30.43,227.00,30.21,24.81
16887575,27.74,31.32,227.00,30.21,25.04
16917622,27.72,30.47,225.00,30.20,25.70
16947670,27.71,28.39,225.00,30.20,25.34
16977721,27.83,27.81,224.00,30.21,24.36
17007768,27.81,32.08,222.00,30.20,25.16
17037816,27.76,30.21,220.00,30.20,25.36
17067864,27.72,31.75,220.00,30.21,25.20
17097914,27.66,31.71,218.00,30.24,25.45
17127961,27.63,30.12,216.00,30.23,25.24
17158009,27.60,33.00,215.00,30.21,25.47
17188057,27.55,32.18,214.00,30.20,25.86
17218105,27.53,30.16,215.00,30.20,25.70
17248152,27.49,29.42,215.00,30.20,25.99
17278200,27.58,28.01,216.00,30.21,24.58
17308248,27.61,29.95,218.00,30.21,24.31
17338299,27.58,29.67,220.00,30.21,24.62
17368346,27.55,30.02,222.00,30.20,24.91
17398393,27.51,30.18,228.00,30.20,24.94
17428441,27.48,30.57,233.00,30.20,25.23
17458489,27.46,30.58,237.00,30.18,25.24
17488536,27.47,30.43,241.00,30.18,25.14
17518584,27.45,31.36,244.00,30.17,25.56
17548632,27.44,31.33,254.00,30.17,25.56
17578680,27.40,31.78,264.00,30.17,25.67
17608727,27.38,32.38,267.00,30.14,25.80
17638774,27.42,30.64,272.00,30.16,25.46
17668822,27.46,31.09,274.00,30.14,25.57
17698870,27.48,31.29,276.00,30.17,25.71
17728920,27.44,31.38,275.00,30.13,25.77
17758968,27.38,31.54,276.00,30.14,25.83
17789016,27.36,31.49,277.00,30.13,25.89
17819064,27.36,31.75,276.00,30.10,25.83
17849111,27.31,32.23,275.00,30.10,26.01
17879158,27.28,31.61,273.00,30.10,25.88
17909208,27.28,32.15,270.00,30.07,25.91
17939256,27.28,32.04,268.00,30.07,26.02
17969303,27.24,31.53,267.00,30.03,25.85
17999351,27.26,31.81,265.00,30.06,25.78
18029399,27.26,31.45,262.00,30.03,25.82
18059447,27.24,32.04,259.00,30.03,25.93
18089497,27.26,31.32,258.00,30.03,25.92
18119544,27.26,31.86,257.00,30.00,26.01
18149593,27.29,31.84,257.00,30.00,26.01
18179641,27.29,32.65,256.00,30.03,26.25
18209688,27.29,32.62,257.00,30.01,26.31
18239736,27.27,33.17,257.00,30.00,26.71
18269784,27.26,33.03,256.00,29.99,26.75
18299832,27.28,32.94,255.00,29.97,26.75
18329879,27.29,32.90,255.00,29.96,26.74
18359926,27.28,33.18,253.00,29.96,26.85
18389975,27.28,33.34,252.00,29.97,27.06
18420022,27.29,33.74,250.00,30.00,26.93
18450070,27.27,33.48,250.00,29.97,27.00
18480120,27.25,33.50,251.00,29.99,27.10
18510169,27.24,33.64,249.00,29.99,27.26
18540216,27.24,33.86,250.00,30.00,27.26
18570264,27.23,33.66,249.00,30.00,27.33
18600311,27.23,34.16,248.00,30.00,27.42
18630360,27.22,33.57,247.00,29.99,27.37
18660407,27.24,33.46,247.00,30.00,27.24
18690455,27.24,33.30,246.00,30.00,27.13
18720504,27.24,33.14,245.00,29.99,27.01
18750553,27.27,33.52,245.00,29.99,27.14
18780600,27.26,33.73,245.00,30.01,27.32
18810648,27.25,33.85,244.00,30.00,27.23
18840698,27.24,33.23,244.00,29.99,27.27
18870747,27.21,33.63,244.00,29.97,27.14
18900794,27.22,33.10,247.00,30.00,27.00
18930842,27.23,32.85,247.00,30.01,26.96
18960889,27.26,33.88,245.00,29.99,27.01
18990937,27.22,33.35,243.00,29.97,27.10
19020985,27.20,32.42,244.00,29.97,26.75
19051032,27.19,32.12,241.00,29.96,26.46
19081080,27.20,31.73,241.00,29.97,26.25
19111129,27.21,32.16,237.00,29.95,26.20
19141176,27.23,31.92,236.00,29.93,26.24
19171224,27.21,32.05,236.00,29.96,26.30
19201271,27.22,31.53,235.00,29.93,26.01
19231322,27.22,32.04,235.00,29.96,26.28
19261369,27.19,31.92,233.00,29.96,26.06
19291417,27.18,31.76,232.00,29.93,26.19
19321464,27.16,32.44,231.00,29.95,26.13
19351513,27.14,32.36,231.00,29.93,26.35
19381560,27.13,32.22,231.00,29.93,26.43
19411608,27.14,31.50,232.00,29.93,26.01
19441655,27.15,32.03,231.00,29.95,26.12
19471704,27.15,31.18,229.00,29.93,25.85
19501751,27.14,32.37,228.00,29.92,25.96
19531801,27.13,31.38,225.00,29.93,25.98
19561849,27.15,30.88,224.00,29.93,25.58
19591900,27.15,31.07,223.00,29.90,25.57
19621947,27.15,31.05,223.00,29.93,25.61
19651995,27.16,30.91,223.00,29.95,25.47
19682042,27.17,31.51,223.00,29.92,25.38
19712091,27.17,30.72,223.00,29.90,25.44
19742138,27.15,30.76,221.00,29.92,25.52
19772186,27.15,30.58,219.00,29.92,25.25
19802233,27.17,31.81,219.00,29.90,25.35
19832282,27.17,31.16,219.00,29.90,25.38
19862329,27.15,32.09,219.00,29.90,25.75
19892377,27.15,31.70,220.00,29.90,25.68
19922424,27.15,32.07,221.00,29.92,25.76
19952473,27.11,31.67,220.00,29.90,25.77
19982523,27.14,31.11,222.00,29.89,25.39
20012571,27.13,30.47,223.00,29.90,25.29
20042618,27.17,30.72,224.00,29.90,25.25
20072667,27.18,31.89,225.00,29.89,25.28
20102714,27.16,31.48,223.00,29.87,25.58
20132762,27.15,31.20,221.00,29.90,25.54
20162809,27.13,31.54,220.00,29.89,25.62
20192858,27.10,32.04,218.00,29.90,25.60
20222905,27.07,31.66,219.00,29.87,25.52
20252953,27.07,31.53,219.00,29.90,25.52
20283000,27.08,31.70,219.00,29.87,25.63
20313049,27.06,31.62,219.00,29.87,25.58
20343100,27.03,31.79,219.00,29.86,25.62
20373148,27.06,30.88,218.00,29.86,25.39
20403195,27.06,30.63,219.00,29.86,25.26
20433244,27.10,30.59,219.00,29.89,25.02
20463291,27.10,30.57,220.00,29.85,25.16
20493339,27.12,30.91,222.00,29.83,25.14
20523386,27.14,30.71,224.00,29.87,25.13
20553435,27.14,30.53,224.00,29.86,25.15
20583481,27.13,30.70,224.00,29.85,25.19
20613529,27.15,31.08,225.00,29.85,25.12
20643576,27.13,30.92,226.00,29.83,25.19
20673625,27.12,32.01,225.00,29.83,25.34
20703672,27.13,31.59,225.00,29.86,25.58
20733722,27.11,30.93,225.00,29.85,25.33
20763769,27.08,30.44,224.00,29.85,25.07
20793818,27.08,29.93,224.00,29.85,24.87
20823865,27.07,29.89,223.00,29.83,24.73
20853913,27.15,27.41,224.00,29.80,24.32
20883961,27.20,28.33,222.00,29.82,23.88
20914009,27.32,25.93,225.00,29.80,22.90
20944057,27.41,26.49,225.00,29.79,22.89
20974104,27.45,26.92,228.00,29.80,22.96
21004151,27.42,27.29,236.00,29.82,23.17
21034199,27.39,27.65,241.00,29.83,23.30
21064247,27.32,27.92,247.00,29.82,23.47
21094297,27.28,28.47,250.00,29.83,23.63
21124345,27.26,28.38,255.00,29.85,23.65
21154394,27.23,29.02,258.00,29.85,23.69
21184443,27.24,28.76,259.00,29.82,23.80
21214490,27.23,28.93,262.00,29.85,23.85
21244538,27.21,29.02,264.00,29.82,23.88
21274586,27.19,28.71,266.00,29.82,23.80
21304634,27.16,29.18,271.00,29.82,23.92
21334681,27.15,30.19,274.00,29.80,24.05
21364729,27.16,29.69,274.00,29.82,24.06
21394777,27.14,29.81,274.00,29.85,24.44
21424825,27.10,30.40,275.00,29.82,24.44
21454872,27.09,30.46,279.00,29.85,24.25
21484923,27.10,30.29,282.00,29.83,24.34
21514971,27.13,29.90,285.00,29.83,24.38
21545019,27.10,30.22,287.00,29.83,24.36
21575066,27.08,29.92,288.00,29.83,24.41
21605114,27.10,30.70,288.00,29.83,24.64
21635162,27.09,30.93,288.00,29.82,24.57
21665210,27.06,29.76,289.00,29.82,24.44
21695257,27.08,29.75,290.00,29.80,24.38
21725305,27.09,29.72,290.00,29.85,24.34
21755353,27.11,30.52,289.00,29.83,24.42
21785401,27.07,29.89,288.00,29.82,24.45
21815448,27.06,30.14,286.00,29.82,24.52
21845498,27.06,30.68,285.00,29.82,24.67
21875547,27.07,31.33,283.00,29.82,24.78
21905595,27.09,31.29,281.00,29.79,25.20
21935642,27.09,31.36,283.00,29.82,25.33
21965691,27.10,31.43,292.00,29.82,25.42
21995740,27.14,31.66,304.00,29.80,25.49
22025788,27.13,31.54,309.00,29.80,25.47
22055835,27.15,31.29,313.00,29.82,25.49
22085883,27.16,31.44,312.00,29.82,25.52
22115931,27.17,31.62,310.00,29.82,25.60
22145979,27.14,31.61,305.00,29.80,25.63
22176026,27.14,31.56,307.00,29.83,25.69
22206074,27.12,31.70,306.00,29.82,25.75
22236124,27.14,31.70,307.00,29.82,25.76
22266172,27.16,31.96,307.00,29.80,25.83
22296220,27.12,31.88,309.00,29.83,25.91
22326268,27.14,31.91,312.00,29.80,25.93
22356317,27.14,32.08,312.00,29.82,25.92
22386364,27.13,31.89,311.00,29.85,25.95
22416412,27.13,31.80,309.00,29.83,25.88
22446459,27.09,31.81,306.00,29.83,25.88
22476508,27.08,31.76,304.00,29.83,25.88
22506555,27.07,31.54,301.00,29.82,25.72
22536603,27.06,31.44,298.00,29.82,25.73
22566650,27.11,31.58,294.00,29.80,25.65
22596701,27.09,31.38,289.00,29.82,25.63
22626748,27.07,31.09,286.00,29.82,25.50
22656796,27.07,31.77,285.00,29.82,25.47
22686843,27.09,31.12,282.00,29.79,25.46
22716892,27.07,30.68,278.00,29.82,25.30
22746939,27.06,30.66,279.00,29.77,25.22
22776989,27.08,30.66,275.00,29.79,25.17
22807037,27.09,30.67,271.00,29.79,25.07
22837086,27.04,30.52,269.00,29.79,25.10
22867133,27.06,30.87,268.00,29.79,25.05
22897181,27.08,30.63,267.00,29.80,25.10
22927228,27.09,31.11,267.00,29.77,25.14
22957277,27.09,31.61,265.00,29.80,25.18
22987326,27.07,30.62,263.00,29.77,25.14
23017374,27.07,30.59,261.00,29.77,25.10
23047421,27.05,30.75,262.00,29.79,25.08
23077470,27.07,31.45,264.00,29.77,25.14
23107517,27.10,31.71,266.00,29.77,25.37
23137565,27.09,31.76,273.00,29.79,25.54
23167612,27.11,31.84,296.00,29.77,25.63
23197661,27.14,31.95,315.00,29.80,25.76
23227708,27.16,32.47,337.00,29.79,25.79
23257756,27.15,32.42,347.00,29.79,26.00
23287804,27.16,33.76,362.00,29.82,26.18
23317853,27.15,33.05,405.00,29.80,26.31
23347902,27.15,33.10,436.00,29.83,26.50
23377950,27.16,33.50,449.00,29.83,26.61
23407997,27.17,35.12,454.00,29.86,26.74
23438046,27.12,34.33,454.00,29.86,26.99
23468093,27.15,34.59,415.00,29.87,27.12
23498140,27.14,35.52,403.00,29.86,27.39
23528187,27.13,34.05,404.00,29.87,27.35
23558236,27.12,32.50,398.00,29.86,27.09
23588285,27.15,34.53,396.00,29.86,26.73
23618333,27.18,33.93,398.00,29.89,27.25
23648380,27.17,34.90,402.00,29.87,27.21
23678429,27.17,34.36,409.00,29.89,27.33
23708476,27.16,34.58,411.00,29.90,27.38
23738527,27.20,34.54,420.00,29.90,27.58
23768574,27.23,35.04,440.00,29.90,27.84
23798622,27.21,35.30,457.00,29.93,27.97
23828670,27.24,34.63,464.00,29.93,27.93
23858717,27.24,35.29,464.00,29.93,27.68
23888765,27.22,34.07,463.00,29.90,27.44
23918813,27.23,36.21,462.00,29.96,27.87
23948860,27.23,35.10,464.00,29.95,27.61
23978907,27.23,34.80,463.00,29.97,27.64
24008955,27.20,34.89,462.00,29.96,27.76
24039003,27.21,35.89,460.00,29.95,27.94
24069051,27.20,35.51,458.00,29.97,28.09
24099101,27.20,36.54,459.00,29.97,28.45
24129149,27.21,36.15,464.00,29.97,28.39
24159197,27.18,37.36,466.00,29.96,28.90
24189245,27.19,36.62,468.00,29.99,28.84
24219292,27.20,36.32,469.00,29.99,28.83
24249340,27.18,36.17,470.00,29.97,28.93
24279388,27.20,37.35,472.00,29.99,29.01
24309436,27.19,36.43,472.00,29.99,29.00
24339483,27.18,36.92,471.00,29.97,29.16
24369531,27.18,36.61,471.00,30.00,29.03
24399579,27.20,36.84,472.00,30.00,29.45
24429629,27.19,37.33,472.00,30.01,29.23
24459676,27.18,37.74,475.00,29.97,29.53
24489726,27.17,37.26,479.00,29.99,29.52
24519775,27.18,38.05,481.00,30.00,29.68
24549822,27.17,37.60,481.00,30.00,29.82
24579870,27.16,37.91,477.00,30.00,29.72
24609917,27.15,37.87,474.00,30.01,29.62
24639966,27.17,37.26,467.00,30.01,29.75
24670014,27.16,37.75,467.00,30.01,29.74
24700061,27.17,37.04,464.00,30.01,29.72
24730109,27.15,37.32,463.00,30.00,29.66
24760157,27.15,36.99,464.00,30.01,29.56
24790205,27.15,37.09,465.00,29.99,29.69
24820252,27.18,36.98,468.00,30.00,29.76
24850302,27.16,37.10,471.00,30.00,29.80
24880350,27.17,37.12,472.00,29.99,29.63
24910398,27.16,37.66,472.00,30.01,29.90
24940445,27.15,38.10,476.00,30.00,30.12
24970493,27.13,37.07,479.00,30.03,29.85
25000541,27.13,38.33,478.00,30.00,30.05
25030589,27.12,37.41,476.00,30.01,29.94
25060636,27.12,37.86,475.00,30.00,29.82
25090684,27.13,37.93,474.00,30.01,30.24
25120732,27.12,38.37,475.00,30.01,30.24
25150780,27.14,38.44,474.00,30.01,30.34
25180827,27.10,38.39,476.00,30.00,30.44
25210875,27.11,38.38,476.00,29.99,30.32
25240928,27.09,38.45,476.00,29.99,30.44
25270976,27.09,38.23,476.00,30.01,30.54
25301025,27.05,38.28,474.00,30.00,30.44
25331073,27.07,38.63,474.00,30.00,30.47
25361121,27.07,38.49,476.00,30.03,30.56
25391168,27.05,37.54,478.00,30.00,30.27
25421216,27.06,38.15,480.00,29.99,30.28
25451264,27.04,37.97,478.00,30.01,30.20
25481312,27.04,38.28,475.00,29.99,30.25
25511359,27.02,37.97,469.00,29.99,30.27
25541407,27.01,37.88,461.00,29.99,30.41
25571454,27.02,38.42,455.00,29.97,30.51
25601506,27.01,38.74,452.00,29.99,30.54
25631553,27.05,38.27,448.00,29.97,30.40
25661601,27.02,37.83,450.00,29.99,30.22
25691649,27.06,38.64,451.00,29.96,30.31
25721697,27.05,38.03,451.00,29.95,30.43
25751744,27.05,38.65,452.00,29.97,30.40
25781792,27.02,38.30,456.00,29.95,30.62
25811840,27.02,38.30,457.00,29.97,30.58
25841888,27.01,39.08,456.00,29.96,30.80
25871935,27.00,38.16,453.00,29.96,30.51
25901983,26.99,38.06,452.00,29.96,30.62
25932030,26.99,37.78,450.00,29.96,30.44
25962079,26.98,38.10,448.00,29.96,30.42
25992129,26.98,38.10,446.00,29.93,30.38
26022178,26.96,38.62,446.00,29.95,30.48
26052227,26.97,38.22,447.00,29.95,30.51
26082275,26.98,38.64,448.00,29.96,30.80
26112322,26.98,38.91,447.00,29.96,30.90
26142370,26.96,38.17,446.00,29.93,30.40
26172418,26.97,38.46,445.00,29.93,30.64
26202466,26.98,38.81,447.00,29.92,30.71
26232513,26.98,38.57,448.00,29.92,30.69
26262561,26.97,38.84,450.00,29.92,30.84
26292609,26.94,38.81,449.00,29.92,30.96
26322657,26.96,39.24,448.00,29.93,31.04
26352706,26.95,38.48,447.00,29.89,30.62
26382754,26.95,38.55,448.00,29.92,30.65
26412802,26.96,38.38,450.00,29.92,30.68
26442850,26.96,38.65,452.00,29.90,30.95
26472897,26.95,38.76,454.00,29.93,30.72
26502945,26.98,38.70,457.00,29.93,30.82
26532993,26.95,38.49,459.00,29.90,30.82
26563041,26.94,38.46,458.00,29.90,30.72
26593088,26.98,38.67,458.00,29.92,30.79
26623136,26.94,38.75,458.00,29.90,30.65
26653182,26.96,38.47,461.00,29.90,30.71
26683231,26.96,38.84,461.00,29.90,30.71
26713282,26.95,38.23,458.00,29.90,30.66
26743332,26.95,38.65,457.00,29.90,30.75
26773380,26.94,38.44,456.00,29.90,30.72
26803427,26.93,38.76,455.00,29.92,30.84
26833475,26.95,39.36,455.00,29.89,30.93
26863524,26.95,38.68,454.00,29.90,30.85
26893573,26.94,38.84,455.00,29.89,30.85
26923620,26.95,38.75,456.00,29.89,31.04
26953668,26.93,39.56,460.00,29.89,31.25
26983715,26.96,38.95,461.00,29.90,31.12
27013764,26.94,38.81,462.00,29.89,31.05
27043811,26.93,38.83,464.00,29.87,31.12
27073859,26.91,38.73,465.00,29.87,31.15
27103908,26.94,38.38,466.00,29.89,30.83
27133957,26.94,38.49,467.00,29.86,30.90
27164004,26.91,38.62,468.00,29.87,31.06
27194052,26.90,39.07,468.00,29.86,31.08
27224099,26.93,39.01,468.00,29.89,31.02
27254148,26.90,39.12,467.00,29.86,30.83
27284195,26.89,38.87,468.00,29.85,30.96
27314243,26.92,39.12,468.00,29.87,31.08
27344290,26.91,38.74,467.00,29.85,30.96
27374339,26.90,39.03,465.00,29.86,31.09
27404386,26.91,38.96,466.00,29.85,31.07
27434434,26.90,39.60,466.00,29.86,31.21
27464481,26.92,38.95,466.00,29.86,31.13
27494533,26.90,39.39,469.00,29.86,31.38
27524580,26.90,38.54,468.00,29.85,30.92
27554628,26.89,38.06,465.00,29.85,31.03
27584675,26.89,38.35,462.00,29.83,30.63
27614724,26.87,38.26,461.00,29.86,30.79
27644771,26.88,38.37,460.00,29.85,30.64
27674821,26.87,37.99,457.00,29.82,30.61
27704868,26.89,38.80,455.00,29.83,30.47
27734917,26.88,37.84,451.00,29.82,30.31
27764964,26.88,38.58,447.00,29.83,30.31
27795012,26.87,38.59,446.00,29.85,30.33
27825059,26.87,38.10,445.00,29.80,30.26
27855111,26.89,37.94,444.00,29.82,30.31
27885158,26.87,38.15,442.00,29.83,30.14
27915206,26.90,37.29,442.00,29.80,30.21
27945253,26.87,38.19,444.00,29.82,30.26
27975301,26.87,38.59,445.00,29.82,30.38
28005349,26.88,38.10,446.00,29.83,30.63
28035396,26.86,37.74,444.00,29.80,30.21
28065444,26.85,37.90,447.00,29.82,30.40
28095492,26.89,37.71,446.00,29.80,30.47
28125540,26.86,37.54,445.00,29.80,30.12
28155587,26.87,38.64,446.00,29.83,30.37
28185635,26.83,37.58,443.00,29.83,30.17
28215683,26.86,38.22,440.00,29.80,30.39
28245734,26.86,38.08,436.00,29.79,30.10
28275781,26.86,38.85,433.00,29.80,30.06
28305829,26.85,37.50,431.00,29.80,30.12
28335877,26.83,38.03,430.00,29.80,30.02
28365925,26.83,38.34,429.00,29.80,30.02
28395972,26.83,38.04,429.00,29.80,29.99
28426020,26.83,38.31,427.00,29.80,30.41
28456068,26.85,38.28,429.00,29.79,30.34
28486118,26.86,38.40,429.00,29.77,30.32
28516165,26.83,38.17,431.00,29.80,30.36
28546213,26.85,38.46,431.00,29.79,30.58
28576261,26.83,38.80,431.00,29.79,30.59
28606311,26.82,38.67,432.00,29.82,30.48
28636359,26.82,38.59,435.00,29.80,30.61
28666406,26.85,38.79,438.00,29.80,30.70
28696455,26.82,38.08,440.00,29.79,30.47
28726503,26.83,38.34,440.00,29.82,30.55
28756550,26.85,38.62,444.00,29.79,30.42
28786598,26.82,38.06,446.00,29.76,30.49
28816646,26.84,39.26,447.00,29.77,30.55
28846694,26.83,38.46,445.00,29.77,30.46
28876741,26.83,38.03,442.00,29.77,30.38
28906789,26.86,39.28,442.00,29.76,30.46
28936837,26.83,38.39,444.00,29.77,30.39
28966885,26.86,38.13,442.00,29.77,30.48
28996934,26.86,39.19,441.00,29.77,30.77
29026982,26.83,38.32,442.00,29.77,30.58
29057030,26.85,38.50,442.00,29.77,30.84
29087078,26.85,38.45,443.00,29.80,30.73
29117125,26.84,38.25,444.00,29.79,30.90
29147173,26.83,37.93,443.00,29.77,30.42
29177222,26.86,38.29,445.00,29.79,30.58
29207270,26.86,37.83,445.00,29.80,30.50
29237317,26.87,37.87,445.00,29.79,30.31
29267365,26.86,38.17,444.00,29.79,30.35
29297415,26.88,38.21,445.00,29.79,30.48
29327463,26.87,38.60,447.00,29.79,30.68
29357512,26.87,38.08,448.00,29.80,30.61
29387560,26.89,38.01,449.00,29.80,30.42
29417608,26.86,38.07,450.00,29.80,30.31
29447656,26.88,37.93,451.00,29.79,30.35
29477703,26.89,38.38,451.00,29.80,30.47
29507751,26.89,37.67,450.00,29.80,30.17
29537798,26.86,37.56,450.00,29.80,30.13
29567846,26.86,37.33,447.00,29.79,30.01
29597893,26.85,38.61,444.00,29.77,30.44
29627941,26.85,37.25,443.00,29.76,30.15
29657989,26.82,37.78,441.00,29.77,30.23
29688037,26.89,37.69,443.00,29.77,30.22
29718084,26.91,37.81,451.00,29.77,30.26
29748134,26.90,38.04,453.00,29.76,30.39
29778183,26.89,37.87,453.00,29.76,30.36
29808230,26.87,37.76,451.00,29.77,30.38
29838278,26.87,37.11,450.00,29.77,30.16
29868325,26.85,36.77,446.00,29.79,29.91
29898374,26.86,36.37,446.00,29.77,29.89
29928421,26.89,37.18,449.00,29.77,29.79
29958469,26.86,37.71,451.00,29.80,29.70
29988515,26.91,35.24,447.00,29.79,29.04
30018564,26.90,35.77,439.00,29.79,28.85
30048611,26.93,36.00,429.00,29.79,29.16
30078661,26.93,36.43,426.00,29.77,29.37
30108711,26.92,36.50,428.00,29.79,29.52
30138760,26.94,37.51,432.00,29.80,29.43
30168807,26.93,37.35,436.00,29.79,29.64
30198855,26.94,37.97,439.00,29.82,30.08
30228902,26.94,37.18,440.00,29.79,29.88
30258951,26.93,37.71,443.00,29.79,29.93
30288998,26.94,37.65,444.00,29.82,29.95
30319046,26.92,37.34,448.00,29.80,30.11
30349093,26.91,37.96,447.00,29.82,30.09
30379142,26.91,37.38,447.00,29.80,29.65
30409189,26.92,37.93,444.00,29.76,29.61
30439237,26.93,37.17,439.00,29.80,29.60
30469287,26.91,37.11,436.00,29.83,29.49
30499336,26.88,37.87,434.00,29.80,29.62
30529383,26.90,37.34,431.00,29.80,29.72
30559431,26.90,37.96,431.00,29.80,29.99
30589478,26.90,37.56,431.00,29.79,29.75
30619527,26.89,36.93,431.00,29.79,29.43
30649574,26.90,36.00,429.00,29.80,29.22
30679622,26.90,36.31,424.00,29.79,29.07
30709669,26.91,36.16,424.00,29.80,29.34
30739718,26.92,36.88,433.00,29.79,29.50
30769765,26.92,37.46,443.00,29.79,29.67
30799813,26.91,37.76,457.00,29.79,29.85
30829860,26.90,37.54,462.00,29.77,29.93
30859912,26.89,37.61,464.00,29.80,30.01
30889961,26.88,38.12,464.00,29.79,30.08
30920009,26.86,37.39,464.00,29.79,30.10
30950056,26.85,37.55,463.00,29.79,29.83
30980105,26.86,36.54,458.00,29.76,29.48
31010153,26.85,38.00,452.00,29.76,29.81
31040200,26.87,37.66,445.00,29.77,29.75
31070248,26.86,36.73,443.00,29.77,29.76
31100296,26.85,37.10,442.00,29.77,29.75
31130344,26.83,37.84,441.00,29.77,29.69
31160391,26.82,37.87,442.00,29.76,29.80
31190439,26.83,37.89,442.00,29.76,29.83
31220489,26.81,37.73,443.00,29.77,29.82
31250537,26.82,37.88,444.00,29.77,29.77
31280584,26.85,38.39,445.00,29.77,29.94
31310632,26.83,38.22,448.00,29.77,30.00
31340680,26.85,36.40,451.00,29.76,29.96
31370728,26.85,36.92,450.00,29.76,29.57
31400775,26.86,38.19,449.00,29.76,29.89
31430823,26.86,37.80,450.00,29.76,30.13
31460872,26.87,38.30,449.00,29.77,30.35
31490920,26.88,38.07,446.00,29.76,30.22
31520967,26.86,38.06,447.00,29.79,30.31
31551015,26.86,38.09,450.00,29.77,30.33
31581063,26.87,38.37,455.00,29.79,30.36
31611113,26.89,37.36,458.00,29.76,30.13
31641160,26.87,38.01,465.00,29.76,30.23
31671208,26.85,37.92,466.00,29.77,30.33
31701258,26.85,38.12,465.00,29.77,30.22
31731306,26.85,38.33,464.00,29.77,30.18
31761353,26.85,37.99,465.00,29.79,30.25
31791401,26.86,37.90,466.00,29.79,30.22
31821449,26.83,37.92,464.00,29.77,30.28
31851497,26.86,37.68,466.00,29.77,30.15
31881544,26.83,37.67,470.00,29.76,30.19
31911592,26.82,37.90,472.00,29.77,30.20
31941640,26.84,38.00,467.00,29.76,30.35
31971690,26.83,38.04,462.00,29.76,30.41
32001738,26.83,37.55,457.00,29.76,30.41
32031787,26.82,38.05,458.00,29.77,30.41
32061834,26.81,37.93,458.00,29.75,30.42
32091882,26.80,38.02,457.00,29.76,30.26
32121929,26.80,38.26,455.00,29.77,30.48
32151977,26.78,38.13,454.00,29.76,30.53
32182026,26.79,38.02,450.00,29.75,30.52
32212074,26.78,38.66,450.00,29.76,30.39
32242123,26.78,38.44,448.00,29.75,30.51
32272172,26.79,38.24,448.00,29.75,30.52
32302220,26.76,38.31,447.00,29.76,30.64
32332268,26.77,38.38,446.00,29.76,30.58
32362318,26.77,38.21,446.00,29.76,30.68
32392366,26.76,38.20,443.00,29.77,30.56
32422414,26.78,38.16,444.00,29.73,30.60
32452461,26.75,38.23,444.00,29.73,30.65
32482509,26.74,38.30,444.00,29.76,30.52
32512559,26.78,38.61,445.00,29.76,30.75
32542607,26.78,37.93,445.00,29.75,30.72
32572654,26.78,38.41,442.00,29.75,30.95
32602702,26.79,38.20,442.00,29.75,30.78
32632750,26.80,38.39,442.00,29.76,30.78
32662797,26.79,38.74,443.00,29.76,30.61
32692844,26.80,37.66,445.00,29.75,30.85
32722895,26.82,38.14,446.00,29.75,30.33
32752943,26.82,37.80,456.00,29.77,30.58
32782991,26.82,38.30,463.00,29.75,30.79
32813038,26.84,38.27,464.00,29.73,30.78
32843086,26.83,38.12,463.00,29.73,30.79
32873134,26.82,37.89,456.00,29.76,30.62
32903181,26.81,38.19,454.00,29.75,30.71
32933229,26.82,38.32,452.00,29.77,30.67
32963276,26.81,38.68,452.00,29.75,30.78
32993324,26.81,38.38,451.00,29.77,30.78
33023372,26.79,38.41,451.00,29.76,30.89
33053419,26.79,38.71,454.00,29.75,31.00
33083467,26.77,38.87,454.00,29.75,30.92
33113518,26.81,38.75,454.00,29.75,30.96
33143565,26.81,39.00,454.00,29.75,31.00
33173613,26.80,38.79,455.00,29.75,31.07
33203661,26.77,38.95,456.00,29.76,31.11
33233709,26.77,38.90,458.00,29.75,31.17
33263757,26.76,39.13,460.00,29.75,31.28
33293804,26.76,39.00,459.00,29.75,31.27
33323854,26.77,38.85,460.00,29.76,31.30
33353902,26.75,39.13,459.00,29.75,31.38
33383950,26.78,39.08,459.00,29.73,31.31
33413997,26.74,38.94,458.00,29.75,31.25
33444045,26.76,38.96,457.00,29.72,31.37
33474096,26.76,39.20,456.00,29.75,31.41
33504144,26.76,38.76,454.00,29.75,31.44
33534191,26.75,39.13,454.00,29.72,31.51
33564238,26.74,39.08,453.00,29.75,31.50
33594287,26.75,39.01,453.00,29.75,31.46
33624334,26.77,39.23,456.00,29.73,31.60
33654382,26.76,39.12,456.00,29.73,31.53
33684429,26.79,39.39,458.00,29.72,31.61
33714478,26.78,39.16,458.00,29.73,31.60
33744526,26.75,39.18,459.00,29.73,31.64
33774574,26.76,39.41,458.00,29.75,31.70
33804621,26.78,39.57,458.00,29.73,31.73
33834670,26.76,39.58,458.00,29.73,31.74
33864719,26.78,39.42,459.00,29.75,31.80
33894767,26.76,39.56,459.00,29.75,31.71
33924815,26.76,39.44,462.00,29.73,31.74
33954864,26.78,39.57,467.00,29.72,31.68
33984911,26.75,39.50,469.00,29.73,31.76
34014958,26.76,39.39,468.00,29.73,31.78
34045006,26.80,39.53,468.00,29.73,31.64
34075054,26.81,38.73,465.00,29.72,31.39
34105102,26.80,38.42,466.00,29.72,31.42
34135151,26.79,38.67,464.00,29.76,31.47
34165199,26.77,38.58,461.00,29.73,31.34
34195248,26.77,38.46,461.00,29.75,31.33
34225297,26.77,38.56,459.00,29.73,31.15
34255345,26.77,38.88,456.00,29.73,31.32
34285393,26.76,39.03,454.00,29.73,31.41
34315442,26.76,39.13,451.00,29.72,31.28
34345489,26.74,38.93,448.00,29.75,31.48
34375537,26.74,38.60,442.00,29.72,31.32
34405584,26.73,38.78,438.00,29.73,31.37
34435633,26.72,38.70,435.00,29.73,31.32
34465680,26.72,38.26,430.00,29.72,31.23
34495728,26.74,37.93,425.00,29.70,30.96
34525775,26.69,38.06,421.00,29.73,30.75
34555824,26.70,37.83,412.00,29.70,30.43
34585871,26.68,37.51,405.00,29.69,30.79
34615921,26.70,37.53,400.00,29.68,30.56
34645969,26.69,37.42,395.00,29.70,30.56
34676017,26.68,36.97,390.00,29.72,30.44
34706065,26.67,36.52,385.00,29.69,29.90
34736112,26.69,36.26,359.00,29.70,29.74
34766160,26.67,35.40,349.00,29.68,29.64
34796209,26.68,35.95,346.00,29.68,29.42
34826257,26.69,35.89,345.00,29.68,29.43
34856304,26.66,36.49,349.00,29.68,29.55
34886352,26.66,36.28,349.00,29.66,29.59
34916400,26.66,35.87,346.00,29.66,29.35
34946450,26.66,35.17,341.00,29.68,29.21
34976499,26.66,35.02,336.00,29.65,29.06
35006548,26.64,35.74,332.00,29.68,29.15
35036596,26.65,35.30,331.00,29.65,28.89
35066644,26.63,35.30,328.00,29.62,28.84
35096691,26.65,35.27,328.00,29.63,28.83
35126739,26.65,35.44,326.00,29.62,28.71
35156787,26.67,35.07,323.00,29.66,29.02
35186835,26.62,35.49,321.00,29.62,28.95
35216882,26.63,34.97,321.00,29.60,28.74
35246930,26.62,34.38,321.00,29.62,28.72
35276978,26.62,34.98,320.00,29.62,28.71
35307026,26.63,35.34,320.00,29.62,28.42
35337073,26.63,35.89,319.00,29.65,28.51
35367124,26.63,35.90,317.00,29.63,28.77
35397172,26.63,35.55,315.00,29.62,28.78
35427219,26.64,35.29,314.00,29.62,28.93
35457267,26.65,35.41,312.00,29.60,28.87
35487314,26.66,35.54,309.00,29.65,28.64
35517363,26.68,35.21,307.00,29.62,28.57
35547410,26.67,34.87,305.00,29.63,28.51
35577458,26.68,35.00,302.00,29.62,28.85
35607505,26.68,35.51,303.00,29.62,28.70
35637554,26.70,35.61,303.00,29.63,28.71
35667601,26.69,35.92,303.00,29.60,28.90
35697648,26.72,35.95,313.00,29.63,29.56
35727698,26.72,35.47,382.00,29.60,29.54
35757749,26.74,35.58,390.00,29.65,29.63
35787796,26.73,35.51,401.00,29.63,29.65
35817844,26.76,36.12,396.00,29.63,29.20
35847891,26.74,35.87,379.00,29.63,29.24
35877940,26.75,36.56,370.00,29.65,29.96
35907987,26.73,36.63,383.00,29.66,29.88
35938035,26.73,36.88,384.00,29.66,29.88
35968082,26.72,36.65,386.00,29.66,29.97
35998131,26.73,36.59,387.00,29.65,29.91
36028178,26.73,37.04,388.00,29.66,30.07
36058225,26.76,36.81,392.00,29.66,30.04
36088272,26.74,37.24,395.00,29.65,30.09
36118324,26.75,36.85,410.00,29.66,30.24
36148372,26.67,37.23,415.00,29.65,30.19
36178419,26.57,37.60,419.00,29.65,30.18
36208467,26.48,37.87,429.00,29.66,30.22
36238515,26.42,37.68,445.00,29.62,30.25
36268563,26.35,37.82,457.00,29.60,30.26
36298610,26.31,37.80,459.00,29.59,30.23
36328658,26.30,38.19,459.00,29.58,30.22
36358706,26.21,37.60,458.00,29.53,30.10
36388754,26.13,37.64,458.00,29.52,29.98
36418801,26.08,37.55,458.00,29.50,29.98
36448849,26.02,37.56,458.00,29.49,29.88
36478900,25.96,37.61,458.00,29.46,29.83
36508948,25.92,37.69,458.00,29.45,29.89
36538995,25.88,37.52,459.00,29.42,29.83
36569046,25.86,37.67,462.00,29.39,29.90
36599093,25.82,37.65,466.00,29.37,29.93
36629141,25.78,37.58,470.00,29.37,29.90
36659188,25.77,37.73,473.00,29.32,29.82
36689236,25.75,37.68,476.00,29.31,29.84
36719284,25.72,37.58,479.00,29.29,29.83
36749332,25.70,37.67,482.00,29.27,29.83
36779379,25.66,37.52,484.00,29.22,29.89
36809427,25.64,37.67,486.00,29.19,29.84
36839476,25.65,37.77,486.00,29.15,29.78
36869526,25.66,37.79,486.00,29.14,29.91
36899573,25.68,38.03,485.00,29.11,29.95
36929622,25.76,37.93,483.00,29.10,30.01
36959669,25.80,37.97,486.00,29.11,30.06
36989717,25.83,37.64,485.00,29.08,30.09
37019765,25.87,37.70,484.00,29.10,30.13
37049812,25.93,37.79,482.00,29.08,30.09
37079861,25.97,37.64,481.00,29.08,30.04
37109908,25.99,37.58,481.00,29.07,29.86
37139956,25.99,37.91,481.00,29.10,30.20
37170003,26.03,38.22,481.00,29.08,30.35
37200052,26.02,38.40,482.00,29.07,30.55
37230101,26.03,38.40,479.00,29.10,30.64
37260149,26.06,38.92,474.00,29.08,30.81
37290196,26.07,39.26,472.00,29.08,31.07
37320245,26.09,39.24,468.00,29.08,31.25
37350292,26.03,39.07,463.00,29.11,31.27
37380342,26.02,38.47,450.00,29.07,30.95
37410390,26.00,38.83,449.00,29.12,31.09
37440438,26.02,38.61,449.00,29.11,31.02
37470486,26.04,38.72,448.00,29.11,30.94
37500533,26.05,38.60,449.00,29.11,30.78
37530582,26.06,38.32,448.00,29.12,30.75
37560630,26.08,38.30,448.00,29.10,30.69
37590678,26.09,38.01,450.00,29.10,30.68
37620727,26.08,37.62,449.00,29.11,30.54
37650776,26.09,37.70,449.00,29.11,30.44
37680823,26.15,38.21,447.00,29.11,30.59
37710871,26.13,37.98,447.00,29.11,30.67
37740918,26.14,38.51,448.00,29.11,30.61
37770967,26.13,38.74,449.00,29.11,30.84
37801014,26.16,38.89,449.00,29.11,30.98
37831062,26.17,38.70,450.00,29.11,31.10
37861109,26.17,38.58,444.00,29.15,30.80
37891158,26.21,39.07,443.00,29.12,31.14
37921206,26.15,38.46,442.00,29.14,31.12
37951254,26.13,38.33,441.00,29.15,31.00
37981303,26.07,38.34,442.00,29.15,30.86
38011352,26.03,38.53,445.00,29.14,30.89
38041400,26.07,38.64,452.00,29.14,30.87
38071448,26.08,38.84,455.00,29.14,30.93
38101495,26.13,38.77,457.00,29.14,31.00
38131544,26.16,38.85,460.00,29.14,30.84
38161591,26.21,38.59,459.00,29.17,30.91
38191640,26.23,38.83,459.00,29.14,31.03
38221688,26.23,37.86,460.00,29.14,30.96
38251737,26.24,37.85,460.00,29.17,30.83
38281785,26.25,37.66,455.00,29.18,30.73
38311832,26.27,37.99,450.00,29.17,30.69
38341880,26.26,36.52,444.00,29.17,30.33
38371930,26.27,37.26,410.00,29.17,30.36
38401978,26.27,37.23,396.00,29.18,30.43
38432025,26.30,36.98,393.00,29.17,30.26
38462073,26.29,35.97,389.00,29.18,30.10
38492121,26.26,36.23,380.00,29.19,29.74
38522169,26.28,36.53,372.00,29.19,30.01
38552216,26.29,36.51,359.00,29.18,29.92
38582264,26.27,36.02,355.00,29.21,29.77
38612312,26.27,35.94,351.00,29.21,29.60
38642360,26.28,35.67,347.00,29.19,29.68
38672407,26.30,36.04,343.00,29.22,29.66
38702454,26.30,36.47,339.00,29.22,29.64
38732505,26.30,36.29,335.00,29.24,29.47
38762552,26.32,36.46,328.00,29.25,29.56
38792600,26.30,35.02,327.00,29.21,29.44
38822647,26.28,34.98,324.00,29.24,29.05
38852696,26.30,34.89,322.00,29.22,29.01
38882743,26.26,35.23,319.00,29.24,29.10
38912791,26.27,35.17,317.00,29.21,28.99
38942838,26.26,34.66,312.00,29.24,28.62
38972887,26.21,34.59,308.00,29.22,28.59
39002934,26.20,34.60,306.00,29.19,28.66
39032984,26.21,35.41,303.00,29.22,28.53
39063031,26.23,35.49,301.00,29.19,28.72
39093080,26.18,35.45,299.00,29.22,28.68
39123129,26.15,35.11,296.00,29.19,28.68
39153177,26.12,34.88,295.00,29.19,28.63
39183224,26.13,34.94,292.00,29.21,28.42
39213273,26.11,35.12,290.00,29.19,28.55
39243320,26.10,34.60,286.00,29.18,28.37
39273367,26.09,34.15,281.00,29.15,28.21
39303415,26.05,34.03,278.00,29.17,28.11
39333463,26.05,34.58,274.00,29.15,27.94
39363511,26.05,34.00,271.00,29.14,27.94
39393559,26.03,34.08,270.00,29.17,27.96
39423607,25.99,33.99,266.00,29.12,27.91
39453655,26.01,33.94,266.00,29.14,27.87
39483705,26.03,33.99,262.00,29.12,27.82
39513752,25.99,33.89,262.00,29.14,27.84
39543800,26.00,34.67,260.00,29.12,27.71
39573848,26.01,34.21,260.00,29.10,27.68
39603896,26.00,33.60,260.00,29.11,27.74
39633943,26.01,34.33,260.00,29.10,27.76
39663991,26.01,34.40,259.00,29.11,27.78
39694039,25.97,33.53,259.00,29.08,27.68
39724087,25.98,33.87,259.00,29.10,27.63
39754134,25.97,33.79,258.00,29.08,27.56
39784182,25.96,33.74,257.00,29.08,27.47
39814230,25.95,33.70,259.00,29.07,27.44
39844280,25.96,33.70,258.00,29.07,27.55
39874330,25.94,33.50,256.00,29.07,27.59
39904378,25.92,34.37,256.00,29.07,27.57
39934426,25.90,33.80,256.00,29.02,27.51
39964474,25.90,33.82,254.00,29.04,27.36
39994521,25.89,33.37,253.00,29.02,27.27
40024569,25.91,33.94,253.00,29.04,27.30
40054620,25.89,33.31,255.00,29.01,27.22
40084667,25.90,32.99,256.00,29.01,27.07
40114715,25.87,33.36,256.00,29.00,27.11
40144762,25.88,33.01,255.00,29.00,26.91
40174811,25.88,32.71,257.00,29.00,26.95
40204858,25.84,32.63,256.00,29.01,26.73
40234909,25.85,33.27,255.00,28.98,26.78
40264956,25.85,32.95,254.00,28.98,26.59
40295005,25.80,32.68,255.00,28.97,26.69
40325052,25.83,32.58,255.00,29.00,26.57
40355100,25.81,32.96,254.00,28.97,26.66
40385147,25.81,32.55,254.00,28.94,26.49
40415196,25.79,32.54,252.00,28.95,26.44
40445243,25.77,33.02,251.00,28.94,26.47
40475291,25.76,32.39,251.00,28.93,26.57
40505338,25.79,32.61,250.00,28.93,26.59
40535387,25.75,32.41,249.00,28.91,26.38
40565434,25.76,32.09,250.00,28.91,26.28
40595482,25.79,32.44,249.00,28.91,26.35
40625533,25.76,32.46,248.00,28.90,26.28
40655583,25.76,33.28,248.00,28.89,26.25
40685630,25.75,32.62,248.00,28.89,26.27
40715678,25.74,32.51,247.00,28.89,26.22
40745726,25.73,32.08,246.00,28.90,26.18
40775774,25.74,32.57,246.00,28.89,26.18
40805822,25.74,32.26,246.00,28.87,26.34
40835869,25.71,32.45,245.00,28.89,26.27
40865917,25.73,33.02,246.00,28.86,26.15
40895965,25.72,32.32,247.00,28.86,26.09
40926013,25.73,32.23,246.00,28.86,26.14
40956060,25.72,32.43,247.00,28.86,26.28
40986112,25.71,32.27,244.00,28.83,26.06
41016159,25.70,32.08,244.00,28.80,26.17
41046207,25.70,32.71,245.00,28.81,26.19
41076254,25.71,32.49,245.00,28.81,26.15
41106302,25.69,31.93,245.00,28.81,26.12
41136350,25.68,32.14,244.00,28.83,26.18
41166398,25.69,32.00,244.00,28.80,26.13
41196445,25.68,32.11,242.00,28.80,26.09
41226493,25.69,32.52,240.00,28.80,26.03
41256541,25.64,32.09,240.00,28.80,26.06
41286589,25.66,31.95,242.00,28.77,26.06
41316637,25.66,32.37,243.00,28.77,26.03
41346684,25.64,32.30,243.00,28.79,26.08
41376735,25.64,32.05,241.00,28.79,25.97
41406782,25.65,31.91,240.00,28.79,26.03
41436832,25.63,32.32,239.00,28.76,25.96
41466880,25.63,32.17,238.00,28.76,26.04
41496928,25.64,32.10,237.00,28.76,25.97
41526975,25.63,31.75,238.00,28.76,26.01
41557023,25.65,32.46,238.00,28.74,26.01
41587070,25.68,31.83,240.00,28.74,25.91
41617119,25.67,32.15,241.00,28.74,25.95
41647166,25.67,32.76,241.00,28.74,25.98
41677214,25.68,32.05,241.00,28.74,25.84
41707261,25.66,31.99,241.00,28.73,26.00
41737311,25.70,31.78,240.00,28.74,25.92
41767359,25.69,32.41,240.00,28.73,25.82
41797406,25.69,31.92,241.00,28.74,25.91
41827454,25.66,31.81,241.00,28.73,25.81
41857502,25.68,32.29,243.00,28.73,25.78
41887550,25.68,32.19,244.00,28.73,25.76
41917597,25.67,32.16,245.00,28.73,25.81
41947644,25.67,32.44,245.00,28.73,25.97
41977692,25.69,32.37,244.00,28.73,25.97
42007740,25.64,31.96,244.00,28.73,25.90
42037787,25.66,31.80,245.00,28.73,26.02
42067835,25.64,32.09,244.00,28.73,26.00
42097883,25.62,32.23,245.00,28.73,25.97
42127934,25.62,31.75,244.00,28.70,25.78
42157981,25.61,32.14,244.00,28.71,25.87
42188029,25.60,32.37,246.00,28.70,25.84
42218078,25.58,31.84,246.00,28.70,25.82
42248125,25.57,31.70,247.00,28.73,25.84
42278174,25.54,31.83,246.00,28.71,25.84
42308222,25.57,31.85,246.00,28.70,25.85
42338270,25.56,32.17,246.00,28.70,25.76
42368318,25.56,31.88,246.00,28.70,25.79
42398365,25.56,31.81,244.00,28.69,25.92
42428413,25.57,32.06,242.00,28.67,25.86
42458461,25.57,32.48,243.00,28.67,25.88
42488511,25.60,32.26,242.00,28.66,25.86
42518559,25.58,32.07,242.00,28.67,25.85
42548606,25.62,32.27,243.00,28.67,25.72
42578655,25.58,32.40,243.00,28.67,25.89
42608702,25.59,32.22,244.00,28.66,25.79
42638750,25.58,32.43,243.00,28.66,25.93
42668797,25.56,32.08,246.00,28.69,25.91
42698846,25.54,31.98,247.00,28.64,25.95
42728894,25.52,32.76,250.00,28.66,25.99
42758941,25.53,32.53,253.00,28.66,26.01
42788988,25.53,32.52,256.00,28.69,26.04
42819037,25.53,32.90,258.00,28.64,26.05
42849085,25.55,32.50,259.00,28.64,26.09
42879135,25.52,32.97,257.00,28.60,25.99
42909184,25.54,32.60,255.00,28.63,26.19
42939231,25.56,32.75,254.00,28.59,26.14
42969279,25.54,32.30,252.00,28.62,26.17
42999326,25.52,32.37,251.00,28.62,26.12
43029374,25.53,32.30,250.00,28.59,26.06
43059422,25.52,32.34,248.00,28.59,26.08
43089472,25.52,32.84,249.00,28.62,26.13
43119519,25.55,32.55,249.00,28.62,26.19
43149568,25.53,32.12,249.00,28.62,26.07
43179615,25.54,32.31,248.00,28.63,26.22
43209663,25.52,32.32,248.00,28.59,26.04
43239713,25.53,32.55,246.00,28.60,26.06
43269762,25.54,32.34,246.00,28.62,26.07
43299809,25.56,32.90,245.00,28.57,26.11
43329857,25.52,32.53,246.00,28.60,26.00
43359904,25.53,32.81,245.00,28.62,26.14
43389953,25.53,32.57,244.00,28.60,26.12
43420000,25.50,33.36,244.00,28.60,26.17
43450047,25.52,32.71,244.00,28.63,26.26
43480095,25.53,32.31,244.00,28.59,26.20
43510142,25.50,32.27,242.00,28.60,26.01
43540191,25.51,32.10,242.00,28.60,25.97
43570238,25.51,32.47,242.00,28.59,26.14
43600286,25.53,32.56,242.00,28.59,26.03
43630337,25.53,32.55,241.00,28.62,25.97
43660385,25.52,32.02,243.00,28.60,25.90
43690432,25.56,33.07,242.00,28.60,26.00
43720480,25.56,32.27,240.00,28.57,25.98
43750528,25.53,32.38,241.00,28.60,25.94
43780576,25.54,32.19,239.00,28.57,26.01
43810623,25.56,32.66,239.00,28.59,26.03
43840671,25.56,32.62,240.00,28.59,26.04
43870718,25.55,32.26,239.00,28.59,26.06
43900768,25.57,32.62,238.00,28.62,26.16
43930816,25.57,32.23,238.00,28.59,26.06
43960863,25.55,32.33,238.00,28.60,26.03
43990915,25.56,32.97,237.00,28.59,26.26
44020962,25.59,33.09,237.00,28.60,26.14
44051010,25.60,32.80,238.00,28.60,26.27
44081057,25.59,32.41,240.00,28.60,26.13
44111106,25.58,32.18,238.00,28.60,26.06
44141153,25.58,32.24,238.00,28.64,26.12
44171201,25.60,32.56,239.00,28.60,26.16
44201248,25.62,33.05,238.00,28.59,26.29
44231297,25.62,32.91,238.00,28.63,26.22
44261344,25.64,32.66,239.00,28.63,26.16
44291392,25.63,32.57,239.00,28.60,26.14
44321439,25.62,32.37,240.00,28.63,26.15
44351488,25.61,32.37,240.00,28.60,26.10
44381538,25.59,33.19,239.00,28.64,26.12
44411585,25.62,32.56,236.00,28.63,26.12
44441633,25.58,32.28,236.00,28.64,26.09
44471681,25.57,33.04,234.00,28.64,26.12
44501729,25.58,32.75,235.00,28.62,26.26
44531776,25.56,32.59,236.00,28.63,26.13
44561824,25.61,32.59,235.00,28.64,26.20
44591872,25.60,32.01,234.00,28.62,26.06
44621920,25.59,32.48,234.00,28.63,26.00
44651967,25.56,32.39,233.00,28.60,25.97
44682014,25.57,32.45,232.00,28.62,26.02
44712064,25.57,32.45,233.00,28.63,26.06
44742115,25.54,32.50,232.00,28.64,26.09
44772162,25.55,32.31,233.00,28.64,26.18
44802210,25.57,32.86,232.00,28.64,26.07
44832258,25.57,33.00,232.00,28.60,26.12
44862305,25.54,32.27,232.00,28.63,26.15
44892353,25.51,32.13,233.00,28.62,26.00
44922400,25.50,32.33,235.00,28.60,25.99
44952449,25.50,32.36,236.00,28.62,25.96
44982496,25.51,32.43,237.00,28.62,25.97
45012544,25.51,32.16,234.00,28.60,25.93
45042591,25.52,32.48,233.00,28.62,26.09
45072640,25.54,32.39,233.00,28.59,26.06
45102687,25.51,32.74,232.00,28.62,26.06
45132732,25.53,32.39,235.00,28.59,26.01
45162779,25.55,32.76,235.00,28.60,25.96
45192827,25.54,32.24,237.00,28.60,26.00
45222875,25.50,32.60,238.00,28.60,26.00
45252923,25.51,32.06,239.00,28.60,26.01
45282970,25.50,32.86,239.00,28.60,26.01
45313018,25.49,32.89,240.00,28.57,26.04
45343066,25.50,32.26,239.00,28.57,26.07
45373114,25.48,33.24,241.00,28.59,25.96
45403162,25.49,32.44,242.00,28.59,26.23
45433210,25.50,32.87,244.00,28.59,26.08
45463261,25.50,32.43,242.00,28.59,25.98
45493311,25.48,32.09,242.00,28.59,25.94
45523361,25.48,32.36,243.00,28.59,25.97
45553409,25.49,32.38,242.00,28.56,25.92
45583457,25.49,32.36,240.00,28.56,25.96
45613504,25.48,32.61,239.00,28.59,25.91
45643552,25.49,32.47,238.00,28.57,26.06
45673600,25.50,32.55,238.00,28.59,25.97
45703648,25.50,32.60,238.00,28.56,25.97
45733695,25.53,32.50,239.00,28.54,26.06
45763743,25.55,32.70,240.00,28.59,26.03
45793790,25.56,32.43,241.00,28.56,26.13
45823839,25.55,32.81,242.00,28.56,26.18
45853889,25.55,32.60,241.00,28.57,26.16
45883937,25.53,32.52,243.00,28.57,26.17
45913985,25.57,32.78,244.00,28.57,26.17
45944033,25.55,32.81,244.00,28.59,26.19
45974080,25.52,32.80,244.00,28.57,26.04
46004128,25.54,32.81,245.00,28.57,26.08
46034176,25.54,32.46,246.00,28.57,26.11
46064224,25.54,32.50,247.00,28.59,26.03
46094271,25.52,32.22,246.00,28.57,25.98
46124319,25.53,32.20,246.00,28.60,25.99
46154366,25.51,32.08,247.00,28.57,26.00
46184415,25.51,32.24,246.00,28.59,25.91
46214463,25.49,32.11,245.00,28.57,26.00
46244512,25.49,32.04,245.00,28.57,25.91
46274561,25.46,32.55,244.00,28.56,25.91
46304608,25.43,32.26,243.00,28.56,25.97
46334658,25.43,32.47,242.00,28.56,25.98
46364706,25.44,32.64,239.00,28.56,25.94
46394755,25.42,32.63,238.00,28.57,25.87
46424802,25.44,32.53,238.00,28.56,25.94
46454850,25.46,33.00,238.00,28.56,26.03
46484897,25.43,32.37,237.00,28.54,25.92
46514946,25.44,32.53,237.00,28.56,25.91
46544993,25.44,32.36,239.00,28.53,25.88
46575041,25.43,32.27,238.00,28.53,25.91
46605090,25.43,32.67,237.00,28.54,26.00
46635139,25.44,32.37,236.00,28.53,25.94
46665186,25.42,32.31,236.00,28.53,26.05
46695234,25.41,32.52,236.00,28.50,25.98
46725281,25.40,32.59,238.00,28.53,26.08
46755330,25.42,32.74,240.00,28.49,26.06
46785378,25.42,32.40,241.00,28.50,26.07
46815425,25.38,32.61,240.00,28.53,25.95
46845476,25.40,32.33,239.00,28.52,26.01
46875525,25.40,32.94,240.00,28.49,26.05
46905572,25.37,32.75,240.00,28.50,26.18
46935620,25.41,33.07,239.00,28.50,26.17
46965667,25.40,32.53,238.00,28.50,26.17
46995718,25.40,32.77,239.00,28.52,26.25
47025766,25.42,33.02,239.00,28.52,26.22
47055813,25.39,32.70,242.00,28.52,26.24
47085861,25.38,32.47,244.00,28.49,26.12
47115909,25.34,32.79,246.00,28.50,26.18
47145959,25.37,32.52,245.00,28.49,26.24
47176006,25.38,32.86,244.00,28.47,26.18
47206054,25.40,32.99,245.00,28.49,26.16
47236102,25.40,32.67,246.00,28.49,26.19
47266150,25.42,33.06,247.00,28.49,26.25
47296198,25.41,32.66,248.00,28.49,26.16
47326246,25.42,32.73,250.00,28.49,26.21
47356296,25.43,32.68,251.00,28.49,26.27
47386343,25.42,33.07,251.00,28.49,26.37
47416391,25.44,33.12,250.00,28.47,26.50
47446438,25.46,33.35,250.00,28.50,26.34
47476487,25.45,33.01,250.00,28.46,26.45
47506534,25.44,33.19,252.00,28.49,26.42
47536581,25.46,34.03,251.00,28.50,26.41
47566628,25.48,33.02,251.00,28.47,26.46
47596677,25.50,33.80,253.00,28.50,26.60
47626724,25.52,33.93,255.00,28.52,26.73
47656772,25.53,33.14,256.00,28.50,26.67
47686819,25.54,33.38,256.00,28.49,26.63
47716868,25.55,33.80,256.00,28.50,26.81
47746918,25.60,33.69,256.00,28.52,26.75
47776966,25.61,33.34,257.00,28.52,26.81
47807013,25.62,33.43,257.00,28.49,26.74
47837061,25.62,33.39,258.00,28.54,26.90
47867108,25.65,33.38,259.00,28.52,27.00
47897156,25.64,33.91,260.00,28.54,27.00
47927203,25.68,33.77,260.00,28.53,27.04
47957252,25.69,34.28,260.00,28.56,27.16
47987302,25.69,34.08,263.00,28.54,27.23
48017349,25.66,34.07,266.00,28.57,27.32
48047397,25.68,33.49,268.00,28.59,27.12
48077445,25.74,33.62,269.00,28.57,27.06
48107495,25.75,34.06,268.00,28.59,27.19
48137542,25.76,34.02,267.00,28.59,27.20
48167590,25.74,33.33,265.00,28.59,26.96
48197638,25.79,33.31,263.00,28.60,26.86
48227686,25.76,33.63,260.00,28.63,26.95
48257733,25.75,33.71,258.00,28.60,27.14
48287781,25.74,33.39,256.00,28.62,27.04
48317829,25.73,33.43,254.00,28.63,27.06
48347877,25.71,33.73,252.00,28.64,26.99
48377924,25.71,33.85,249.00,28.62,26.95
48407972,25.73,34.01,248.00,28.63,27.27
48438020,25.71,33.50,247.00,28.64,27.07
48468068,25.70,34.05,243.00,28.63,27.15
48498119,25.67,33.39,240.00,28.64,27.04
48528166,25.65,33.47,238.00,28.63,26.95
48558215,25.65,33.55,237.00,28.62,27.02
48588262,25.66,33.93,235.00,28.64,27.02
48618310,25.64,33.65,235.00,28.66,27.08
48648357,25.62,34.66,233.00,28.63,27.28
48678406,25.65,34.27,234.00,28.63,27.25
48708453,25.65,34.22,234.00,28.64,27.27
48738501,25.64,34.39,234.00,28.63,27.32
48768548,25.65,34.28,235.00,28.66,27.42
48798599,25.68,34.57,235.00,28.62,27.54
48828646,25.64,34.57,234.00,28.63,27.53
48858697,25.64,35.20,235.00,28.62,27.82
48888744,25.64,34.94,234.00,28.63,27.91
48918793,25.63,35.31,234.00,28.64,27.96
48948840,25.64,35.77,235.00,28.64,28.07
48978888,25.61,35.88,235.00,28.64,28.31
49008935,25.62,35.96,236.00,28.64,28.36
49038984,25.62,36.02,236.00,28.63,28.54
49069032,25.65,35.93,236.00,28.63,28.52
49099079,25.64,36.16,238.00,28.63,28.60
49129127,25.62,36.44,240.00,28.64,28.72
49159175,25.65,36.68,241.00,28.63,28.92
49189223,25.60,36.79,240.00,28.64,29.02
49219270,25.62,36.89,241.00,28.64,29.09
49249320,25.62,37.32,241.00,28.66,29.28
49279369,25.61,37.30,240.00,28.64,29.46
49309416,25.63,37.24,240.00,28.63,29.48
49339464,25.64,37.37,239.00,28.63,29.48
49369511,25.66,37.20,239.00,28.63,29.48
49399559,25.65,37.34,238.00,28.66,29.62
49429607,25.65,37.34,238.00,28.62,29.66
49459655,25.65,38.09,239.00,28.64,29.92
49489702,25.66,38.06,237.00,28.66,30.15
49519751,25.65,38.06,238.00,28.66,30.11
49549799,25.66,38.27,237.00,28.66,30.23
49579846,25.64,38.31,236.00,28.64,30.30
49609899,25.61,39.07,234.00,28.62,30.51
49639947,25.61,39.57,235.00,28.64,30.77
49669994,25.62,39.77,233.00,28.63,31.16
49700042,25.59,39.48,231.00,28.63,31.26
49730089,25.58,39.80,230.00,28.64,31.21
49760138,25.56,39.86,231.00,28.63,31.42
49790185,25.56,40.32,233.00,28.62,31.53
49820233,25.52,40.33,234.00,28.63,31.66
49850280,25.56,40.08,234.00,28.63,31.72
49880329,25.57,39.81,232.00,28.63,31.82
49910376,25.55,40.02,231.00,28.60,31.69
49940424,25.55,40.30,231.00,28.64,31.69
49970471,25.56,40.38,232.00,28.63,31.79
50000523,25.57,40.16,232.00,28.63,31.87
50030571,25.58,40.17,232.00,28.62,31.92
50060618,25.58,40.05,233.00,28.63,31.89
50090667,25.58,40.30,235.00,28.60,32.11
50120714,25.60,40.44,235.00,28.63,32.06
50150762,25.60,40.63,236.00,28.62,32.08
50180809,25.59,41.09,237.00,28.62,32.37
50210857,25.58,40.58,236.00,28.63,32.59
50240905,25.58,41.47,236.00,28.63,32.49
50270953,25.56,41.03,236.00,28.62,32.72
50301000,25.58,41.67,235.00,28.64,32.82
50331048,25.55,41.08,234.00,28.63,32.81
50361099,25.56,41.60,234.00,28.60,32.85
50391148,25.54,41.53,233.00,28.62,32.96
50421196,25.52,42.04,233.00,28.62,33.21
50451245,25.52,42.06,232.00,28.63,33.37
50481292,25.49,42.30,231.00,28.62,33.49
50511340,25.47,42.38,229.00,28.62,33.25
50541387,25.48,42.14,228.00,28.62,33.49
50571436,25.48,41.84,228.00,28.62,33.57
50601483,25.47,42.15,227.00,28.60,33.44
50631530,25.46,42.27,227.00,28.59,33.55
50661578,25.43,42.40,226.00,28.59,33.61
50691625,25.42,42.28,226.00,28.60,33.67
50721674,25.41,42.30,226.00,28.60,33.72
50751723,25.39,42.25,226.00,28.59,33.68
50781771,25.40,42.38,225.00,28.56,33.62
50811819,25.41,42.04,226.00,28.57,33.72
50841867,25.41,42.40,227.00,28.59,33.77
50871914,25.39,42.67,228.00,28.56,33.91
50901962,25.38,42.78,227.00,28.54,33.95
50932009,25.38,42.71,225.00,28.54,34.00
50962058,25.37,42.83,224.00,28.54,33.96
50992105,25.38,42.62,223.00,28.54,34.06
51022152,25.36,42.82,224.00,28.54,34.14
51052200,25.36,43.09,224.00,28.53,34.26
51082248,25.33,42.91,226.00,28.50,34.25
51112298,25.36,42.52,222.00,28.53,34.32
51142345,25.36,42.94,222.00,28.54,34.35
51172393,25.37,43.04,223.00,28.50,34.34
51202441,25.37,43.26,224.00,28.53,34.40
51232491,25.36,43.30,225.00,28.54,34.50
51262538,25.34,43.41,224.00,28.49,34.59
51292587,25.32,43.57,225.00,28.50,34.72
51322634,25.30,43.52,224.00,28.52,34.71
51352682,25.30,43.87,226.00,28.52,34.84
51382729,25.26,43.81,225.00,28.49,34.82
51412777,25.27,43.82,226.00,28.50,34.94
51442825,25.26,43.77,225.00,28.52,34.85
51472873,25.26,43.76,228.00,28.50,34.91
51502924,25.28,43.66,226.00,28.50,34.91
51532972,25.28,43.57,226.00,28.50,34.94
51563020,25.29,43.84,227.00,28.47,35.02
51593067,25.28,43.84,227.00,28.49,35.01
51623115,25.30,43.66,228.00,28.47,35.10
51653163,25.31,43.91,228.00,28.46,35.11
51683211,25.30,43.94,229.00,28.47,35.18
51713258,25.30,44.25,230.00,28.47,35.31
51743306,25.29,44.33,231.00,28.44,35.36
51773353,25.27,43.72,230.00,28.46,35.39
51803402,25.26,44.27,229.00,28.46,35.49
51833449,25.26,44.35,230.00,28.42,35.47
51863500,25.29,44.65,231.00,28.44,35.57
51893548,25.27,44.59,232.00,28.43,35.56
51923596,25.28,44.39,232.00,28.44,35.60
51953644,25.25,44.71,233.00,28.42,35.67
51983691,25.25,44.51,234.00,28.46,35.72
52013740,25.25,44.81,234.00,28.43,35.72
52043789,25.23,44.55,234.00,28.42,35.78
52073837,25.23,44.98,235.00,28.43,35.89
52103884,25.20,44.96,235.00,28.42,35.90
52133933,25.20,44.95,234.00,28.43,35.96
52163980,25.19,45.35,235.00,28.42,36.03
52194028,25.18,45.59,234.00,28.43,36.06
52224075,25.20,45.36,233.00,28.42,36.16
52254126,25.17,45.21,233.00,28.42,36.31
52284173,25.18,45.67,231.00,28.40,36.24
52314221,25.18,45.40,231.00,28.39,36.33
52344268,25.16,45.71,231.00,28.42,36.42
52374317,25.14,45.50,231.00,28.39,36.50
52404365,25.17,45.79,230.00,28.38,36.60
52434413,25.16,45.91,229.00,28.39,36.55
52464460,25.16,45.95,230.00,28.38,36.70
52494509,25.14,46.08,230.00,28.38,36.65
52524556,25.14,46.26,230.00,28.36,36.77
52554603,25.14,46.21,231.00,28.36,36.87
52584651,25.12,46.61,232.00,28.33,37.01
52614702,25.09,46.75,232.00,28.36,37.06
52644750,25.10,46.74,231.00,28.38,37.11
52674797,25.11,46.44,230.00,28.33,37.04
52704845,25.10,46.66,230.00,28.35,37.16
52734893,25.07,46.60,228.00,28.35,37.20
52764941,25.11,46.62,229.00,28.36,37.23
52794988,25.09,46.90,230.00,28.33,37.29
52825036,25.09,46.79,229.00,28.33,37.29
52855086,25.10,46.95,226.00,28.33,37.33
52885134,25.12,46.98,226.00,28.35,37.36
52915181,25.10,46.78,225.00,28.35,37.37
52945229,25.10,46.92,226.00,28.31,37.38
52975277,25.10,47.31,225.00,28.32,37.30
53005328,25.11,47.12,224.00,28.32,37.43
53035376,25.07,47.59,226.00,28.32,37.63
53065423,25.08,47.61,226.00,28.31,37.87
53095472,25.06,47.83,227.00,28.32,37.95
53125519,25.05,47.61,225.00,28.33,38.00
53155567,25.06,47.54,224.00,28.32,37.99
53185614,25.05,47.81,224.00,28.32,37.85
53215663,25.03,47.87,225.00,28.31,37.93
53245710,25.02,47.83,224.00,28.29,38.17
53275758,25.03,47.46,223.00,28.29,38.28
53305805,25.02,48.02,224.00,28.28,38.32
53335854,25.00,48.10,225.00,28.28,38.35
53365904,25.01,48.27,224.00,28.25,38.34
53395952,24.98,48.39,225.00,28.28,38.34
53425998,25.00,48.16,225.00,28.23,38.23
53456047,24.99,48.43,225.00,28.23,38.22
53486094,25.00,48.23,225.00,28.28,38.30
53516142,25.02,48.14,224.00,28.23,38.49
53546189,25.00,48.51,225.00,28.22,38.53
53576238,25.02,48.12,224.00,28.25,38.55
53606287,25.04,48.23,224.00,28.25,38.63
53636334,25.01,48.65,224.00,28.23,38.76
53666384,25.05,48.76,223.00,28.23,38.77
53696432,25.03,48.57,222.00,28.25,38.89
53726480,25.01,48.56,222.00,28.25,38.84
53756537,25.04,48.58,220.00,28.22,38.84
53786586,25.02,48.41,218.00,28.25,38.89
53816633,24.97,48.69,217.00,28.22,38.88
53846680,24.99,48.49,217.00,28.25,38.87
53876727,24.97,48.47,217.00,28.23,38.79
53906776,24.97,48.34,218.00,28.23,38.71
53936823,24.97,47.90,219.00,28.22,38.75
53966871,24.97,48.62,220.00,28.21,38.78
53996918,24.96,48.34,221.00,28.21,38.83
54026967,24.94,48.54,221.00,28.21,38.84
54057014,24.96,48.36,223.00,28.19,38.83
54087062,24.97,48.37,225.00,28.22,38.83
54117111,24.96,48.53,225.00,28.18,38.84
54147160,24.97,48.51,224.00,28.18,38.85
54177208,24.98,48.01,225.00,28.21,38.78
54207256,24.97,48.27,225.00,28.19,38.79
54237303,25.01,48.30,226.00,28.18,38.76
54267351,25.01,48.21,224.00,28.21,38.74
54297399,24.98,48.35,227.00,28.21,38.83
54327446,24.94,48.42,225.00,28.19,38.82
54357494,24.97,48.24,226.00,28.19,38.71
54387542,24.97,48.26,226.00,28.21,38.77
54417590,24.99,48.16,225.00,28.18,38.70
54447639,24.98,47.93,226.00,28.19,38.73
54477687,24.97,47.99,226.00,28.19,38.68
54507738,24.94,48.14,228.00,28.18,38.68
54537786,24.93,47.93,228.00,28.16,38.72
54567833,24.95,47.68,226.00,28.16,38.55
54597881,24.95,47.68,225.00,28.16,38.62
54627929,24.94,47.76,225.00,28.15,38.55
54657977,24.93,47.90,226.00,28.18,38.60
54688024,24.93,48.05,224.00,28.15,38.55
54718072,24.88,48.01,224.00,28.15,38.55
54748120,24.88,47.77,223.00,28.13,38.46
54778168,24.86,47.74,224.00,28.15,38.39
54808215,24.86,47.56,224.00,28.15,38.30
54838262,24.83,47.34,223.00,28.13,38.18
54868314,24.84,47.08,222.00,28.15,38.12
54898361,24.83,47.07,221.00,28.13,38.01
54928409,24.85,47.02,221.00,28.13,37.97
54958456,24.85,46.90,222.00,28.11,37.97
54988505,24.86,46.77,220.00,28.09,37.93
55018552,24.86,46.73,219.00,28.09,37.81
55048600,24.83,46.75,220.00,28.09,37.78
55078647,24.83,46.57,219.00,28.11,37.76
55108696,24.83,46.61,219.00,28.09,37.72
55138743,24.82,46.63,221.00,28.08,37.70
55168791,24.82,46.51,221.00,28.07,37.62
55198838,24.82,46.52,221.00,28.09,37.61
55228887,24.80,46.56,222.00,28.09,37.64
55258939,24.81,46.53,223.00,28.08,37.60
55288987,24.82,46.46,223.00,28.07,37.63
55319035,24.80,46.33,222.00,28.05,37.52
55349083,24.82,46.42,223.00,28.05,37.52
55379131,24.78,46.37,225.00,28.07,37.49
55409178,24.81,46.41,224.00,28.07,37.51
55439226,24.81,46.36,224.00,28.05,37.51
55469274,24.79,46.37,225.00,28.04,37.44
55499322,24.81,46.36,226.00,28.04,37.46
55529369,24.80,46.36,226.00,28.05,37.52
55559417,24.80,46.28,227.00,28.04,37.46
55589465,24.79,46.29,227.00,28.07,37.45
55619516,24.78,46.19,227.00,28.05,37.42
55649563,24.80,46.24,228.00,28.05,37.42
55679611,24.81,46.33,229.00,28.04,37.47
55709659,24.79,46.40,226.00,28.05,37.47
55739707,24.77,46.27,225.00,28.04,37.48
55769754,24.76,46.42,225.00,28.04,37.46
55799802,24.78,46.42,225.00,28.01,37.48
55829850,24.77,46.39,226.00,28.02,37.47
55859897,24.76,46.37,227.00,28.01,37.51
55889945,24.76,46.40,225.00,28.02,37.51
55919992,24.75,46.44,224.00,28.02,37.48
55950041,24.75,46.51,224.00,28.05,37.50
55980088,24.72,46.49,224.00,28.01,37.51
56010139,24.72,46.46,223.00,28.01,37.52
56040188,24.74,46.53,226.00,28.00,37.54
56070237,24.75,46.62,226.00,28.01,37.57
56100284,24.74,46.65,227.00,28.01,37.53
56130332,24.70,46.62,227.00,28.00,37.56
56160379,24.72,46.64,226.00,27.98,37.57
56190428,24.74,46.37,228.00,27.98,37.57
56220475,24.73,46.60,228.00,28.01,37.57
56250523,24.74,46.64,228.00,27.98,37.61
56280570,24.75,46.67,228.00,27.98,37.58
56310619,24.74,46.68,228.00,27.96,37.63
56340667,24.78,46.61,228.00,28.00,37.57
56370717,24.75,46.60,228.00,28.00,37.62
56400764,24.75,46.48,227.00,27.96,37.64
56430813,24.75,46.57,228.00,28.02,37.63
56460860,24.75,46.63,229.00,27.98,37.69
56490908,24.75,46.70,229.00,27.98,37.66
56520955,24.76,46.77,228.00,28.00,37.67
56551003,24.75,46.61,230.00,27.98,37.63
56581051,24.72,46.69,229.00,28.00,37.69
56611098,24.72,46.81,228.00,27.98,37.64
56641146,24.73,46.72,228.00,27.98,37.67
56671194,24.71,46.97,229.00,27.96,37.70
56701242,24.70,46.97,229.00,27.95,37.73
56731289,24.74,46.92,229.00,27.96,37.76
56761339,24.71,46.90,230.00,27.96,37.72
56791387,24.74,46.83,231.00,27.96,37.79
56821435,24.73,46.89,231.00,27.96,37.72
56851482,24.74,46.92,231.00,27.98,37.76
56881532,24.76,46.82,232.00,27.98,37.81
56911580,24.76,47.01,232.00,27.98,37.81
56941628,24.77,47.06,232.00,27.98,37.88
56971675,24.77,46.77,234.00,27.98,37.86
57001723,24.77,46.93,233.00,27.98,37.89
57031771,24.80,47.01,233.00,27.98,37.87
57061819,24.81,47.05,234.00,28.01,37.84
57091866,24.85,46.43,235.00,28.00,37.78
57121916,24.87,46.77,236.00,28.00,37.95
57151964,24.91,46.75,237.00,28.01,37.84
57182012,24.89,46.73,238.00,28.01,37.94
57212059,24.85,46.90,238.00,28.00,37.88
57242107,24.86,46.78,238.00,28.01,37.84
57272155,24.86,46.92,239.00,28.01,37.94
57302203,24.85,46.97,238.00,28.01,37.92
57332250,24.82,46.96,238.00,28.04,37.89
57362298,24.81,46.96,237.00,28.04,37.86
57392346,24.80,46.97,237.00,28.02,37.94
57422394,24.78,46.98,237.00,28.02,37.90
57452442,24.75,47.14,236.00,28.01,37.95
57482496,24.76,47.10,236.00,28.01,37.94
57512546,24.71,47.21,236.00,28.01,37.95
57542594,24.70,47.31,238.00,28.01,37.97
57572641,24.71,47.19,236.00,27.98,37.95
57602690,24.70,47.29,236.00,28.00,37.99
57632738,24.67,47.37,236.00,27.98,38.01
57662785,24.68,47.39,236.00,27.98,37.96
57692837,24.69,47.42,234.00,27.98,38.05
57722885,24.66,47.50,233.00,27.96,38.02
57752933,24.70,47.49,232.00,27.95,38.06
57782980,24.69,47.55,235.00,27.98,38.14
57813028,24.69,47.66,236.00,27.96,38.17
57843076,24.67,47.72,234.00,27.96,38.22
57873127,24.67,47.71,233.00,27.95,38.28
57903174,24.67,47.66,232.00,27.96,38.36
57933222,24.68,47.92,231.00,27.95,38.31
57963270,24.66,47.87,232.00,27.98,38.38
57993318,24.69,47.65,232.00,27.95,38.35
58023365,24.70,47.74,233.00,27.94,38.39
58053413,24.73,47.82,233.00,27.96,38.39
58083461,24.75,47.75,234.00,27.98,38.39
58113509,24.78,47.64,233.00,27.96,38.41
58143556,24.81,47.70,233.00,27.96,38.43
58173604,24.79,47.74,234.00,27.94,38.53
58203652,24.78,47.99,234.00,27.96,38.56
58233700,24.79,47.93,232.00,27.96,38.52
58263750,24.79,48.00,233.00,27.98,38.62
58293798,24.78,48.08,234.00,27.95,38.70
58323846,24.77,48.18,234.00,27.95,38.74
58353894,24.72,48.25,233.00,27.95,38.75
58383941,24.75,47.99,232.00,27.96,38.70
58413989,24.76,48.29,232.00,27.96,38.74
58444037,24.75,48.27,231.00,27.96,38.84
58474085,24.76,48.33,234.00,27.96,38.92
58504134,24.78,48.53,233.00,27.96,38.95
58534182,24.77,48.26,234.00,27.95,38.96
58564230,24.77,48.18,233.00,27.95,39.01
58594278,24.74,48.69,235.00,27.94,39.09
58624328,24.75,48.29,232.00,27.96,39.00
58654376,24.78,48.75,232.00,27.98,39.13
58684424,24.76,48.95,232.00,27.95,39.25
58714472,24.76,49.15,232.00,27.95,39.34
58744520,24.72,49.19,231.00,27.95,39.47
58774567,24.73,49.22,233.00,27.98,39.50
58804616,24.72,49.16,232.00,27.96,39.52
58834663,24.75,49.24,232.00,27.95,39.57
58864711,24.74,49.52,231.00,27.95,39.65
58894758,24.70,49.56,233.00,27.98,39.69
58924807,24.71,49.36,231.00,27.96,39.85
58954854,24.70,49.84,230.00,27.94,39.85
58984902,24.69,49.76,229.00,27.95,39.90
59014952,24.70,49.84,230.00,27.95,39.92
59045001,24.71,49.92,229.00,27.95,39.95
59075048,24.69,49.80,226.00,27.94,39.96
59105096,24.70,49.88,225.00,27.96,40.02
59135143,24.70,49.43,224.00,27.94,39.97
59165192,24.72,49.96,223.00,27.94,39.92
59195239,24.73,49.72,223.00,27.94,40.00
59225287,24.77,49.50,225.00,27.94,39.86
59255334,24.75,49.90,224.00,27.96,40.08
59285383,24.77,48.81,223.00,27.95,39.90
59315432,24.81,49.30,225.00,27.95,39.73
59345480,24.83,49.45,226.00,27.95,39.89
59375531,24.83,49.33,227.00,27.96,39.87
59405579,24.80,49.68,228.00,28.00,40.03
59435626,24.81,49.00,228.00,28.00,40.06
59465673,24.85,49.73,227.00,27.98,40.03
59495720,24.82,49.94,228.00,28.00,40.17
59525769,24.81,49.83,227.00,27.98,40.20
59555816,24.81,49.28,227.00,28.00,40.26
59585864,24.78,50.36,227.00,27.98,40.32
59615911,24.77,50.40,226.00,27.96,40.37
59645960,24.79,50.03,226.00,28.00,40.32
59676007,24.75,50.39,226.00,28.01,40.45
59706055,24.72,50.56,226.00,27.98,40.46
59736102,24.72,50.69,225.00,27.98,40.62
59766153,24.71,50.60,225.00,27.95,40.63
59796200,24.68,50.74,224.00,27.98,40.68
59826248,24.69,50.91,223.00,27.98,40.77
59856296,24.68,51.05,222.00,27.96,40.75
59886344,24.67,50.95,222.00,27.95,40.81
59916392,24.68,50.88,220.00,27.96,40.83
59946439,24.68,50.93,219.00,27.95,40.84
59976487,24.67,51.10,219.00,27.95,40.92
60006535,24.65,51.11,219.00,27.95,40.95
60036582,24.65,51.01,218.00,27.94,40.91
60066629,24.67,51.14,218.00,27.95,41.00
60096677,24.64,51.31,217.00,27.95,41.01
60126730,24.64,51.10,217.00,27.94,41.06
60156778,24.63,51.14,217.00,27.91,41.15
60186825,24.64,51.41,216.00,27.92,41.20
60216873,24.62,51.16,216.00,27.94,41.22
60246921,24.63,51.46,215.00,27.91,41.25
60276969,24.62,51.62,217.00,27.89,41.24
60307016,24.63,51.35,216.00,27.92,41.17
60337064,24.63,51.37,216.00,27.91,41.24
60367112,24.64,51.42,215.00,27.91,41.30
60397160,24.64,51.39,216.00,27.92,41.26
60427207,24.65,51.35,217.00,27.91,41.28
60457255,24.66,51.35,218.00,27.92,41.26
60487303,24.66,51.43,218.00,27.91,41.36
60517349,24.66,51.68,218.00,27.91,41.38
60547396,24.66,51.73,217.00,27.91,41.45
60577444,24.64,51.72,217.00,27.92,41.50
60607493,24.66,51.70,217.00,27.91,41.59
60637541,24.64,51.78,216.00,27.92,41.57
60667588,24.63,51.91,215.00,27.92,41.62
60697636,24.63,52.01,213.00,27.91,41.68
60727684,24.62,52.08,213.00,27.89,41.74
60757731,24.62,51.87,214.00,27.91,41.77
60787779,24.62,51.99,214.00,27.91,41.79
60817826,24.63,52.10,214.00,27.92,41.79
60847875,24.62,52.00,215.00,27.91,41.88
60877925,24.62,52.24,215.00,27.89,41.88
60907973,24.62,52.17,214.00,27.88,41.89
60938022,24.60,52.34,215.00,27.89,41.98
60968071,24.59,52.29,215.00,27.89,42.02
60998118,24.62,52.34,216.00,27.91,42.00
61028166,24.59,52.28,215.00,27.89,42.03
61058213,24.61,52.38,216.00,27.89,42.02
61088262,24.63,52.27,216.00,27.89,42.01
61118309,24.60,52.43,217.00,27.88,42.10
61148357,24.60,52.28,218.00,27.87,42.07
61178404,24.57,52.22,219.00,27.88,41.91
61208453,24.60,52.23,219.00,27.88,42.03
61238503,24.57,52.28,219.00,27.89,41.97
61268551,24.58,52.10,220.00,27.88,41.93
61298598,24.56,52.46,221.00,27.87,41.94
61328647,24.55,52.43,222.00,27.88,42.08
61358694,24.57,52.57,222.00,27.85,42.08
61388742,24.54,52.46,220.00,27.85,42.00
61418789,24.53,52.46,220.00,27.85,42.03
61448838,24.51,52.76,220.00,27.87,42.00
61478885,24.52,52.83,220.00,27.85,42.24
61508933,24.53,52.62,219.00,27.82,42.15
61538980,24.52,52.60,218.00,27.84,42.05
61569029,24.52,52.77,217.00,27.84,42.07
61599076,24.51,52.93,216.00,27.82,42.13
61629127,24.52,52.78,214.00,27.82,42.19
61659175,24.51,52.80,215.00,27.81,42.17
61689223,24.53,52.86,215.00,27.82,42.35
61719271,24.54,52.49,214.00,27.85,42.39
61749320,24.51,52.79,213.00,27.81,42.22
61779368,24.49,52.88,214.00,27.82,42.23
61809416,24.50,52.88,213.00,27.81,42.31
61839464,24.50,52.74,212.00,27.82,42.40
61869511,24.52,53.06,212.00,27.80,42.47
61899559,24.49,53.11,212.00,27.81,42.44
61929607,24.49,52.98,213.00,27.81,42.41
61959655,24.49,52.93,215.00,27.80,42.40
61989705,24.46,53.04,215.00,27.80,42.52
62019753,24.46,53.46,214.00,27.81,42.66
62049801,24.43,53.66,213.00,27.77,42.68
62079849,24.44,53.34,212.00,27.78,42.85
62109896,24.43,53.83,212.00,27.77,42.85
62139944,24.44,53.67,211.00,27.77,42.80
62169992,24.44,53.73,211.00,27.75,42.89
62200040,24.46,53.57,211.00,27.78,42.97
62230087,24.47,53.76,210.00,27.77,43.09
62260135,24.49,53.66,210.00,27.74,43.16
62290183,24.47,53.43,210.00,27.78,43.05
62320231,24.47,53.38,211.00,27.80,43.00
62350278,24.43,53.89,211.00,27.75,42.95
62380329,24.42,53.61,212.00,27.77,42.98
62410377,24.39,53.68,211.00,27.74,43.01
62440425,24.42,53.84,211.00,27.75,43.10
62470472,24.38,54.12,211.00,27.73,43.06
62500519,24.40,54.15,211.00,27.73,43.13
62530568,24.42,54.04,211.00,27.73,43.19
62560617,24.44,53.76,210.00,27.74,43.15
62590665,24.42,53.76,209.00,27.74,43.08
62620712,24.47,53.68,208.00,27.74,43.20
62650761,24.43,54.25,207.00,27.74,43.28
62680808,24.40,54.12,206.00,27.74,43.31
62710856,24.42,53.90,205.00,27.73,43.25
62740905,24.46,53.98,205.00,27.74,43.28
62770954,24.43,54.41,204.00,27.73,43.43
62801001,24.45,54.53,204.00,27.73,43.55
62831049,24.44,54.23,203.00,27.75,43.48
62861096,24.43,54.41,204.00,27.74,43.46
62891145,24.44,54.57,205.00,27.77,43.50
62921192,24.42,54.19,205.00,27.75,43.57
62951240,24.42,54.54,204.00,27.73,43.56
62981287,24.42,54.76,203.00,27.74,43.74
63011336,24.43,54.61,201.00,27.73,43.68
63041383,24.42,54.44,200.00,27.74,43.68
63071431,24.44,54.82,199.00,27.73,43.77
63101478,24.44,54.84,200.00,27.74,43.77
63131529,24.45,54.79,199.00,27.73,43.85
63161576,24.47,54.88,200.00,27.74,44.00
63191624,24.45,54.88,201.00,27.73,43.96
63221671,24.44,54.91,202.00,27.73,44.03
63251720,24.44,54.91,205.00,27.73,43.96
63281767,24.43,54.81,206.00,27.74,43.93
63311815,24.43,54.90,206.00,27.73,44.01
63341863,24.43,54.77,207.00,27.74,43.98
63371911,24.45,54.94,208.00,27.73,43.95
63401961,24.45,54.92,209.00,27.71,43.98
63432008,24.42,55.29,210.00,27.71,44.07
63462056,24.40,55.37,209.00,27.71,44.20
63492107,24.41,55.67,207.00,27.73,44.25
63522155,24.41,55.32,207.00,27.74,44.42
63552202,24.40,55.65,206.00,27.71,44.47
63582251,24.36,55.85,206.00,27.70,44.48
63612298,24.41,55.44,206.00,27.70,44.56
63642346,24.42,55.46,205.00,27.71,44.47
63672393,24.40,55.77,204.00,27.71,44.45
63702441,24.42,55.84,203.00,27.73,44.71
63732489,24.35,56.08,201.00,27.71,44.52
63762537,24.35,55.65,201.00,27.70,44.64
63792584,24.34,55.92,201.00,27.70,44.65
63822632,24.38,56.00,201.00,27.70,44.67
63852680,24.36,55.78,202.00,27.71,44.67
63882731,24.34,56.02,201.00,27.67,44.72
63912778,24.33,56.01,200.00,27.68,44.97
63942827,24.30,56.23,202.00,27.65,44.86
63972874,24.30,56.36,202.00,27.64,45.06
64002922,24.26,56.53,202.00,27.63,45.19
64032969,24.28,56.12,201.00,27.61,45.06
64063017,24.28,56.49,199.00,27.65,45.18
64093065,24.29,56.44,199.00,27.64,45.24
64123113,24.30,56.59,198.00,27.61,45.29
64153160,24.31,56.45,196.00,27.64,45.30
64183208,24.36,56.50,196.00,27.63,45.29
64213258,24.35,56.28,196.00,27.64,45.22
64243309,24.39,56.03,196.00,27.63,45.23
64273356,24.37,56.21,195.00,27.65,45.04
64303405,24.37,55.92,197.00,27.65,45.11
64333452,24.38,55.83,196.00,27.64,45.15
64363500,24.39,55.87,197.00,27.64,45.18
64393547,24.42,56.23,200.00,27.67,45.11
64423596,24.41,56.27,203.00,27.65,45.27
64453643,24.42,56.24,205.00,27.65,45.18
64483691,24.42,56.10,205.00,27.67,45.16
64513739,24.40,55.73,206.00,27.65,45.15
64543787,24.44,56.21,205.00,27.67,45.23
64573835,24.47,55.96,206.00,27.67,45.26
64603882,24.46,56.02,207.00,27.71,45.20
64633933,24.47,55.78,207.00,27.68,45.12
64663981,24.48,55.73,208.00,27.71,45.08
64694029,24.49,55.82,207.00,27.68,45.07
64724076,24.49,55.70,205.00,27.71,45.12
64754124,24.49,55.70,207.00,27.70,45.10
64784172,24.50,55.65,207.00,27.74,45.11
64814220,24.47,55.59,207.00,27.73,45.04
64844267,24.48,55.60,207.00,27.73,45.04
64874315,24.48,55.27,206.00,27.70,44.96
64904363,24.50,55.33,206.00,27.73,44.92
64934411,24.45,55.63,206.00,27.71,45.04
64964458,24.44,55.50,205.00,27.68,44.97
64994511,24.44,55.59,204.00,27.68,44.88
65024559,24.45,55.44,204.00,27.68,44.90
65054607,24.40,55.57,202.00,27.70,44.83
65084654,24.42,55.56,202.00,27.70,44.93
65114702,24.44,55.52,202.00,27.68,45.01
65144750,24.45,55.79,201.00,27.67,44.89
65174798,24.47,55.60,200.00,27.70,44.89
65204845,24.47,55.42,200.00,27.68,44.90
65234893,24.47,55.60,199.00,27.68,44.91
65264942,24.51,55.37,199.00,27.70,44.97
65294990,24.49,55.57,198.00,27.73,45.00
65325037,24.50,55.46,199.00,27.71,44.95
65355085,24.53,55.21,197.00,27.71,44.90
65385135,24.50,55.55,197.00,27.71,44.91
65415183,24.51,55.27,195.00,27.74,44.95
65445230,24.54,55.05,194.00,27.73,44.94
65475278,24.52,55.19,195.00,27.73,44.91
65505326,24.52,55.02,194.00,27.73,44.82
65535374,24.50,55.26,195.00,27.73,44.89
65565422,24.48,55.44,194.00,27.73,44.95
65595469,24.48,55.39,195.00,27.70,44.86
65625517,24.48,55.22,196.00,27.71,44.83
65655564,24.50,55.12,196.00,27.71,44.82
65685612,24.48,55.42,195.00,27.71,44.85
65715659,24.47,55.39,197.00,27.71,44.95
65745711,24.42,55.71,195.00,27.71,44.94
65775758,24.40,55.84,197.00,27.71,45.15
65805806,24.38,55.76,195.00,27.70,45.07
65835855,24.40,55.84,194.00,27.67,45.11
65865904,24.43,55.39,195.00,27.65,45.00
65895951,24.42,55.02,196.00,27.68,45.12
65925998,24.48,54.72,197.00,27.68,44.94
65956045,24.48,55.33,198.00,27.70,44.96
65986094,24.47,55.34,200.00,27.70,44.95
66016141,24.47,55.17,201.00,27.70,44.85
66046189,24.42,55.48,201.00,27.70,44.95
66076236,24.43,55.27,202.00,27.70,44.91
66106285,24.40,55.36,201.00,27.68,44.96
66136335,24.40,55.41,202.00,27.70,44.83
66166383,24.35,55.52,203.00,27.68,44.92
66196430,24.37,55.65,204.00,27.67,44.98
66226479,24.35,55.67,203.00,27.67,44.88
66256526,24.33,55.63,201.00,27.65,44.99
66286574,24.31,55.66,201.00,27.67,45.04
66316621,24.29,55.77,201.00,27.64,45.00
66346670,24.29,55.90,201.00,27.61,45.05
66376717,24.28,55.68,199.00,27.64,45.00
66406765,24.31,55.64,198.00,27.61,45.07
66436812,24.32,55.74,197.00,27.61,45.05
66466861,24.28,55.59,199.00,27.61,45.02
66496911,24.34,55.34,200.00,27.61,45.02
66526959,24.36,55.42,201.00,27.61,44.96
66557006,24.36,55.42,200.00,27.63,44.98
66587055,24.42,55.23,201.00,27.64,45.01
66617102,24.43,55.30,202.00,27.64,44.97
66647152,24.42,55.36,203.00,27.63,45.04
66677199,24.47,55.20,203.00,27.64,44.99
66707248,24.46,55.41,205.00,27.67,44.91
66737295,24.46,55.57,205.00,27.65,44.94
66767343,24.44,55.29,204.00,27.68,44.98
66797391,24.45,55.60,203.00,27.68,44.97
66827439,24.44,55.41,202.00,27.68,44.94
66857487,24.44,55.37,201.00,27.70,44.91
66887536,24.45,55.55,200.00,27.67,45.01
66917584,24.45,55.04,202.00,27.68,44.95
66947632,24.52,54.82,202.00,27.70,44.90
66977680,24.50,55.18,202.00,27.68,44.84
67007727,24.48,55.25,202.00,27.71,44.89
67037775,24.48,55.01,201.00,27.70,44.94
67067823,24.50,55.18,201.00,27.68,44.89
67097871,24.49,55.18,202.00,27.70,44.90
67127918,24.50,55.36,200.00,27.68,44.91
67157966,24.54,54.75,201.00,27.71,45.06
67188015,24.58,54.92,202.00,27.67,44.95
67218063,24.59,55.24,202.00,27.70,45.07
67248112,24.60,54.42,201.00,27.70,45.05
67278160,24.61,54.72,202.00,27.67,44.97
67308208,24.63,54.48,204.00,27.73,44.89
67338256,24.63,54.66,205.00,27.71,44.81
67368303,24.63,54.47,205.00,27.73,44.83
67398351,24.62,54.47,206.00,27.73,44.98
67428399,24.63,55.03,207.00,27.74,44.92
67458449,24.64,54.18,206.00,27.75,44.99
67488496,24.63,54.57,207.00,27.73,44.83
67518544,24.64,54.17,206.00,27.74,44.80
67548592,24.66,54.17,206.00,27.74,44.76
67578640,24.61,54.59,206.00,27.74,44.75
67608688,24.62,54.52,205.00,27.77,44.74
67638738,24.62,53.99,205.00,27.74,44.79
67668786,24.61,54.52,203.00,27.75,44.69
67698834,24.61,54.69,203.00,27.77,44.75
67728881,24.63,54.17,203.00,27.75,44.70
67758929,24.60,54.77,203.00,27.75,44.76
67788977,24.64,53.77,203.00,27.75,44.63
67819025,24.65,53.97,203.00,27.77,44.57
67849072,24.63,54.37,202.00,27.78,44.56
67879120,24.63,54.61,204.00,27.78,44.59
67909168,24.66,54.57,204.00,27.78,44.66
67939216,24.66,54.30,205.00,27.78,44.64
67969264,24.68,54.61,204.00,27.77,44.75
67999314,24.69,54.75,206.00,27.80,44.69
68029362,24.70,54.48,209.00,27.77,44.64
68059410,24.67,54.57,209.00,27.77,44.68
68089457,24.68,54.71,209.00,27.77,44.68
68119505,24.68,54.82,208.00,27.80,44.74
68149554,24.68,54.53,208.00,27.78,44.68
68179601,24.66,54.36,208.00,27.78,44.60
68209649,24.66,54.56,206.00,27.80,44.60
68239696,24.70,54.21,205.00,27.81,44.62
68269747,24.72,54.11,207.00,27.82,44.56
68299795,24.72,54.35,210.00,27.80,44.47
68329842,24.77,54.07,213.00,27.81,44.41
68359890,24.73,54.46,216.00,27.82,44.59
68389941,24.73,54.01,216.00,27.81,44.54
68419988,24.72,54.18,216.00,27.81,44.47
68450036,24.71,53.92,215.00,27.81,44.41
68480083,24.71,53.76,213.00,27.85,44.32
68510132,24.71,53.92,214.00,27.84,44.32
68540179,24.68,53.57,214.00,27.80,44.26
68570227,24.66,53.98,213.00,27.84,44.24
68600274,24.67,53.92,212.00,27.82,44.20
68630323,24.68,53.78,211.00,27.81,44.31
68660370,24.67,53.90,211.00,27.80,44.24
68690418,24.71,53.88,210.00,27.81,44.24
68720464,24.73,54.16,212.00,27.80,44.26
68750516,24.77,54.20,218.00,27.84,44.35
68780563,24.80,53.85,224.00,27.87,44.37
68810611,24.83,53.58,231.00,27.84,44.27
68840658,24.85,53.78,232.00,27.87,44.16
68870707,24.82,54.00,230.00,27.84,44.29
68900754,24.83,53.56,229.00,27.84,44.25
68930802,24.81,54.11,229.00,27.85,44.31
68960849,24.80,54.01,230.00,27.85,44.30
68990898,24.78,54.00,231.00,27.89,44.31
69020945,24.78,54.09,231.00,27.88,44.29
69050992,24.79,54.07,232.00,27.89,44.28
69081041,24.76,53.89,234.00,27.91,44.27
69111090,24.77,53.94,233.00,27.89,44.24
69141140,24.74,54.04,229.00,27.89,44.17
69171188,24.75,53.77,226.00,27.91,44.11
69201235,24.74,53.88,222.00,27.89,44.20
69231284,24.77,54.19,217.00,27.88,44.18
69261331,24.75,54.05,214.00,27.89,44.17
69291379,24.77,53.96,215.00,27.89,44.10
69321427,24.81,53.89,218.00,27.91,44.20
69351475,24.81,53.94,221.00,27.88,44.06
69381523,24.82,54.33,225.00,27.94,44.36
69411570,24.85,53.98,235.00,27.91,44.28
69441618,24.88,54.48,260.00,27.91,44.53
69471666,24.89,53.76,261.00,27.91,44.25
69501717,24.91,53.73,259.00,27.92,43.97
69531764,24.86,53.63,253.00,27.91,44.08
69561812,24.85,53.53,246.00,27.95,44.07
69591860,24.82,53.89,238.00,27.96,44.15
69621908,24.85,53.21,233.00,27.95,43.97
69651955,24.86,53.68,233.00,27.95,44.08
69682003,24.88,53.41,234.00,27.96,44.04
69712051,24.87,53.48,234.00,27.94,43.97
69742099,24.82,53.58,232.00,27.96,43.98
69772146,24.82,53.78,226.00,27.98,44.06
69802194,24.77,53.59,221.00,27.96,43.99
69832242,24.78,54.05,216.00,27.92,44.08
69862290,24.78,54.09,213.00,27.95,44.18
69892342,24.85,53.97,211.00,27.94,44.19
69922391,24.90,53.91,214.00,27.94,44.25
69952438,24.94,53.78,218.00,27.91,44.30
69982486,24.99,53.75,222.00,27.89,44.27
70012533,24.98,53.64,224.00,27.91,44.32
70042582,24.97,53.62,225.00,27.89,44.27
70072629,24.95,53.53,223.00,27.89,44.24
70102677,24.97,53.50,224.00,27.91,44.21
70132724,24.94,53.59,223.00,27.89,44.23
70162772,24.99,53.54,223.00,27.89,44.24
70192820,25.04,53.44,222.00,27.89,44.18
70222868,25.04,53.38,224.00,27.89,44.23
70252918,25.07,53.31,223.00,27.91,44.25
70282967,25.09,53.32,221.00,27.89,44.23
70313014,25.11,53.29,223.00,27.92,44.24
70343062,25.10,53.16,223.00,27.92,44.26
70373109,25.12,53.20,223.00,27.94,44.20
70403158,25.15,53.25,225.00,27.95,44.26
70433205,25.17,53.28,229.00,27.95,44.23
70463253,25.18,53.16,233.00,27.95,44.24
70493301,25.17,53.12,236.00,27.96,44.19
70523348,25.15,53.10,238.00,27.95,44.18
70553397,25.16,53.17,237.00,27.96,44.18
70583444,25.16,53.09,236.00,27.96,44.17
70613492,25.19,53.04,234.00,27.96,44.17
70643542,25.17,53.06,234.00,27.98,44.16
70673590,25.20,53.02,235.00,27.98,44.19
70703639,25.23,53.14,235.00,28.01,44.21
70733688,25.23,53.10,235.00,27.98,44.15
70763736,25.27,53.34,238.00,28.04,44.25
70793784,25.29,53.00,242.00,28.02,44.25
70823831,25.33,53.04,247.00,28.07,44.19
70853879,25.37,53.00,253.00,28.07,44.25
70883927,25.40,52.86,256.00,28.07,44.20
70913975,25.41,52.77,260.00,28.08,44.20
70944022,25.43,52.84,262.00,28.08,44.16
70974070,25.41,52.74,266.00,28.07,44.16
71004121,25.45,52.75,267.00,28.08,44.16
71034169,25.46,52.86,269.00,28.09,44.19
71064216,25.47,52.79,268.00,28.11,44.18
71094264,25.50,52.85,271.00,28.13,44.16
71124312,25.49,52.82,271.00,28.15,44.23
71154360,25.52,52.74,272.00,28.15,44.21
71184407,25.51,52.76,273.00,28.16,44.15
71214455,25.51,52.68,274.00,28.16,44.17
71244503,25.51,52.76,275.00,28.19,44.13
71274551,25.52,52.81,276.00,28.18,44.16
71304598,25.53,52.75,275.00,28.18,44.20
71334646,25.51,52.72,275.00,28.22,44.09
71364695,25.52,52.78,274.00,28.21,44.16
71394745,25.55,52.74,273.00,28.21,44.10
71424792,25.54,52.71,274.00,28.25,44.13
71454840,25.52,52.57,273.00,28.22,44.11
71484888,25.50,52.68,272.00,28.23,44.04
71514937,25.53,52.74,273.00,28.22,44.05
71544985,25.52,52.70,272.00,28.23,44.02
71575032,25.54,52.52,273.00,28.26,44.01
71605080,25.53,52.50,273.00,28.25,43.95
71635128,25.49,52.55,274.00,28.25,43.91
71665175,25.49,52.49,276.00,28.26,43.85
71695223,25.50,52.45,275.00,28.28,43.78
71725271,25.50,52.43,275.00,28.29,43.80
71755322,25.49,52.40,273.00,28.28,43.77
71785369,25.50,52.32,270.00,28.26,43.73
71815417,25.49,52.37,268.00,28.29,43.70
71845465,25.52,52.29,266.00,28.28,43.67
71875513,25.53,52.13,265.00,28.32,43.62
71905560,25.54,52.18,264.00,28.29,43.61
71935607,25.54,52.22,264.00,28.29,43.56
71965655,25.52,52.17,264.00,28.31,43.64
71995703,25.55,51.92,265.00,28.31,43.49
72025750,25.57,51.94,264.00,28.28,43.47
72055798,25.58,51.71,264.00,28.31,43.48
72085846,25.60,51.44,261.00,28.32,43.28
72115893,25.60,51.64,258.00,28.31,43.29
72145944,25.59,51.56,256.00,28.31,43.27
72175991,25.58,51.53,255.00,28.31,43.22
72206040,25.60,51.34,253.00,28.32,43.14
72236087,25.60,51.36,250.00,28.33,43.10
72266135,25.64,51.40,248.00,28.32,43.11
72296182,25.63,51.21,247.00,28.29,43.06
72326233,25.63,51.29,244.00,28.32,43.02
72356281,25.63,51.12,243.00,28.32,42.98
72386329,25.61,51.12,242.00,28.33,42.97
72416376,25.64,51.13,242.00,28.32,42.93
72446425,25.62,51.19,241.00,28.32,42.89
72476472,25.61,51.20,241.00,28.32,42.90
72506522,25.63,51.18,241.00,28.33,42.90
72536569,25.62,51.18,241.00,28.35,42.88
72566618,25.63,51.21,243.00,28.35,42.92
72596666,25.62,51.12,242.00,28.33,42.93
72626714,25.64,51.21,243.00,28.35,42.93
72656761,25.65,51.21,245.00,28.33,42.92
72686810,25.65,51.21,243.00,28.36,42.85
72716857,25.63,51.37,245.00,28.36,42.88
72746905,25.62,51.34,249.00,28.38,42.90
72776952,25.63,51.38,253.00,28.36,42.87
72807001,25.61,51.43,255.00,28.36,42.91
72837048,25.64,51.40,256.00,28.39,42.98
72867096,25.64,51.41,256.00,28.39,42.99
72897146,25.63,51.38,257.00,28.39,42.90
72927195,25.64,51.35,256.00,28.39,42.91
72957242,25.64,51.39,256.00,28.39,42.94
72987290,25.61,51.35,257.00,28.38,42.88
73017337,25.59,51.40,257.00,28.38,42.92
73047386,25.58,51.42,258.00,28.38,42.80
73077433,25.59,51.45,258.00,28.38,42.88
73107481,25.58,51.31,257.00,28.38,42.79
73137530,25.62,51.35,256.00,28.38,42.78
73167579,25.61,51.27,255.00,28.40,42.83
73197626,25.60,51.26,256.00,28.39,42.77
73227674,25.62,51.25,255.00,28.39,42.78
73257724,25.62,51.22,255.00,28.39,42.75
73287772,25.64,51.20,255.00,28.40,42.79
73317820,25.66,51.23,255.00,28.42,42.78
73347867,25.65,51.22,255.00,28.42,42.77
73377915,25.66,51.31,256.00,28.42,42.85
73407963,25.65,51.26,257.00,28.40,42.82
73438011,25.65,51.34,260.00,28.40,42.82
73468058,25.64,51.31,261.00,28.40,42.87
73498106,25.65,51.31,260.00,28.40,42.83
73528154,25.66,51.29,260.00,28.42,42.78
73558202,25.64,51.32,258.00,28.39,42.82
73588249,25.65,51.30,257.00,28.39,42.81
73618297,25.65,51.31,255.00,28.40,42.82
73648348,25.64,51.34,254.00,28.42,42.82
73678396,25.65,51.33,252.00,28.42,42.80
73708443,25.66,51.40,251.00,28.40,42.81
73738491,25.66,51.38,249.00,28.40,42.85
73768539,25.66,51.35,247.00,28.39,42.83
73798587,25.68,51.39,245.00,28.42,42.90
73828634,25.69,51.37,243.00,28.42,42.93
73858682,25.68,51.33,242.00,28.42,42.88
73888730,25.71,51.34,241.00,28.43,42.84
73918778,25.71,51.39,240.00,28.43,42.90
73948827,25.69,51.46,240.00,28.46,42.91
73978876,25.68,51.47,241.00,28.43,42.90
74008927,25.67,51.48,241.00,28.46,42.95
74038975,25.68,51.51,239.00,28.44,42.90
74069022,25.65,51.52,239.00,28.43,42.96
74099070,25.66,51.56,240.00,28.46,42.95
74129118,25.66,51.57,240.00,28.44,42.96
74159166,25.66,51.60,238.00,28.46,42.96
74189213,25.64,51.55,236.00,28.44,42.96
74219261,25.64,51.64,235.00,28.43,42.97
74249309,25.64,51.66,236.00,28.44,42.97
74279357,25.65,51.63,236.00,28.43,43.02
74309404,25.69,51.67,236.00,28.43,42.98
74339452,25.69,51.68,235.00,28.43,43.05
74369500,25.67,51.67,233.00,28.44,43.07
74399550,25.66,51.67,233.00,28.43,43.10
74429597,25.65,51.75,233.00,28.43,43.12
74459645,25.69,51.76,232.00,28.42,43.11
74489693,25.68,51.74,232.00,28.43,43.15
74519741,25.69,51.77,232.00,28.42,43.16
74549788,25.66,51.81,231.00,28.42,43.14
74579836,25.66,51.79,229.00,28.44,43.13
74609884,25.67,52.01,230.00,28.46,43.23
74639932,25.69,51.97,229.00,28.43,43.29
74669979,25.67,52.03,228.00,28.44,43.30
74700027,25.68,52.06,227.00,28.46,43.31
74730075,25.67,52.12,228.00,28.43,43.33
74760127,25.68,52.11,229.00,28.47,43.37
74790174,25.67,52.13,229.00,28.46,43.34
74820222,25.69,52.15,228.00,28.42,43.38
74850270,25.66,52.09,228.00,28.46,43.42
74880318,25.68,52.12,226.00,28.43,43.43
74910365,25.69,52.09,225.00,28.44,43.39
74940413,25.67,52.18,225.00,28.49,43.38
74970461,25.70,52.19,225.00,28.47,43.42
75000509,25.71,52.21,223.00,28.46,43.47
75030556,25.72,52.21,223.00,28.44,43.45
75060604,25.73,52.17,222.00,28.46,43.43
75090652,25.70,52.20,221.00,28.47,43.47
75120700,25.71,52.25,221.00,28.49,43.51
75150750,25.70,52.26,221.00,28.49,43.52
75180797,25.71,52.32,221.00,28.50,43.50
75210846,25.72,52.38,222.00,28.49,43.56
75240893,25.73,52.20,222.00,28.49,43.52
75270941,25.73,52.23,222.00,28.50,43.56
75300988,25.77,52.22,220.00,28.50,43.55
75331037,25.72,52.22,219.00,28.47,43.55
75361084,25.73,52.19,221.00,28.49,43.52
75391132,25.73,52.16,222.00,28.52,43.49
75421179,25.73,52.15,222.00,28.50,43.44
75451228,25.68,52.05,222.00,28.50,43.42
75481275,25.67,52.00,221.00,28.50,43.34
75511326,25.69,52.04,220.00,28.50,43.32
75541373,25.70,51.97,221.00,28.52,43.27
75571424,25.70,51.93,221.00,28.52,43.24
75601471,25.70,51.92,222.00,28.52,43.23
75631519,25.68,51.87,220.00,28.52,43.20
75661566,25.69,51.84,221.00,28.53,43.20
75691615,25.71,51.92,221.00,28.54,43.20
75721662,25.72,52.00,220.00,28.52,43.25
75751710,25.73,52.15,220.00,28.52,43.33
75781758,25.73,52.10,217.00,28.52,43.34
75811807,25.73,52.16,216.00,28.54,43.39
75841854,25.71,52.17,217.00,28.52,43.33
75871902,25.73,52.25,218.00,28.53,43.38
75901947,25.69,52.27,217.00,28.53,43.42
75931996,25.70,52.32,216.00,28.53,43.41
75962043,25.70,52.40,217.00,28.53,43.50
75992091,25.71,52.28,215.00,28.53,43.45
76022138,25.70,52.21,215.00,28.53,43.49
76052187,25.69,52.25,215.00,28.52,43.46
76082234,25.73,52.24,214.00,28.52,43.45
76112282,25.71,52.22,213.00,28.50,43.43
76142329,25.70,52.25,213.00,28.53,43.44
76172378,25.70,52.25,214.00,28.53,43.46
76202425,25.73,52.21,213.00,28.54,43.41
76232473,25.70,52.22,212.00,28.52,43.38
76262524,25.73,52.24,212.00,28.52,43.44
76292572,25.73,52.22,212.00,28.52,43.44
76322620,25.72,52.18,212.00,28.53,43.46
76352667,25.72,52.21,212.00,28.52,43.46
76382715,25.75,52.21,212.00,28.50,43.44
76412765,25.77,52.19,213.00,28.52,43.44
76442813,25.79,52.12,214.00,28.53,43.49
76472860,25.80,52.07,215.00,28.53,43.46
76502908,25.80,52.07,215.00,28.54,43.45
76532956,25.79,52.02,216.00,28.53,43.46
76563004,25.83,52.03,215.00,28.52,43.45
76593051,25.81,52.01,214.00,28.54,43.41
76623102,25.80,51.98,212.00,28.54,43.48
76653150,25.82,51.97,212.00,28.53,43.41
76683198,25.81,51.94,212.00,28.56,43.36
76713245,25.82,51.89,212.00,28.56,43.37
76743293,25.83,51.81,213.00,28.56,43.35
76773341,25.87,51.73,213.00,28.56,43.32
76803389,25.83,51.70,214.00,28.59,43.27
76833436,25.83,51.67,215.00,28.54,43.26
76863484,25.83,51.64,214.00,28.56,43.23
76893532,25.81,51.69,213.00,28.56,43.21
76923580,25.82,51.67,213.00,28.57,43.18
76953627,25.80,51.75,213.00,28.56,43.22
76983675,25.80,51.79,211.00,28.57,43.17
77013726,25.76,51.79,211.00,28.59,43.16
77043774,25.77,51.85,210.00,28.60,43.18
77073821,25.77,51.82,211.00,28.59,43.17
77103869,25.79,51.86,212.00,28.59,43.19
77133917,25.78,51.82,212.00,28.54,43.20
77163965,25.77,51.85,213.00,28.59,43.23
77194012,25.76,51.87,213.00,28.57,43.22
77224062,25.79,51.88,211.00,28.59,43.21
77254110,25.80,51.80,213.00,28.56,43.21
77284158,25.81,51.86,214.00,28.56,43.22
77314205,25.81,51.81,213.00,28.60,43.24
77344253,25.83,51.89,214.00,28.59,43.26
77374304,25.83,51.87,215.00,28.59,43.25
77404352,25.87,51.87,217.00,28.60,43.32
77434399,25.83,51.92,216.00,28.62,43.25
77464448,25.83,51.94,216.00,28.59,43.23
77494495,25.81,51.90,218.00,28.59,43.26
77524542,25.83,51.94,218.00,28.62,43.25
77554589,25.84,51.93,219.00,28.60,43.28
77584637,25.83,51.89,219.00,28.60,43.29
77614685,25.80,51.91,218.00,28.60,43.29
77644733,25.79,51.84,217.00,28.60,43.25
77674780,25.77,51.97,215.00,28.62,43.24
77704828,25.79,51.96,214.00,28.62,43.25
77734876,25.76,52.02,213.00,28.60,43.22
77764934,25.76,52.11,212.00,28.62,43.28
77794981,25.77,52.13,212.00,28.60,43.30
77825030,25.77,52.16,211.00,28.63,43.32
77855077,25.76,52.20,212.00,28.62,43.33
77885125,25.77,52.18,214.00,28.60,43.33
77915172,25.77,52.19,214.00,28.62,43.46
77945220,25.80,52.22,214.00,28.62,43.45
77975267,25.80,52.20,215.00,28.57,43.44
78005317,25.79,52.20,218.00,28.59,43.43
78035364,25.80,52.09,220.00,28.62,43.42
78065413,25.83,52.04,220.00,28.62,43.37
78095460,25.84,52.12,220.00,28.62,43.34
78125511,25.85,52.11,219.00,28.64,43.41
78155558,25.85,52.14,220.00,28.63,43.45
78185607,25.88,52.11,222.00,28.63,43.42
78215654,25.88,52.23,222.00,28.62,43.45
78245702,25.85,52.26,222.00,28.64,43.51
78275749,25.84,52.17,224.00,28.63,43.46
78305798,25.84,52.21,224.00,28.63,43.46
78335845,25.83,52.39,226.00,28.64,43.51
78365893,25.84,52.26,225.00,28.62,43.51
78395941,25.83,52.42,226.00,28.64,43.53
78425989,25.85,52.58,225.00,28.66,43.66
78456037,25.84,52.59,223.00,28.67,43.70
78486085,25.87,52.56,222.00,28.66,43.69
78516135,25.88,52.54,220.00,28.66,43.73
78546184,25.87,52.56,218.00,28.64,43.74
78576232,25.87,52.56,216.00,28.67,43.73
78606279,25.87,52.65,216.00,28.69,43.74
78636327,25.89,52.69,216.00,28.67,43.80
78666375,25.88,52.59,218.00,28.69,43.72
78696423,25.88,52.51,219.00,28.66,43.74
78726470,25.88,52.77,219.00,28.67,43.79
78756518,25.88,52.80,219.00,28.69,43.89
78786566,25.91,52.79,219.00,28.66,43.90
78816616,25.92,52.73,218.00,28.67,43.92
78846663,25.93,52.72,216.00,28.69,43.85
78876715,25.91,52.79,217.00,28.71,43.90
78906762,25.91,52.73,218.00,28.70,43.93
78936810,25.90,52.84,219.00,28.69,43.95
78966857,25.91,52.97,218.00,28.71,43.94
78996905,25.91,53.06,219.00,28.69,44.02
79026953,25.91,53.09,219.00,28.69,44.09
79057001,25.91,53.13,219.00,28.71,44.09
79087048,25.90,53.11,218.00,28.69,44.11
79117096,25.93,53.08,218.00,28.71,44.15
79147144,25.93,53.12,218.00,28.73,44.14
79177192,25.92,53.14,217.00,28.69,44.15
79207239,25.93,53.16,217.00,28.70,44.16
79237287,25.91,53.16,217.00,28.71,44.17
79267338,25.91,53.15,217.00,28.70,44.21
79297386,25.92,53.15,217.00,28.69,44.21
79327433,25.96,53.14,216.00,28.71,44.21
79357481,25.94,53.11,215.00,28.70,44.17
79387529,25.93,53.10,213.00,28.73,44.21
79417577,25.92,53.20,211.00,28.71,44.20
79447624,25.95,53.31,212.00,28.73,44.31
79477672,25.97,53.17,212.00,28.73,44.31
79507720,25.97,53.14,211.00,28.71,44.24
79537768,25.94,53.27,210.00,28.74,44.21
79567815,25.94,53.25,211.00,28.74,44.25
79597863,25.93,53.24,212.00,28.73,44.27
79627916,25.93,53.32,212.00,28.74,44.30
79657964,25.93,53.31,212.00,28.73,44.32
79688011,25.93,53.35,212.00,28.74,44.33
79718060,25.94,53.40,212.00,28.74,44.33
79748107,25.90,53.47,211.00,28.74,44.36
79778155,25.90,53.45,212.00,28.74,44.39
79808202,25.90,53.46,211.00,28.74,44.37
79838251,25.90,53.52,211.00,28.74,44.40
79868298,25.90,53.48,211.00,28.74,44.35
79898346,25.92,53.41,212.00,28.74,44.40
79928393,25.94,53.42,211.00,28.73,44.39
79958441,25.92,53.43,210.00,28.74,44.42
79988489,25.92,53.42,208.00,28.73,44.44
80018540,25.93,53.53,208.00,28.70,44.41
80048587,25.94,53.52,208.00,28.70,44.45
80078636,25.92,53.60,208.00,28.73,44.51
80108683,25.92,53.66,208.00,28.70,44.52
80138731,25.89,53.69,209.00,28.70,44.53
80168779,25.87,53.78,210.00,28.73,44.55
80198827,25.87,53.85,211.00,28.73,44.57
80228875,25.87,53.91,209.00,28.73,44.62
80258922,25.90,54.02,210.00,28.74,44.70
80288973,25.90,53.99,211.00,28.73,44.69
80319021,25.94,53.95,211.00,28.74,44.73
80349069,25.93,54.03,213.00,28.71,44.75
80379119,25.90,54.12,213.00,28.73,44.82
80409169,25.90,54.08,213.00,28.74,44.79
80439217,25.93,54.10,213.00,28.73,44.85
80469265,25.91,54.10,214.00,28.74,44.84
80499312,25.91,54.18,213.00,28.73,44.90
80529360,25.92,54.25,214.00,28.74,44.89
80559408,25.93,54.20,214.00,28.73,44.92
80589456,25.91,54.26,214.00,28.74,44.92
80619503,25.92,54.26,214.00,28.74,45.01
80649551,25.91,54.28,214.00,28.74,44.99
80679599,25.93,54.38,215.00,28.73,45.04
80709647,25.93,54.46,217.00,28.74,45.12
80739694,25.91,54.56,217.00,28.70,45.18
80769744,25.89,54.47,217.00,28.71,45.19
80799792,25.94,54.70,218.00,28.73,45.22
80829840,25.93,54.67,220.00,28.70,45.27
80859887,25.94,54.77,223.00,28.73,45.30
80889935,25.96,54.67,226.00,28.71,45.41
80919984,25.97,54.70,229.00,28.74,45.29
80950031,25.99,54.93,231.00,28.76,45.48
80980079,26.03,54.87,237.00,28.76,45.47
81010126,26.00,54.81,244.00,28.77,45.44
81040175,26.00,54.90,245.00,28.80,45.47
81070222,25.98,54.87,245.00,28.79,45.43
81100269,26.00,54.86,244.00,28.79,45.45
81130319,26.00,54.75,243.00,28.81,45.42
81160368,26.00,54.72,240.00,28.80,45.45
81190415,26.01,54.85,239.00,28.80,45.48
81220463,26.01,54.83,238.00,28.81,45.44
81250512,26.02,54.82,234.00,28.80,45.44
81280561,26.00,54.76,231.00,28.80,45.48
81310608,25.97,54.85,228.00,28.80,45.48
81340656,25.98,54.84,224.00,28.81,45.47
81370703,25.99,55.02,221.00,28.81,45.46
81400752,25.98,55.80,216.00,28.83,45.91
81430799,26.03,56.70,211.00,28.81,45.88
81460847,26.04,57.66,209.00,28.81,47.03
81490894,26.05,57.62,208.00,28.84,47.10
81520946,26.04,57.28,206.00,28.84,47.32
81550993,26.05,57.71,205.00,28.86,47.14
81581041,26.03,58.11,204.00,28.84,47.34
81611088,26.04,57.88,203.00,28.84,47.38
81641137,26.03,56.73,201.00,28.86,47.02
81671185,26.01,57.96,200.00,28.86,47.21
81701232,26.05,58.07,200.00,28.89,47.63
81731280,26.06,57.45,200.00,28.89,47.41
81761328,26.05,57.13,200.00,28.87,47.17
81791376,26.04,57.60,199.00,28.89,47.31
81821423,26.04,57.20,198.00,28.86,47.27
81851471,26.05,59.35,199.00,28.90,47.24
81881522,26.06,58.77,199.00,28.89,48.08
81911570,26.04,58.37,200.00,28.90,47.82
81941617,26.03,58.24,200.00,28.90,47.92
81971665,26.02,58.26,199.00,28.93,47.79
82001713,26.01,57.73,197.00,28.89,47.55
82031761,26.02,57.65,195.00,28.91,47.50
82061810,26.00,57.53,194.00,28.91,47.44
82091858,26.00,57.45,193.00,28.90,47.42
82121906,26.01,56.99,192.00,28.90,47.26
82151954,26.00,56.76,193.00,28.91,47.06
82182001,26.01,56.76,192.00,28.90,46.95
82212049,26.04,56.80,192.00,28.91,46.99
82242097,26.07,56.83,190.00,28.91,46.98
82272148,26.04,56.51,189.00,28.90,46.93
82302195,26.05,56.11,189.00,28.93,46.68
82332243,26.05,56.55,188.00,28.90,46.79
82362291,26.03,56.28,189.00,28.94,46.78
82392339,26.03,55.92,189.00,28.94,46.52
82422386,26.03,56.03,190.00,28.94,46.34
82452434,26.03,56.27,191.00,28.93,46.47
82482482,26.04,56.13,191.00,28.95,46.52
82512530,26.04,56.05,191.00,28.95,46.47
82542577,26.06,55.96,191.00,28.94,46.38
82572625,26.05,55.88,188.00,28.94,46.38
82602673,26.08,55.86,189.00,28.95,46.39
82632724,26.07,55.82,189.00,28.93,46.30
82662771,26.08,55.76,190.00,28.93,46.36
82692819,26.11,55.70,191.00,28.93,46.32
82722867,26.12,55.62,190.00,28.93,46.27
82752915,26.08,55.55,190.00,28.95,46.22
82782962,26.12,55.60,190.00,28.93,46.25
82813010,26.14,55.62,189.00,28.94,46.25
82843058,26.13,55.47,190.00,28.98,46.20
82873108,26.16,55.51,190.00,28.97,46.22
82903156,26.19,55.55,190.00,28.98,46.25
82933204,26.16,55.52,189.00,28.94,46.23
82963252,26.14,55.56,190.00,28.98,46.21
82993300,26.16,55.58,191.00,28.97,46.24
83023349,26.18,55.62,192.00,28.97,46.23
83053398,26.18,55.56,191.00,28.97,46.10
83083445,26.15,55.31,191.00,28.97,45.99
83113493,26.15,55.78,190.00,28.98,46.22
83143540,26.18,55.87,192.00,28.95,46.30
83173588,26.18,55.74,191.00,29.00,46.30
83203637,26.18,55.83,191.00,28.98,46.28
83233685,26.16,55.87,191.00,29.00,46.33
83263732,26.15,55.88,190.00,28.98,46.34
83293780,26.12,55.85,191.00,29.00,46.32
83323828,26.11,55.73,190.00,28.95,46.24
83353876,26.12,55.88,190.00,28.98,46.20
83383926,26.13,55.92,191.00,28.98,46.30
83413974,26.12,55.87,192.00,29.01,46.35
83444021,26.17,55.94,191.00,29.02,46.38
83474069,26.15,55.90,192.00,29.01,46.36
83504116,26.14,55.78,190.00,28.98,46.34
83534164,26.14,55.84,189.00,28.98,46.32
83564212,26.15,55.68,188.00,29.02,46.31
83594260,26.16,55.73,188.00,28.98,46.27
83624307,26.18,55.68,188.00,29.01,46.30
83654355,26.19,55.63,186.00,29.01,46.25
83684405,26.17,55.60,186.00,29.00,46.25
83714453,26.20,55.56,188.00,29.00,46.24
83744500,26.21,55.56,189.00,29.01,46.21
83774551,26.20,55.55,191.00,29.01,46.15
83804598,26.22,55.61,191.00,29.01,46.20
83834646,26.20,55.21,190.00,29.04,45.99
83864693,26.19,55.57,188.00,29.04,46.08
83894740,26.21,55.51,188.00,29.05,46.18
83924789,26.21,55.45,188.00,29.04,46.06
83954836,26.20,55.55,189.00,29.02,46.13
83984884,26.17,55.41,192.00,29.04,45.91
84014931,26.18,55.42,194.00,29.04,46.03
84044980,26.17,55.52,196.00,29.05,46.04
84075027,26.20,55.28,197.00,29.04,45.94
84105075,26.18,55.47,199.00,29.08,45.99
84135124,26.20,55.44,201.00,29.07,46.00
84165173,26.20,55.36,201.00,29.07,45.93
84195220,26.19,55.43,201.00,29.07,46.02
84225268,26.20,55.32,200.00,29.05,45.93
84255316,26.20,55.31,201.00,29.07,45.90
84285365,26.21,55.25,201.00,29.10,45.90
84315412,26.21,55.22,199.00,29.05,45.87
84345460,26.23,55.13,197.00,29.07,45.86
84375507,26.25,55.04,198.00,29.05,45.80
84405556,26.26,54.68,198.00,29.10,45.68
84435603,26.23,55.02,197.00,29.11,45.78
84465651,26.27,54.89,196.00,29.11,45.73
84495700,26.23,54.83,198.00,29.08,45.71
84525752,26.24,54.96,196.00,29.10,45.67
84555799,26.27,54.73,196.00,29.08,45.61
84585847,26.27,54.62,196.00,29.11,45.61
84615895,26.29,54.63,197.00,29.08,45.60
84645943,26.28,54.38,199.00,29.10,45.50
84675990,26.30,54.33,199.00,29.10,45.45
84706038,26.30,54.30,201.00,29.08,45.44
84736086,26.30,54.33,201.00,29.08,45.44
84766134,26.29,54.38,202.00,29.10,45.45
84796181,26.23,54.47,203.00,29.08,45.42
84826229,26.21,54.46,204.00,29.04,45.40
84856276,26.20,54.37,205.00,29.04,45.36
84886328,26.16,54.44,205.00,29.05,45.33
84916375,26.17,54.50,205.00,29.07,45.33
84946423,26.20,54.48,203.00,29.08,45.38
84976471,26.21,54.40,201.00,29.05,45.38
85006519,26.22,54.38,199.00,29.10,45.34
85036566,26.25,54.32,201.00,29.08,45.31
85066613,26.22,54.30,199.00,29.08,45.23
85096663,26.25,54.33,198.00,29.10,45.29
85126710,26.30,54.30,197.00,29.10,45.29
85156758,26.35,54.20,198.00,29.10,45.29
85186805,26.37,53.97,200.00,29.14,45.32
85216854,26.37,54.05,202.00,29.12,45.19
85246901,26.36,54.20,208.00,29.14,45.23
85276952,26.34,54.16,226.00,29.14,45.20
85307001,26.34,54.38,279.00,29.14,45.21
85337050,26.34,54.11,294.00,29.14,45.27
85367097,26.39,54.27,302.00,29.15,45.29
85397145,26.44,53.88,314.00,29.14,45.22
85427192,26.47,53.96,329.00,29.15,45.26
85457241,26.50,53.81,361.00,29.17,45.20
85487288,26.54,54.13,375.00,29.18,45.33
85517336,26.55,54.58,382.00,29.17,45.46
85547383,26.58,54.09,390.00,29.21,45.43
85577432,26.56,54.27,395.00,29.21,45.43
85607479,26.55,54.11,397.00,29.21,45.35
85637530,26.53,54.72,398.00,29.21,45.14
85667577,26.48,54.27,397.00,29.24,45.16
85697626,26.46,54.60,397.00,29.21,45.09
85727673,26.47,54.44,396.00,29.24,45.17
85757721,26.43,55.15,402.00,29.27,45.50
85787768,26.44,55.98,413.00,29.24,45.45
85817817,26.48,55.98,441.00,29.22,45.90
85847864,26.53,54.19,485.00,29.24,45.41
85877912,26.53,55.98,474.00,29.28,45.63
85907959,26.57,56.03,476.00,29.27,45.88
85938008,26.65,56.45,512.00,29.28,46.23
85968056,26.66,55.64,553.00,29.28,46.42
85998104,26.68,55.26,554.00,29.31,46.23
86028153,26.70,54.73,551.00,29.31,46.00
86058202,26.71,55.25,542.00,29.31,46.14
86088250,26.78,55.43,540.00,29.32,46.31
86118300,26.81,54.98,538.00,29.32,46.16
86148347,26.79,55.84,535.00,29.35,46.02
86178396,26.77,54.69,531.00,29.35,45.94
86208443,26.72,54.97,525.00,29.35,45.75
86238491,26.67,55.35,502.00,29.38,45.81
86268538,26.61,54.35,486.00,29.38,45.65
86298587,26.56,55.42,476.00,29.37,45.69
86328634,26.54,55.51,474.00,29.38,45.68
86358682,26.54,55.43,473.00,29.38,45.84
86388732,26.55,55.39,475.00,29.38,45.76
86418781,26.55,55.29,479.00,29.39,45.84
86448828,26.60,55.01,483.00,29.41,45.77
86478875,26.58,55.01,482.00,29.39,45.47
86508923,26.56,54.27,477.00,29.39,45.39
86538971,26.58,54.86,465.00,29.39,45.50
86569019,26.55,54.28,462.00,29.39,45.29
86599066,26.54,53.84,458.00,29.41,45.30
86629113,26.52,55.03,450.00,29.39,45.35
86659162,26.47,53.40,451.00,29.38,44.95
86689209,26.42,53.90,442.00,29.39,44.85
86719257,26.55,54.22,432.00,29.38,45.21
86749304,26.64,53.52,438.00,29.37,44.98
86779356,26.71,53.48,437.00,29.37,44.92
86809403,26.73,53.53,438.00,29.41,44.96
86839451,26.84,53.74,440.00,29.38,45.35
86869498,26.84,53.04,443.00,29.38,45.00
86899547,26.87,53.33,444.00,29.42,45.03
86929595,26.96,52.98,446.00,29.41,45.06
86959644,26.99,53.08,451.00,29.44,45.07
86989691,27.02,52.42,453.00,29.41,44.74
87019740,27.03,52.16,454.00,29.44,44.61
87049787,27.06,52.19,453.00,29.45,44.54
87079835,27.03,52.55,453.00,29.46,44.64
87109882,27.05,52.91,456.00,29.48,44.77
87139933,27.04,53.35,481.00,29.49,44.76
87169980,27.02,53.56,496.00,29.48,45.05
87200028,27.00,53.69,509.00,29.50,45.13
87230075,27.01,53.70,518.00,29.52,45.13
87260124,27.01,53.28,529.00,29.53,45.12
87290171,27.06,52.80,556.00,29.52,44.98
87320219,27.16,52.19,551.00,29.56,44.65
87350266,27.21,51.75,536.00,29.56,44.40
87380315,27.19,51.99,521.00,29.55,44.43
87410363,27.22,52.17,515.00,29.58,44.56
87440411,27.22,52.09,512.00,29.59,44.51
87470458,27.14,52.10,513.00,29.62,44.43
87500507,27.14,52.38,511.00,29.62,44.43
87530557,27.07,52.20,516.00,29.62,44.27
87560605,26.99,52.45,512.00,29.63,44.18
87590652,26.93,52.24,505.00,29.63,44.13
87620701,26.91,52.02,491.00,29.62,43.97
87650748,26.95,51.74,464.00,29.62,43.79
87680796,26.94,52.18,422.00,29.63,43.80
87710843,26.98,51.63,403.00,29.62,43.71
87740894,26.97,51.07,393.00,29.62,43.53
87770941,26.97,50.24,381.00,29.63,42.95
87800989,26.92,50.18,355.00,29.59,42.74
87831037,26.89,50.46,333.00,29.62,42.79
87861085,26.86,50.59,320.00,29.60,42.83
87891135,26.85,50.72,314.00,29.58,42.88
87921183,26.86,50.86,314.00,29.59,42.88
87951232,26.91,50.28,316.00,29.58,42.72
87981280,26.91,50.24,317.00,29.58,42.55
88011328,26.90,50.25,315.00,29.59,42.59
88041375,26.90,50.36,315.00,29.60,42.61
88071424,26.89,50.08,312.00,29.60,42.41
88101471,26.87,50.10,308.00,29.59,42.40
88131519,26.83,50.33,307.00,29.58,42.39
88161566,26.79,50.39,306.00,29.59,42.44
88191614,26.83,50.45,307.00,29.56,42.43
88221662,26.84,50.35,308.00,29.60,42.45
88251710,26.85,50.33,310.00,29.60,42.46
88281760,26.85,50.37,313.00,29.58,42.42
88311809,26.86,50.49,316.00,29.59,42.49
88341856,26.85,50.28,318.00,29.58,42.39
88371904,26.91,49.83,318.00,29.56,42.25
88401951,26.87,50.13,315.00,29.58,42.20
88432000,26.87,49.44,311.00,29.58,42.03
88462047,26.85,49.44,309.00,29.59,41.86
88492095,26.87,49.78,306.00,29.58,41.98
88522142,26.86,49.76,307.00,29.56,42.01
88552193,26.83,49.98,311.00,29.58,42.00
88582240,26.82,49.66,313.00,29.59,41.78
88612288,26.79,49.73,309.00,29.58,41.87
88642338,26.78,49.85,303.00,29.56,41.88
88672387,26.79,50.11,304.00,29.56,42.00
88702434,26.77,49.52,307.00,29.55,41.71
88732482,26.78,49.83,305.00,29.55,41.85
88762529,26.76,49.94,305.00,29.53,41.85
88792578,26.77,50.14,304.00,29.55,41.84
88822626,26.76,49.28,303.00,29.53,41.60
88852674,26.74,49.41,297.00,29.55,41.50
88882721,26.73,49.38,290.00,29.55,41.54
88912770,26.71,49.65,282.00,29.52,41.44
88942817,26.71,49.71,278.00,29.52,41.55
88972865,26.70,49.81,281.00,29.53,41.67
89002912,26.72,50.40,284.00,29.53,41.85
89032964,26.77,50.38,320.00,29.53,41.97
89063011,26.74,50.24,347.00,29.55,41.96
89093059,26.74,50.35,351.00,29.55,42.12
89123106,26.74,49.95,356.00,29.53,41.83
89153155,26.72,50.01,344.00,29.55,41.80
89183202,26.70,49.99,336.00,29.55,41.80
89213250,26.70,49.75,333.00,29.53,41.68
89243297,26.70,49.62,325.00,29.53,41.58
89273346,26.67,49.65,300.00,29.50,41.49
89303393,26.67,49.33,285.00,29.52,41.40
89333441,26.67,49.40,282.00,29.50,41.43
89363490,26.67,49.38,284.00,29.50,41.35
89393542,26.67,49.71,284.00,29.52,41.48
89423589,26.67,49.73,289.00,29.50,41.52
89453637,26.67,49.85,295.00,29.49,41.55
89483684,26.68,49.52,301.00,29.50,41.44
89513733,26.66,49.20,303.00,29.49,41.27
89543780,26.66,49.32,298.00,29.49,41.23
89573828,26.63,49.41,292.00,29.49,41.15
89603875,26.63,49.34,282.00,29.50,41.18
89633924,26.65,49.44,271.00,29.48,41.26
89663971,26.64,49.31,272.00,29.48,41.22
89694019,26.63,49.12,275.00,29.49,41.15
89724066,26.63,49.20,274.00,29.50,41.10
89754115,26.60,49.29,267.00,29.48,41.14
89784165,26.64,49.41,266.00,29.48,41.20
89814212,26.61,49.39,265.00,29.48,41.19
89844260,26.63,49.38,266.00,29.50,41.26
89874308,26.63,49.44,266.00,29.49,41.20
89904356,26.60,49.42,266.00,29.48,41.19
89934403,26.63,49.73,265.00,29.48,41.23
89964451,26.66,49.49,266.00,29.50,41.29
89994499,26.66,49.50,266.00,29.50,41.23
90024546,26.69,49.36,267.00,29.52,41.25
90054593,26.69,49.49,266.00,29.50,41.32
90084641,26.72,49.57,267.00,29.52,41.34
90114689,26.73,49.80,270.00,29.52,41.43
90144740,26.72,49.40,277.00,29.50,41.39
90174789,26.68,49.35,281.00,29.50,41.26
90204837,26.70,49.48,280.00,29.50,41.23
90234885,26.72,49.48,280.00,29.50,41.25
90264933,26.67,49.36,280.00,29.49,41.25
90294981,26.69,49.70,278.00,29.50,41.22
90325029,26.68,49.82,275.00,29.50,41.38
90355077,26.66,49.76,279.00,29.50,41.47
90385125,26.66,49.76,284.00,29.52,41.40
90415172,26.65,49.88,284.00,29.50,41.46
90445220,26.64,49.85,285.00,29.50,41.43
90475268,26.64,49.74,288.00,29.53,41.41
90505316,26.64,49.62,286.00,29.50,41.31
90535366,26.66,49.63,285.00,29.52,41.33
90565414,26.68,49.63,283.00,29.55,41.39
90595462,26.69,49.66,283.00,29.49,41.36
90625510,26.67,49.26,285.00,29.52,41.18
90655557,26.67,49.27,282.00,29.53,41.15
90685605,26.67,49.12,276.00,29.53,41.05
90715653,26.66,49.16,273.00,29.52,41.01
90745701,26.62,49.39,268.00,29.50,40.99
90775748,26.60,49.16,261.00,29.52,40.88
90805796,26.59,49.02,256.00,29.52,40.92
90835844,26.58,49.12,249.00,29.52,40.83
90865892,26.56,49.19,245.00,29.50,40.75
90895942,26.54,48.89,241.00,29.52,40.74
90925990,26.53,48.99,235.00,29.48,40.67
90956038,26.50,48.73,231.00,29.49,40.54
90986088,26.51,48.94,228.00,29.46,40.52
91016135,26.51,48.96,227.00,29.48,40.55
91046183,26.47,48.96,227.00,29.46,40.63
91076231,26.48,49.00,225.00,29.44,40.64
91106279,26.49,49.12,223.00,29.45,40.68
91136327,26.50,49.16,223.00,29.48,40.73
91166375,26.47,49.02,225.00,29.44,40.68
91196423,26.46,48.94,226.00,29.46,40.64
91226471,26.47,49.04,223.00,29.44,40.60
91256518,26.46,49.05,223.00,29.44,40.69
91286564,26.45,48.88,223.00,29.42,40.54
91316612,26.44,49.04,221.00,29.42,40.48
91346660,26.42,48.93,220.00,29.42,40.49
91376707,26.40,48.99,221.00,29.42,40.50
91406755,26.40,48.91,220.00,29.42,40.48
91436803,26.42,48.08,220.00,29.41,40.22
91466851,26.40,48.10,218.00,29.41,39.96
91496898,26.40,48.37,211.00,29.39,39.94
91526946,26.40,48.01,204.00,29.38,39.87
91556994,26.37,47.78,203.00,29.38,39.78
91587042,26.37,47.35,201.00,29.39,39.61
91617089,26.38,47.65,198.00,29.37,39.45
91647140,26.39,47.47,196.00,29.39,39.54
91677189,26.37,47.27,196.00,29.38,39.48
91707236,26.40,47.10,195.00,29.38,39.40
91737284,26.42,46.80,195.00,29.37,39.18
91767331,26.44,46.85,194.00,29.38,39.14
91797380,26.45,47.23,195.00,29.35,39.25
91827429,26.42,47.22,193.00,29.35,39.25
91857477,26.46,46.75,191.00,29.37,39.14
91887524,26.45,46.84,188.00,29.37,39.11
91917573,26.39,47.03,188.00,29.35,39.12
91947620,26.42,47.40,187.00,29.32,39.34
91977668,26.41,47.32,186.00,29.35,39.32
92007718,26.42,47.48,186.00,29.34,39.40
92037767,26.42,47.65,187.00,29.34,39.43
92067814,26.41,47.47,188.00,29.32,39.39
92097862,26.40,47.54,189.00,29.34,39.49
92127909,26.40,47.60,190.00,29.31,39.51
92157958,26.40,47.53,192.00,29.32,39.52
92188005,26.40,47.64,193.00,29.34,39.52
92218053,26.41,47.55,194.00,29.34,39.47
92248100,26.43,47.49,195.00,29.32,39.41
92278149,26.40,47.59,195.00,29.34,39.47
92308197,26.38,47.54,195.00,29.32,39.47
92338244,26.42,47.68,194.00,29.32,39.47
92368292,26.39,47.84,194.00,29.31,39.64
92398343,26.44,47.71,196.00,29.34,39.51
92428390,26.40,47.60,196.00,29.32,39.50
92458438,26.39,47.60,197.00,29.31,39.51
92488485,26.40,47.56,197.00,29.31,39.47
92518534,26.41,47.60,198.00,29.34,39.49
92548581,26.40,47.44,198.00,29.34,39.36
92578629,26.37,47.79,199.00,29.31,39.44
92608676,26.41,47.34,200.00,29.32,39.25
92638727,26.41,47.38,200.00,29.32,39.22
92668774,26.40,47.07,201.00,29.34,39.21
92698822,26.40,47.01,201.00,29.29,39.10
92728869,26.38,47.29,203.00,29.27,39.16
92758920,26.40,47.02,203.00,29.29,39.15
92788967,26.36,46.93,203.00,29.31,39.01
92819015,26.36,46.47,202.00,29.27,38.85
92849062,26.35,46.41,202.00,29.31,38.75
92879111,26.34,46.50,202.00,29.28,38.72
92909158,26.34,46.58,201.00,29.29,38.83
92939205,26.32,46.69,201.00,29.28,38.73
92969253,26.33,46.14,200.00,29.28,38.54
92999301,26.29,46.29,198.00,29.28,38.52
93029349,26.30,46.37,197.00,29.28,38.54
93059396,26.30,46.44,197.00,29.31,38.54
93089444,26.31,46.45,196.00,29.27,38.48
93119492,26.30,46.62,195.00,29.28,38.63
93149543,26.31,46.91,195.00,29.25,38.68
93179590,26.32,47.15,192.00,29.25,38.72
93209638,26.32,46.75,192.00,29.27,38.71
93239686,26.34,46.86,192.00,29.27,38.77
93269734,26.32,47.29,194.00,29.28,38.88
93299781,26.32,47.14,195.00,29.28,38.96
93329829,26.30,47.20,194.00,29.27,38.86
93359877,26.32,47.03,193.00,29.27,38.90
93389925,26.32,46.90,193.00,29.27,38.75
93419972,26.29,46.57,192.00,29.25,38.61
93450022,26.29,46.30,192.00,29.27,38.55
93480070,26.29,46.57,190.00,29.25,38.43
93510121,26.29,46.49,191.00,29.25,38.56
93540168,26.29,46.43,192.00,29.25,38.40
93570216,26.31,46.24,193.00,29.24,38.39
93600264,26.32,46.65,193.00,29.25,38.43
93630312,26.32,45.86,194.00,29.25,38.14
93660359,26.34,45.97,196.00,29.27,38.29
93690407,26.36,46.36,195.00,29.24,38.26
93720456,26.34,46.08,196.00,29.24,38.22
93750503,26.33,45.86,197.00,29.25,38.12
93780551,26.36,45.78,198.00,29.27,37.95
93810599,26.35,45.81,198.00,29.25,38.05
93840647,26.35,45.14,197.00,29.27,37.88
93870695,26.34,45.64,199.00,29.22,37.77
93900745,26.34,45.68,199.00,29.25,37.97
93930793,26.36,45.97,199.00,29.24,37.70
93960841,26.35,44.84,199.00,29.24,37.55
93990889,26.35,44.84,199.00,29.25,37.54
94020936,26.36,44.95,199.00,29.27,37.52
94050984,26.36,44.74,199.00,29.28,37.46
94081032,26.37,44.74,198.00,29.25,37.45
94111080,26.36,45.00,197.00,29.27,37.44
94141127,26.38,45.17,196.00,29.24,37.64
94171175,26.35,45.04,197.00,29.27,37.57
94201223,26.35,45.17,197.00,29.25,37.63
94231271,26.34,45.70,196.00,29.27,37.61
94261322,26.34,45.22,195.00,29.27,37.50
94291372,26.34,45.20,196.00,29.27,37.50
94321419,26.35,44.83,194.00,29.28,37.48
94351467,26.33,44.73,192.00,29.25,37.34
94381514,26.32,44.92,190.00,29.25,37.44
94411563,26.30,45.33,188.00,29.25,37.45
94441610,26.30,45.12,186.00,29.28,37.41
94471658,26.29,45.00,185.00,29.27,37.37
94501706,26.28,44.97,184.00,29.29,37.40
94531755,26.32,45.00,186.00,29.25,37.41
94561802,26.35,45.57,188.00,29.24,37.46
94591849,26.35,45.66,191.00,29.22,37.53
94621897,26.34,45.46,193.00,29.25,37.53
94651948,26.36,45.29,192.00,29.25,37.62
94681996,26.39,45.39,194.00,29.25,37.63
94712043,26.38,45.06,195.00,29.24,37.57
94742091,26.40,45.75,196.00,29.24,37.54
94772139,26.39,45.27,198.00,29.24,37.59
94802187,26.36,45.03,197.00,29.24,37.50
94832235,26.38,45.12,198.00,29.27,37.48
94862283,26.35,45.09,198.00,29.24,37.44
94892331,26.35,44.78,198.00,29.25,37.30
94922379,26.38,45.40,198.00,29.25,37.34
94952426,26.39,44.80,198.00,29.22,37.32
94982474,26.40,44.70,199.00,29.24,37.28
95012525,26.40,44.70,199.00,29.27,37.29
95042572,26.40,44.73,201.00,29.27,37.28
95072621,26.43,44.96,202.00,29.25,37.28
95102670,26.42,44.77,201.00,29.25,37.30
95132718,26.46,45.13,200.00,29.28,37.41
95162766,26.42,44.70,201.00,29.27,37.36
95192813,26.44,44.63,202.00,29.28,37.25
95222861,26.44,44.72,202.00,29.27,37.27
95252909,26.46,45.34,201.00,29.32,37.23
95282957,26.46,45.22,202.00,29.28,37.35
95313004,26.45,45.22,203.00,29.29,37.49
95343052,26.44,45.23,203.00,29.28,37.36
95373100,26.43,44.94,204.00,29.31,37.43
95403151,26.44,45.01,203.00,29.29,37.36
95433198,26.43,44.92,205.00,29.29,37.28
95463246,26.43,44.29,205.00,29.34,37.17
95493294,26.43,44.32,208.00,29.34,36.95
95523341,26.44,44.26,205.00,29.28,36.98
95553388,26.43,43.94,205.00,29.32,36.84
95583436,26.40,44.31,207.00,29.29,36.71
95613484,26.39,44.24,206.00,29.29,36.82
95643532,26.40,44.95,207.00,29.29,36.76
95673579,26.35,44.60,207.00,29.27,36.77
95703627,26.34,44.33,206.00,29.31,36.76
95733675,26.32,44.49,205.00,29.28,36.84
95763726,26.33,44.25,203.00,29.29,36.71
95793773,26.31,45.01,204.00,29.29,36.85
95823821,26.32,44.48,203.00,29.28,36.94
95853869,26.31,44.28,205.00,29.27,36.80
95883918,26.29,44.02,204.00,29.25,36.63
95913966,26.28,44.43,203.00,29.25,36.70
95944014,26.29,44.63,202.00,29.25,36.72
95974062,26.31,44.44,201.00,29.27,36.74
96004109,26.32,45.00,200.00,29.25,36.74
96034156,26.34,44.41,201.00,29.25,36.72
96064204,26.34,45.08,200.00,29.25,36.84
96094252,26.32,44.02,202.00,29.25,36.73
96124300,26.34,44.53,204.00,29.27,36.79
96154350,26.33,44.19,203.00,29.24,36.71
96184398,26.30,44.27,204.00,29.25,36.66
96214446,26.29,44.47,203.00,29.25,36.60
96244494,26.30,44.02,201.00,29.25,36.43
96274542,26.30,44.05,202.00,29.22,36.43
96304589,26.29,44.15,199.00,29.25,36.40
96334638,26.33,43.65,199.00,29.27,36.33
96364685,26.32,43.51,199.00,29.24,36.26
96394733,26.34,43.64,198.00,29.24,36.32
96424780,26.32,43.89,201.00,29.24,36.30
96454829,26.34,44.02,204.00,29.25,36.36
96484876,26.35,44.41,206.00,29.24,36.53
96514927,26.36,44.55,206.00,29.25,36.72
96544974,26.36,44.11,207.00,29.27,36.64
96575023,26.36,44.42,208.00,29.28,36.58
96605070,26.36,44.37,207.00,29.27,36.56
96635118,26.36,44.30,207.00,29.24,36.60
96665165,26.35,44.07,208.00,29.24,36.49
96695216,26.36,44.17,208.00,29.25,36.58
96725263,26.32,44.18,208.00,29.25,36.47
96755311,26.32,44.14,209.00,29.25,36.48
96785359,26.30,43.98,207.00,29.25,36.38
96815408,26.28,44.37,207.00,29.24,36.47
96845455,26.30,44.07,207.00,29.24,36.39
96875503,26.29,43.92,206.00,29.24,36.41
96905552,26.30,44.32,206.00,29.21,36.45
96935601,26.29,43.94,205.00,29.24,36.31
96965648,26.26,44.23,205.00,29.21,36.38
96995696,26.26,44.13,203.00,29.22,36.22
97025743,26.27,43.81,202.00,29.21,36.12
97055792,26.26,43.73,200.00,29.19,36.20
97085840,26.27,44.06,201.00,29.19,36.21
97115888,26.28,43.77,201.00,29.19,36.15
97145935,26.28,43.57,200.00,29.21,36.12
97175984,26.30,44.05,201.00,29.21,36.20
97206031,26.30,43.90,202.00,29.22,36.24
97236078,26.30,43.92,203.00,29.21,36.18
97266129,26.26,43.94,201.00,29.19,36.28
97296177,26.24,44.10,201.00,29.21,36.19
97326225,26.25,43.68,202.00,29.18,36.23
97356272,26.25,44.49,202.00,29.17,36.25
97386320,26.23,44.17,201.00,29.14,36.23
97416368,26.26,43.67,201.00,29.18,36.28
97446416,26.26,43.81,202.00,29.18,36.25
97476463,26.27,44.12,202.00,29.17,36.42
97506513,26.27,43.75,203.00,29.17,36.42
97536561,26.25,43.94,202.00,29.18,36.42
97566610,26.26,43.66,201.00,29.18,36.16
97596657,26.25,43.31,201.00,29.18,36.03
97626705,26.23,43.68,200.00,29.21,36.11
97656756,26.23,43.56,199.00,29.17,35.95
97686804,26.24,44.17,200.00,29.17,35.99
97716851,26.24,43.64,200.00,29.15,35.99
97746899,26.26,43.35,201.00,29.17,35.99
97776947,26.24,43.86,201.00,29.14,36.01
97806995,26.26,43.66,201.00,29.14,35.92
97837042,26.27,43.16,201.00,29.15,35.97
97867090,26.28,43.64,201.00,29.17,35.95
97897138,26.28,43.28,203.00,29.17,35.92
97927186,26.27,43.46,205.00,29.17,35.95
97957233,26.30,43.78,206.00,29.15,36.04
97987281,26.27,44.06,205.00,29.18,36.29
98017332,26.28,44.04,205.00,29.18,36.19
98047380,26.26,43.60,205.00,29.17,36.13
98077427,26.27,44.28,205.00,29.17,36.12
98107475,26.29,43.90,205.00,29.19,36.25
98137523,26.26,43.75,206.00,29.18,36.23
98167571,26.29,43.67,206.00,29.18,36.21
98197618,26.30,44.16,207.00,29.17,36.24
98227666,26.29,43.75,208.00,29.18,36.28
98257715,26.28,43.96,207.00,29.14,36.33
98287762,26.26,44.06,207.00,29.17,36.29
98317812,26.26,44.37,206.00,29.17,36.39
98347859,26.27,44.21,206.00,29.17,36.49
98377909,26.24,44.20,203.00,29.15,36.44
98407958,26.25,44.27,204.00,29.15,36.41
98438006,26.24,44.45,203.00,29.14,36.54
98468054,26.24,44.16,203.00,29.15,36.50
98498102,26.24,43.99,206.00,29.14,36.44
98528149,26.24,44.18,206.00,29.15,36.39
98558197,26.25,44.54,206.00,29.15,36.59
98588244,26.23,44.57,207.00,29.17,36.52
98618293,26.24,44.77,208.00,29.12,36.63
98648340,26.23,44.66,210.00,29.15,36.54
98678388,26.25,44.25,211.00,29.15,36.55
98708435,26.23,43.86,211.00,29.19,36.35
98738484,26.24,44.31,211.00,29.17,36.45
98768533,26.23,45.16,212.00,29.17,36.60
98798581,26.24,43.88,211.00,29.15,36.37
98828628,26.23,44.24,212.00,29.15,36.38
98858677,26.22,44.54,215.00,29.15,36.55
98888724,26.21,44.23,218.00,29.15,36.54
98918772,26.19,44.15,218.00,29.12,36.35
98948819,26.19,44.27,218.00,29.15,36.47
98978868,26.21,44.24,219.00,29.12,36.46
99008915,26.18,44.18,217.00,29.14,36.40
99038963,26.19,44.47,215.00,29.12,36.30
99069010,26.18,44.62,214.00,29.15,36.54
99099059,26.18,44.60,213.00,29.14,36.49
99129106,26.19,44.56,214.00,29.14,36.54
99159158,26.22,44.31,215.00,29.15,36.64
99189206,26.21,44.33,214.00,29.12,36.57
99219254,26.21,44.22,215.00,29.14,36.48
99249301,26.20,44.51,215.00,29.14,36.57
99279349,26.23,44.74,215.00,29.14,36.63
99309396,26.22,44.92,217.00,29.14,36.74
99339445,26.21,44.92,216.00,29.17,36.83
99369493,26.21,44.69,216.00,29.14,36.69
99399541,26.20,44.82,217.00,29.14,36.71
99429588,26.18,45.05,215.00,29.14,36.82
99459637,26.16,44.71,215.00,29.14,36.80
99489685,26.22,45.15,217.00,29.15,36.84
99519734,26.19,44.82,220.00,29.15,36.86
99549783,26.23,44.67,222.00,29.15,36.77
99579831,26.21,44.78,225.00,29.12,36.76
99609879,26.20,44.92,227.00,29.14,36.80
99639926,26.21,44.58,227.00,29.14,36.76
99669975,26.22,44.99,228.00,29.14,36.85
99700022,26.20,44.83,229.00,29.12,36.82
99730070,26.23,44.97,229.00,29.14,36.81
99760117,26.24,44.71,229.00,29.14,36.87
99790166,26.21,45.32,229.00,29.15,36.94
99820213,26.24,44.92,229.00,29.15,37.05
99850261,26.21,44.55,231.00,29.15,36.80
99880308,26.26,44.85,231.00,29.15,36.79
99910360,26.23,44.57,230.00,29.15,36.73
99940409,26.24,44.60,231.00,29.14,36.82
99970457,26.20,44.32,232.00,29.15,36.59
100000504,26.21,44.67,232.00,29.14,36.55
100030553,26.20,44.46,232.00,29.12,36.57
100060601,26.21,44.31,231.00,29.14,36.47
100090649,26.18,44.35,233.00,29.12,36.40
100120696,26.19,44.21,232.00,29.12,36.44
100150745,26.17,44.03,232.00,29.14,36.35
100180792,26.12,44.05,229.00,29.12,36.30
100210840,26.15,44.31,227.00,29.11,36.31
100240887,26.16,44.34,225.00,29.14,36.38
100270939,26.14,44.37,226.00,29.11,36.42
100300986,26.16,44.36,226.00,29.12,36.39
100331034,26.18,44.56,226.00,29.12,36.61
100361081,26.17,44.55,226.00,29.15,36.55
100391130,26.17,44.28,224.00,29.11,36.63
100421178,26.17,44.80,223.00,29.12,36.63
100451226,26.14,44.96,222.00,29.12,36.71
100481273,26.19,44.36,223.00,29.11,36.70
100511322,26.18,44.76,221.00,29.12,36.66
100541369,26.16,44.98,222.00,29.11,36.69
100571417,26.18,44.61,224.00,29.11,36.74
100601464,26.16,44.43,224.00,29.08,36.57
100631516,26.17,44.30,223.00,29.12,36.57
100661563,26.18,44.56,224.00,29.11,36.63
100691611,26.15,44.63,225.00,29.12,36.64
100721658,26.20,44.57,226.00,29.14,36.74
100751709,26.21,44.64,228.00,29.08,36.75
100781757,26.19,44.67,227.00,29.12,36.63
100811805,26.19,44.71,227.00,29.12,36.68
100841852,26.22,44.28,227.00,29.11,36.63
100871901,26.19,44.92,228.00,29.12,36.66
100901949,26.22,44.76,227.00,29.12,36.77
100931997,26.23,44.69,228.00,29.12,36.59
100962044,26.21,44.66,224.00,29.14,36.81
100992096,26.19,44.65,222.00,29.12,36.54
101022143,26.20,44.79,223.00,29.12,36.57
101052191,26.20,44.35,223.00,29.12,36.48
101082240,26.21,44.55,223.00,29.12,36.40
101112287,26.19,44.27,222.00,29.11,36.49
101142335,26.18,44.41,222.00,29.11,36.48
101172382,26.15,44.27,221.00,29.12,36.52
101202430,26.13,44.39,223.00,29.11,36.52
101232478,26.14,44.44,228.00,29.08,36.48
101262526,26.12,44.78,228.00,29.10,36.58
101292574,26.15,44.84,231.00,29.10,36.62
101322622,26.12,44.95,230.00,29.11,36.73
101352670,26.13,44.75,231.00,29.08,36.77
101382721,26.14,44.90,231.00,29.10,36.81
101412768,26.14,44.86,229.00,29.08,36.79
101442817,26.14,44.90,228.00,29.11,36.81
101472864,26.13,45.17,227.00,29.08,36.70
101502912,26.12,45.00,224.00,29.10,36.82
101532959,26.11,45.14,223.00,29.07,36.84
101563009,26.13,45.07,221.00,29.10,36.80
101593057,26.12,45.17,220.00,29.08,36.83
101623105,26.11,45.17,217.00,29.08,36.95
101653152,26.10,45.39,216.00,29.08,36.82
101683201,26.10,45.09,215.00,29.07,36.95
101713248,26.07,45.23,213.00,29.07,36.97
101743306,26.08,45.17,211.00,29.07,36.95
101773353,26.08,45.21,210.00,29.07,36.91
101803402,26.11,45.37,208.00,29.08,36.91
101833449,26.08,45.36,209.00,29.05,37.02
101863497,26.08,45.04,209.00,29.04,37.01
101893544,26.08,45.14,209.00,29.05,36.84
101923593,26.07,45.07,207.00,29.07,36.90
101953640,26.05,44.78,207.00,29.07,36.74
101983688,26.06,44.78,206.00,29.04,36.77
102013735,26.06,44.81,202.00,29.04,36.63
102043784,26.05,44.49,202.00,29.04,36.54
102073831,26.05,44.63,202.00,29.02,36.69
102103881,26.05,44.63,200.00,29.02,36.62
102133929,26.01,44.69,200.00,29.01,36.65
102163978,26.01,44.38,201.00,29.02,36.56
102194025,26.05,44.36,201.00,29.01,36.63
102224073,26.04,44.58,201.00,29.00,36.56
102254120,26.05,44.65,199.00,29.00,36.61
102284169,26.05,44.44,198.00,29.00,36.70
102314217,26.01,44.26,197.00,28.97,36.54
102344266,26.02,44.24,197.00,29.01,36.52
102374315,26.01,44.37,201.00,28.98,36.59
102404363,26.02,44.36,207.00,28.97,36.61
102434411,25.98,44.41,209.00,28.98,36.61
102464461,25.98,44.27,211.00,28.95,36.57
102494510,25.96,44.33,216.00,28.93,36.55
102524557,25.92,44.45,218.00,28.91,36.62
102554605,25.97,44.77,222.00,28.91,36.63
102584652,25.98,44.88,224.00,28.89,36.81
102614701,25.99,44.33,225.00,28.91,36.69
102644749,25.98,44.24,229.00,28.90,36.60
102674797,25.97,44.72,231.00,28.91,36.59
102704844,25.98,44.64,233.00,28.89,36.73
102734893,26.00,44.35,235.00,28.89,36.63
102764940,26.00,43.90,236.00,28.90,36.50
102794988,26.00,44.80,237.00,28.93,36.50
102825038,25.97,43.90,236.00,28.89,36.44
102855087,26.01,44.51,234.00,28.87,36.43
102885134,25.99,44.45,232.00,28.89,36.60
102915182,25.99,44.35,231.00,28.89,36.67
102945229,26.01,44.30,230.00,28.91,36.60
102975278,26.00,44.37,229.00,28.90,36.63
103005325,26.01,44.18,228.00,28.90,36.56
103035373,25.99,43.86,226.00,28.90,36.45
103065421,25.94,43.85,223.00,28.89,36.38
103095470,25.95,44.28,224.00,28.90,36.38
103125517,25.96,44.28,223.00,28.89,36.59
103155567,25.96,44.38,223.00,28.90,36.38
103185614,25.91,43.87,221.00,28.90,36.41
103215666,25.92,43.94,221.00,28.89,36.34
103245713,25.89,43.93,220.00,28.87,36.35
103275761,25.90,44.00,220.00,28.87,36.34
103305808,25.91,44.22,217.00,28.86,36.38
103335857,25.91,44.48,219.00,28.87,36.58
103365905,25.92,44.67,222.00,28.84,36.69
103395953,25.94,44.73,224.00,28.81,36.83
103426000,25.96,44.77,227.00,28.84,36.85
103456049,25.99,44.87,230.00,28.84,36.94
103486096,26.02,44.73,233.00,28.81,36.96
103516143,26.07,44.65,236.00,28.81,36.97
103546191,26.02,44.62,236.00,28.81,36.99
103576242,26.02,44.73,239.00,28.80,37.01
103606290,26.04,44.79,238.00,28.79,37.03
103636338,26.05,44.76,238.00,28.79,37.06
103666386,26.05,44.79,238.00,28.80,37.05
103696434,26.02,44.79,239.00,28.80,37.12
103726482,26.03,44.89,239.00,28.77,37.17
103756529,26.06,44.91,241.00,28.77,37.20
103786577,26.05,44.81,242.00,28.76,37.20
103816625,26.04,44.80,241.00,28.73,37.21
103846673,26.05,44.81,242.00,28.73,37.21
103876720,26.04,44.77,241.00,28.73,37.20
103906768,25.99,44.80,240.00,28.73,37.19
103936819,26.01,44.81,240.00,28.71,37.20
103966869,26.02,44.82,239.00,28.70,37.19
103996917,26.00,44.75,240.00,28.74,37.22
104026966,25.95,44.69,237.00,28.71,37.12
104057013,25.96,44.86,236.00,28.71,37.20
104087061,25.97,44.85,238.00,28.69,37.24
104117108,25.97,44.84,238.00,28.69,37.27
104147158,26.02,44.93,241.00,28.70,37.33
104177205,25.98,44.88,243.00,28.69,37.33
104207253,26.00,45.05,245.00,28.70,37.39
104237300,26.02,45.00,246.00,28.64,37.43
104267348,26.03,44.96,246.00,28.67,37.46
104297399,26.05,45.00,246.00,28.67,37.40
104327446,26.06,44.95,251.00,28.67,37.50
104357494,26.09,45.01,254.00,28.67,37.46
104387542,26.06,44.83,257.00,28.69,37.47
104417590,26.05,44.94,257.00,28.69,37.42
104447637,26.01,44.82,257.00,28.69,37.35
104477685,25.98,44.97,256.00,28.73,37.34
104507734,25.99,45.05,253.00,28.69,37.36
104537781,26.02,45.06,253.00,28.70,37.42
104567829,26.03,45.04,252.00,28.71,37.41
104597876,26.05,45.07,253.00,28.73,37.37
104627924,26.03,45.09,252.00,28.74,37.46
104657975,26.01,45.16,253.00,28.73,37.41
104688022,26.02,45.27,253.00,28.76,37.46
104718070,26.03,45.33,255.00,28.76,37.46
104748118,26.01,45.09,254.00,28.77,37.45
104778168,26.01,45.23,253.00,28.79,37.38
104808215,26.00,45.14,252.00,28.79,37.36
104838263,26.01,45.38,247.00,28.80,37.44
104868311,25.98,45.33,244.00,28.83,37.43
104898359,25.98,45.27,242.00,28.83,37.37
104928406,25.98,45.44,240.00,28.81,37.38
104958454,25.99,45.41,237.00,28.81,37.45
104988503,25.97,45.38,236.00,28.84,37.43
105018553,25.99,45.51,234.00,28.84,37.50
105048600,25.97,45.63,234.00,28.86,37.52
105078649,25.98,45.58,233.00,28.86,37.54
105108697,25.96,45.51,233.00,28.87,37.49
105138745,25.98,45.64,233.00,28.84,37.52
105168792,26.01,45.86,230.00,28.86,37.60
105198840,25.97,45.82,231.00,28.84,37.64
105228888,25.98,45.74,231.00,28.89,37.62
105258936,25.99,45.85,231.00,28.90,37.62
105288983,25.98,45.73,231.00,28.87,37.66
105319031,25.98,45.71,232.00,28.87,37.60
105349080,25.98,45.76,232.00,28.89,37.63
105379128,25.97,45.79,234.00,28.89,37.58
105409178,25.97,45.75,235.00,28.89,37.67
105439226,25.97,45.76,236.00,28.90,37.73
105469274,25.96,45.73,236.00,28.90,37.64
105499322,25.95,45.91,235.00,28.89,37.69
105529369,25.96,45.82,237.00,28.89,37.70
105559417,25.94,45.80,238.00,28.87,37.66
105589468,25.98,45.96,238.00,28.91,37.66
105619516,25.94,45.99,240.00,28.90,37.66
105649564,25.96,46.01,239.00,28.90,37.70
105679611,25.97,45.93,241.00,28.89,37.74
105709660,25.96,46.04,239.00,28.91,37.73
105739708,25.96,46.02,239.00,28.91,37.68
105769758,25.96,45.90,237.00,28.90,37.75
105799805,25.96,46.07,236.00,28.90,37.74
105829854,25.96,46.23,234.00,28.91,37.75
105859902,25.95,46.22,233.00,28.89,37.88
105889950,25.95,46.12,233.00,28.90,37.79
105919997,25.98,46.23,234.00,28.91,37.84
105950046,25.94,46.25,235.00,28.90,37.88
105980093,25.94,46.35,235.00,28.91,37.89
106010141,25.92,46.36,234.00,28.90,37.99
106040189,25.94,46.49,233.00,28.89,38.00
106070238,25.93,46.53,234.00,28.90,38.05
106100285,25.91,46.61,233.00,28.90,38.11
106130335,25.91,46.76,233.00,28.91,38.16
106160384,25.89,46.81,234.00,28.90,38.17
106190432,25.90,46.84,237.00,28.91,38.22
106220479,25.90,46.86,238.00,28.90,38.17
106250527,25.91,46.91,238.00,28.91,38.33
106280574,25.90,46.80,243.00,28.91,38.29
106310623,25.90,46.78,243.00,28.90,38.30
106340670,25.92,46.90,243.00,28.90,38.29
106370718,25.92,46.90,243.00,28.91,38.33
106400768,25.91,47.02,242.00,28.93,38.36
106430817,25.93,47.04,241.00,28.89,38.42
106460864,25.92,47.05,240.00,28.90,38.47
106490915,25.93,47.04,241.00,28.90,38.46
106520963,25.93,47.05,241.00,28.91,38.46
106551011,25.94,47.19,241.00,28.90,38.51
106581058,25.94,47.24,240.00,28.90,38.54
106611106,25.94,47.26,240.00,28.91,38.58
106641155,25.92,47.19,241.00,28.91,38.63
106671202,25.93,47.31,240.00,28.90,38.63
106701253,25.91,47.43,241.00,28.93,38.71
106731300,25.93,47.39,242.00,28.89,38.78
106761349,25.95,47.55,243.00,28.91,38.90
106791397,25.96,47.53,246.00,28.90,38.89
106821445,25.95,47.49,251.00,28.90,38.82
106851494,25.93,47.42,253.00,28.93,38.83
106881544,25.93,47.54,254.00,28.91,38.93
106911591,25.97,47.58,255.00,28.90,38.92
106941639,25.94,47.56,255.00,28.91,38.96
106971686,25.93,47.71,256.00,28.91,39.02
107001735,25.96,47.62,258.00,28.90,39.04
107031782,25.96,47.75,259.00,28.89,39.02
107061830,25.95,47.78,257.00,28.90,39.09
107091878,25.91,48.12,256.00,28.90,39.15
107121927,25.90,48.08,257.00,28.89,39.16
107151974,25.90,47.96,258.00,28.89,39.19
107182022,25.89,48.04,258.00,28.90,39.18
107212071,25.88,48.00,256.00,28.91,39.21
107242123,25.89,47.94,253.00,28.90,39.22
107272170,25.89,48.17,249.00,28.91,39.22
107302218,25.90,48.21,247.00,28.90,39.35
107332265,25.88,48.24,245.00,28.89,39.33
107362314,25.89,48.24,244.00,28.89,39.40
107392361,25.90,48.32,245.00,28.91,39.43
107422409,25.85,48.50,246.00,28.89,39.47
107452456,25.89,48.24,246.00,28.87,39.50
107482505,25.87,48.43,246.00,28.87,39.47
107512552,25.85,48.55,246.00,28.89,39.56
107542600,25.86,48.49,245.00,28.90,39.54
107572647,25.87,48.60,244.00,28.86,39.55
107602699,25.87,48.73,244.00,28.87,39.66
107632746,25.87,48.56,246.00,28.89,39.69
107662794,25.88,48.70,250.00,28.87,39.83
107692841,25.89,48.73,249.00,28.89,39.88
107722890,25.89,48.61,251.00,28.89,39.79
107752937,25.91,49.15,253.00,28.86,39.87
107782985,25.89,48.83,255.00,28.89,40.00
107813033,25.89,48.95,256.00,28.90,40.02
107843081,25.88,49.14,256.00,28.89,40.17
107873129,25.88,49.17,254.00,28.87,40.23
107903176,25.89,48.95,254.00,28.86,40.14
107933224,25.89,49.11,253.00,28.89,40.29
107963275,25.89,49.33,255.00,28.90,40.22
107993323,25.90,49.13,256.00,28.87,40.44
108023372,25.88,49.45,257.00,28.89,40.29
108053421,25.89,49.54,259.00,28.89,40.43
108083468,25.89,49.45,262.00,28.89,40.48
108113516,25.87,49.57,263.00,28.89,40.42
108143564,25.88,49.52,262.00,28.89,40.48
108173613,25.87,49.46,264.00,28.89,40.54
108203660,25.88,49.45,264.00,28.87,40.59
108233708,25.88,49.83,264.00,28.87,40.72
108263755,25.88,49.36,265.00,28.87,40.65
108293805,25.87,49.61,266.00,28.86,40.70
108323854,25.87,49.74,265.00,28.86,40.77
108353902,25.88,49.69,264.00,28.86,40.85
108383950,25.86,50.05,261.00,28.86,40.95
108413999,25.87,49.60,260.00,28.86,41.00
108444046,25.85,50.30,261.00,28.86,40.90
108474094,25.88,50.12,263.00,28.89,40.98
108504141,25.82,50.42,264.00,28.87,40.98
108534190,25.87,50.11,264.00,28.86,41.19
108564237,25.87,50.29,265.00,28.84,40.96
108594285,25.84,49.87,264.00,28.87,41.10
108624333,25.88,50.23,263.00,28.86,41.04
108654382,25.85,50.24,261.00,28.86,41.16
108684432,25.89,50.31,261.00,28.86,41.17
108714480,25.87,50.59,262.00,28.87,41.08
108744527,25.88,50.45,263.00,28.87,41.42
108774576,25.86,50.45,265.00,28.87,41.31
108804623,25.89,50.54,266.00,28.86,41.28
108834673,25.86,50.63,268.00,28.89,41.49
108864721,25.90,50.39,271.00,28.87,41.44
108894770,25.90,50.56,273.00,28.86,41.33
108924817,25.91,50.58,278.00,28.90,41.48
108954865,25.95,50.23,280.00,28.87,41.54
108984912,25.94,50.25,283.00,28.90,41.51
109014961,25.97,50.30,283.00,28.90,41.47
109045008,25.95,51.22,287.00,28.90,41.56
109075059,25.91,50.85,288.00,28.89,41.69
109105106,25.87,51.49,289.00,28.90,41.78
109135155,25.85,51.42,292.00,28.90,41.83
109165203,25.83,51.78,295.00,28.90,41.88
109195251,25.76,51.98,295.00,28.89,42.03
109225298,25.74,52.13,295.00,28.87,42.18
109255347,25.73,51.73,296.00,28.87,42.17
109285397,25.73,51.71,298.00,28.89,42.08
109315444,25.72,52.06,298.00,28.89,42.16
109345492,25.71,51.80,296.00,28.87,42.25
109375541,25.72,52.16,293.00,28.86,42.18
109405589,25.75,51.60,290.00,28.87,42.14
109435638,25.78,51.98,289.00,28.87,42.09
109465687,25.80,51.96,288.00,28.86,42.18
109495735,25.83,51.85,287.00,28.86,42.34
109525783,25.85,51.95,288.00,28.89,42.29
109555830,25.89,51.72,290.00,28.87,42.39
109585879,25.94,51.85,292.00,28.87,42.55
109615926,26.00,51.13,298.00,28.87,42.60
109645976,25.99,51.19,303.00,28.89,42.16
109676024,25.99,51.33,300.00,28.90,42.24
109706073,25.99,50.98,297.00,28.93,42.31
109736120,26.02,51.56,293.00,28.93,42.50
109766168,26.03,51.28,289.00,28.94,42.43
109796218,26.02,51.41,286.00,28.93,42.40
109826267,26.03,51.41,282.00,28.95,42.41
109856314,26.01,52.25,279.00,28.95,42.60
109886363,25.98,51.86,278.00,28.97,42.39
109916410,26.02,51.89,279.00,28.97,42.86
109946459,26.00,51.69,281.00,28.97,42.61
109976506,25.98,51.60,280.00,29.00,42.64
110006554,26.00,51.73,280.00,28.98,42.56
110036601,25.97,51.91,276.00,28.98,42.52
110066650,25.94,52.19,274.00,28.98,42.60
110096698,25.93,51.89,270.00,29.01,42.61
110126746,25.93,51.75,268.00,28.97,42.69
110156796,25.96,51.93,264.00,28.97,42.60
110186844,25.95,51.78,259.00,29.00,42.66
110216891,25.95,51.75,256.00,28.97,42.58
110246939,25.96,51.36,254.00,28.98,42.56
110276986,25.97,51.34,255.00,28.97,42.41
110307035,25.99,52.04,255.00,28.98,42.56
110337082,25.99,51.61,256.00,29.01,42.59
110367130,26.01,51.89,258.00,29.01,42.59
110397177,26.02,51.61,260.00,28.98,42.53
110427226,26.01,51.71,262.00,29.00,42.59
110457275,26.01,52.03,262.00,29.00,42.71
110487324,25.98,52.22,263.00,29.01,42.54
110517373,25.98,52.02,263.00,29.02,42.85
110547422,25.97,52.46,262.00,29.00,42.63
110577470,25.94,52.50,262.00,29.00,42.83
110607518,25.85,52.75,261.00,29.00,42.92
110637565,25.85,52.62,261.00,29.01,42.85
110667614,25.85,52.20,261.00,29.01,42.71
110697661,25.82,52.33,261.00,29.00,42.88
110727709,25.83,52.01,260.00,28.98,42.77
110757756,25.82,52.66,260.00,29.00,42.80
110787805,25.87,52.22,262.00,28.98,42.91
110817852,25.86,52.48,264.00,28.97,42.89
110847900,25.87,52.84,264.00,28.97,42.95
110877947,25.89,52.70,266.00,28.98,42.82
110907998,25.85,52.71,266.00,28.97,42.87
110938046,25.77,52.99,267.00,28.97,43.04
110968094,25.80,52.49,268.00,28.97,42.99
110998141,25.79,52.52,265.00,28.95,43.01
111028190,25.82,52.30,266.00,28.97,42.95
111058237,25.85,51.97,265.00,28.95,42.86
111088285,25.82,52.81,264.00,28.95,42.98
111118333,25.77,53.00,264.00,28.95,43.09
111148382,25.74,53.24,263.00,28.95,43.17
111178429,25.73,52.79,262.00,28.93,43.10
111208477,25.76,52.28,260.00,28.93,42.99
111238524,25.77,52.96,261.00,28.91,43.06
111268577,25.78,52.69,262.00,28.91,43.21
111298626,25.81,52.30,264.00,28.93,43.03
111328674,25.83,52.43,266.00,28.91,43.02
111358723,25.83,52.42,265.00,28.93,43.14
111388771,25.83,52.38,266.00,28.90,42.93
111418819,25.85,52.41,268.00,28.93,42.96
111448866,25.80,52.87,266.00,28.90,43.17
111478915,25.82,53.01,264.00,28.91,43.14
111508963,25.84,52.56,265.00,28.94,43.16
111539011,25.81,52.46,263.00,28.93,42.95
111569058,25.82,52.58,260.00,28.90,43.11
111599107,25.82,52.75,260.00,28.90,43.23
111629157,25.81,52.83,260.00,28.91,43.26
111659205,25.82,52.23,263.00,28.91,43.23
111689252,25.83,52.32,264.00,28.91,43.15
111719301,25.81,52.63,266.00,28.93,43.20
111749348,25.82,52.32,267.00,28.93,43.27
111779396,25.82,53.03,265.00,28.89,43.24
111809443,25.77,53.24,263.00,28.89,43.41
111839493,25.77,53.05,263.00,28.87,43.24
111869540,25.73,53.74,264.00,28.91,43.57
111899588,25.65,53.61,264.00,28.90,43.68
111929635,25.58,53.89,263.00,28.90,43.61
111959684,25.54,54.19,259.00,28.87,43.63
111989734,25.52,53.90,261.00,28.87,43.77
112019782,25.55,53.61,265.00,28.84,43.63
112049829,25.56,53.61,265.00,28.86,43.55
112079880,25.56,53.75,264.00,28.84,43.53
112109928,25.59,53.67,263.00,28.84,43.51
112139976,25.61,53.33,259.00,28.83,43.43
112170023,25.58,53.72,260.00,28.79,43.60
112200072,25.62,53.35,257.00,28.80,43.64
112230119,25.64,53.36,259.00,28.79,43.49
112260167,25.67,53.20,259.00,28.80,43.43
112290215,25.65,53.41,259.00,28.80,43.47
112320264,25.65,53.44,259.00,28.80,43.50
112350314,25.67,52.65,261.00,28.81,43.53
112380362,25.69,53.29,259.00,28.84,43.43
112410409,25.69,53.06,258.00,28.83,43.58
112440458,25.71,53.06,258.00,28.81,43.56
112470505,25.71,53.00,256.00,28.83,43.56
112500553,25.69,53.44,255.00,28.81,43.68
112530600,25.61,53.84,256.00,28.81,43.77
112560649,25.60,53.46,254.00,28.81,43.76
112590697,25.54,53.86,252.00,28.80,43.72
112620744,25.49,54.06,251.00,28.79,43.85
112650792,25.52,53.88,251.00,28.79,43.82
112680840,25.49,54.03,251.00,28.79,43.75
112710891,25.53,53.58,253.00,28.77,43.83
112740938,25.55,53.70,254.00,28.74,43.80
112770987,25.57,53.53,254.00,28.77,43.83
112801035,25.58,53.73,254.00,28.77,43.69
112831083,25.60,53.10,252.00,28.76,43.80
112861130,25.58,54.05,254.00,28.76,43.87
112891181,25.58,53.45,253.00,28.76,43.86
112921229,25.61,53.28,251.00,28.77,43.87
112951277,25.53,54.07,252.00,28.76,43.90
112981324,25.56,53.76,250.00,28.77,43.97
113011373,25.51,53.56,250.00,28.74,43.88
113041420,25.56,53.59,249.00,28.74,43.87
113071468,25.56,53.95,248.00,28.77,43.87
113101518,25.55,53.73,247.00,28.76,43.97
113131567,25.54,53.51,249.00,28.74,44.01
113161614,25.56,53.55,251.00,28.74,43.89
113191662,25.52,54.21,252.00,28.71,43.99
113221709,25.45,54.44,250.00,28.74,44.09
113251758,25.41,54.56,248.00,28.74,44.19
113281805,25.34,54.71,247.00,28.73,44.13
113311853,25.38,54.33,248.00,28.73,44.15
113341900,25.35,54.81,249.00,28.70,44.21
113371949,25.36,54.68,250.00,28.70,44.27
113401996,25.33,54.72,251.00,28.67,44.18
113432044,25.35,54.40,253.00,28.69,44.26
113462094,25.34,54.70,252.00,28.66,44.30
113492143,25.33,54.78,250.00,28.69,44.22
113522190,25.27,54.90,251.00,28.67,44.36
113552238,25.23,55.11,249.00,28.64,44.38
113582285,25.24,54.73,248.00,28.64,44.37
113612334,25.28,54.79,247.00,28.62,44.26
113642381,25.29,54.88,247.00,28.62,44.41
113672429,25.33,54.54,248.00,28.62,44.41
113702476,25.36,54.82,248.00,28.60,44.29
113732527,25.34,54.87,247.00,28.62,44.49
113762574,25.40,54.55,247.00,28.60,44.46
113792622,25.37,54.68,247.00,28.62,44.41
113822672,25.34,54.78,246.00,28.62,44.46
113852721,25.33,54.72,245.00,28.60,44.48
113882768,25.27,55.05,246.00,28.60,44.51
113912816,25.24,55.10,244.00,28.60,44.52
113942863,25.29,55.02,246.00,28.57,44.60
113972912,25.37,54.78,250.00,28.57,44.64
114002960,25.37,54.41,254.00,28.59,44.43
114033007,25.40,54.56,256.00,28.60,44.60
114063055,25.36,54.91,257.00,28.57,44.54
114093104,25.38,54.46,259.00,28.60,44.50
114123152,25.35,54.58,259.00,28.59,44.57
114153199,25.40,54.37,257.00,28.59,44.47
114183250,25.41,54.21,257.00,28.59,44.55
114213298,25.45,54.46,257.00,28.60,44.53
114243346,25.46,54.47,259.00,28.57,44.42
114273393,25.47,54.13,259.00,28.57,44.54
114303441,25.48,54.12,261.00,28.57,44.53
114333490,25.51,54.17,262.00,28.59,44.42
114363538,25.54,53.99,264.00,28.60,44.40
114393585,25.55,53.93,262.00,28.60,44.39
114423633,25.55,54.12,264.00,28.62,44.36
114453681,25.56,54.40,265.00,28.63,44.57
114483729,25.52,54.46,267.00,28.63,44.51
114513776,25.50,54.46,269.00,28.62,44.59
114543830,25.40,54.87,266.00,28.62,44.63
114573877,25.34,55.12,264.00,28.63,44.65
114603925,25.34,55.04,259.00,28.60,44.65
114633973,25.26,55.29,258.00,28.60,44.75
114664022,25.30,54.67,255.00,28.60,44.76
114694069,25.30,54.82,253.00,28.59,44.69
114724117,25.33,54.48,251.00,28.59,44.54
114754164,25.35,54.83,251.00,28.59,44.62
114784212,25.39,54.66,251.00,28.57,44.52
114814261,25.39,54.79,251.00,28.59,44.64
114844309,25.44,54.50,251.00,28.60,44.70
114874356,25.42,54.08,252.00,28.59,44.58
114904404,25.44,54.62,253.00,28.59,44.55
114934454,25.40,54.27,254.00,28.57,44.61
114964502,25.40,54.57,254.00,28.60,44.66
114994550,25.38,54.52,254.00,28.60,44.56
115024599,25.41,54.66,255.00,28.57,44.49
115054646,25.40,54.56,254.00,28.59,44.53
115084694,25.40,54.29,253.00,28.57,44.62
115114741,25.41,54.30,254.00,28.57,44.52
115144790,25.37,54.89,256.00,28.57,44.66
115174838,25.41,54.50,257.00,28.56,44.64
115204886,25.43,54.42,257.00,28.57,44.67
115234933,25.43,54.32,256.00,28.57,44.67
115264982,25.45,54.24,253.00,28.57,44.70
115295032,25.39,54.53,253.00,28.59,44.73
115325082,25.37,54.86,251.00,28.57,44.58
115355132,25.34,54.47,248.00,28.57,44.76
115385181,25.30,54.97,246.00,28.56,44.68
115415229,25.30,55.02,245.00,28.57,44.74
115445276,25.29,55.00,245.00,28.57,44.66
115475324,25.31,54.79,245.00,28.56,44.60
115505372,25.27,55.19,245.00,28.56,44.75
115535420,25.29,54.64,245.00,28.56,44.67
115565468,25.33,54.68,245.00,28.57,44.72
115595516,25.32,54.88,242.00,28.54,44.73
115625564,25.28,55.22,243.00,28.56,44.84
115655615,25.30,54.73,243.00,28.59,44.70
115685662,25.32,54.66,242.00,28.56,44.72
115715710,25.33,54.78,239.00,28.54,44.61
115745758,25.35,54.75,238.00,28.56,44.80
115775806,25.34,55.08,238.00,28.54,44.69
115805853,25.25,55.24,239.00,28.54,44.80
115835901,25.17,55.63,240.00,28.56,44.89
115865950,25.09,55.67,239.00,28.53,44.93
115895998,25.09,55.66,238.00,28.54,44.92
115926045,25.14,55.02,238.00,28.52,44.81
115956093,25.15,55.51,239.00,28.50,44.91
115986141,25.17,54.99,241.00,28.49,44.94
116016192,25.15,55.33,243.00,28.49,44.92
116046239,25.19,55.22,244.00,28.47,44.89
116076288,25.21,55.14,242.00,28.49,44.94
116106335,25.24,54.97,242.00,28.49,44.83
116136385,25.23,54.81,244.00,28.49,44.83
116166432,25.22,55.07,242.00,28.49,44.89
116196481,25.23,55.34,242.00,28.49,44.91
116226528,25.26,55.06,242.00,28.47,44.94
116256576,25.27,54.70,243.00,28.46,45.09
116286623,25.29,54.60,243.00,28.47,44.84
116316672,25.23,55.31,242.00,28.47,44.97
116346719,25.24,55.27,241.00,28.49,45.00
116376770,25.25,55.14,240.00,28.47,44.94
116406817,25.26,54.69,240.00,28.47,45.00
116436866,25.26,55.10,241.00,28.50,44.89
116466913,25.27,55.09,241.00,28.49,44.95
116496961,25.26,54.90,240.00,28.47,44.97
116527008,25.24,55.12,240.00,28.47,45.02
116557057,25.24,55.15,240.00,28.46,44.96
116587106,25.27,54.85,240.00,28.49,44.99
116617158,25.25,55.31,239.00,28.46,44.91
116647206,25.23,55.15,239.00,28.46,44.95
116677254,25.22,55.07,240.00,28.46,45.00
116707301,25.23,54.64,239.00,28.46,44.90
116737349,25.21,55.34,239.00,28.46,44.91
116767399,25.25,54.66,239.00,28.49,44.95
116797447,25.26,54.52,242.00,28.47,44.92
116827495,25.23,55.21,244.00,28.44,44.99
116857543,25.21,55.30,245.00,28.46,45.10
116887591,25.20,54.95,246.00,28.47,45.13
116917639,25.22,54.81,248.00,28.43,45.07
116947687,25.24,54.65,250.00,28.44,45.05
116977736,25.22,55.51,253.00,28.40,45.14
117007784,25.21,55.35,258.00,28.42,45.21
117037832,25.25,54.80,262.00,28.42,45.12
117067880,25.21,55.21,265.00,28.44,44.99
117097928,25.22,55.18,263.00,28.44,45.12
117127979,25.17,55.34,262.00,28.43,45.13
117158027,25.18,55.04,260.00,28.42,44.99
117188075,25.19,55.18,259.00,28.42,44.99
117218122,25.19,55.52,257.00,28.42,45.16
117248171,25.22,54.78,256.00,28.42,45.06
117278218,25.18,55.57,257.00,28.39,45.12
117308266,25.19,55.14,259.00,28.42,45.13
117338313,25.17,55.58,260.00,28.40,45.29
117368361,25.19,56.69,263.00,28.42,45.31
117398410,25.15,56.87,265.00,28.39,45.88
117428458,25.19,57.08,267.00,28.38,45.99
117458505,25.21,56.81,268.00,28.39,46.16
117488557,25.22,57.18,271.00,28.40,46.21
117518604,25.18,57.11,278.00,28.38,46.33
117548652,25.18,56.98,299.00,28.35,46.30
117578700,25.18,56.84,304.00,28.32,46.28
117608749,25.18,56.88,305.00,28.33,46.32
117638796,25.21,56.89,303.00,28.23,46.38
117668844,25.22,56.71,306.00,28.26,46.34
117698891,25.26,56.42,304.00,28.26,46.36
117728940,25.30,56.13,304.00,28.28,46.34
117758987,25.33,55.87,301.00,28.28,46.28
117789037,25.34,56.15,300.00,28.25,46.32
117819085,25.37,55.84,300.00,28.29,46.37
117849136,25.42,55.71,301.00,28.32,46.31
117879183,25.41,56.65,300.00,28.33,46.26
117909232,25.41,55.84,298.00,28.33,46.27
117939279,25.40,56.14,295.00,28.38,46.31
117969328,25.37,56.50,291.00,28.36,46.55
117999375,25.28,56.80,286.00,28.38,46.43
118029423,25.23,56.79,283.00,28.38,46.36
118059471,25.15,57.11,276.00,28.40,46.40
118089520,25.12,57.15,264.00,28.39,46.22
118119567,25.10,56.77,258.00,28.38,46.33
118149615,25.10,57.04,255.00,28.38,46.19
118179662,25.09,57.05,253.00,28.38,46.37
118209714,25.07,57.13,254.00,28.35,46.35
118239761,25.04,56.94,254.00,28.38,46.19
118269809,25.07,56.44,252.00,28.35,46.15
118299856,25.06,57.13,250.00,28.36,46.12
118329905,25.10,56.68,247.00,28.36,46.20
118359952,25.10,56.13,248.00,28.36,46.06
118390000,25.13,56.44,247.00,28.35,46.06
118420048,25.11,56.62,245.00,28.35,46.06
118450097,25.13,56.20,244.00,28.35,45.92
118480144,25.08,56.41,243.00,28.36,46.06
118510192,25.08,56.64,240.00,28.35,45.94
118540239,25.06,56.73,240.00,28.36,46.05
118570288,25.05,56.66,241.00,28.36,46.00
118600340,24.98,56.83,243.00,28.32,46.06
118630388,24.95,56.65,243.00,28.35,46.08
118660435,24.97,56.74,242.00,28.31,46.04
118690484,25.01,56.59,242.00,28.32,45.95
118720532,25.03,56.79,241.00,28.32,46.09
118750579,25.07,56.54,243.00,28.31,46.17
118780627,25.08,56.41,249.00,28.31,46.11
118810675,25.10,56.08,250.00,28.32,46.07
118840723,25.11,56.37,250.00,28.31,46.04
118870771,25.12,56.39,251.00,28.31,46.04
118900819,25.17,56.41,254.00,28.29,45.94
118930867,25.09,56.61,259.00,28.29,46.09
118960917,25.06,56.17,259.00,28.33,46.14
118990965,24.99,56.82,257.00,28.31,46.11
119021012,25.01,56.41,254.00,28.29,46.08
119051061,25.00,56.35,250.00,28.31,46.01
119081108,25.02,56.69,247.00,28.29,46.06
119111155,25.03,56.94,249.00,28.29,46.21
119141203,25.04,56.24,253.00,28.26,46.16
119171252,25.05,56.66,253.00,28.28,46.11
119201299,25.07,56.25,254.00,28.29,46.23
119231347,25.08,56.65,255.00,28.29,46.15
119261395,25.06,56.75,256.00,28.29,46.17
119291443,25.07,56.42,258.00,28.29,46.09
119321493,25.06,56.92,258.00,28.29,46.21
119351541,25.10,56.51,260.00,28.28,46.24
119381590,25.10,56.33,262.00,28.31,46.15
119411639,25.07,56.72,261.00,28.29,46.19
119441687,25.09,56.40,259.00,28.28,46.08
119471734,25.04,56.74,255.00,28.28,46.21
119501783,25.01,56.80,254.00,28.28,46.15
119531830,25.02,56.66,252.00,28.26,46.20
119561878,25.00,56.87,251.00,28.32,46.11
119591925,24.98,56.88,249.00,28.28,46.24
119621974,24.98,56.58,248.00,28.26,46.17
119652021,25.02,56.97,249.00,28.28,46.15
119682071,25.01,56.28,251.00,28.25,46.15
119712118,25.01,57.04,253.00,28.25,46.09
119742168,25.05,56.45,257.00,28.28,46.24
119772215,25.08,55.97,261.00,28.26,46.16
119802263,25.09,56.32,262.00,28.25,46.05
119832310,25.13,56.02,263.00,28.26,46.23
119862359,25.16,55.73,265.00,28.29,46.03
119892407,25.15,56.17,262.00,28.26,46.16
119922454,25.17,55.81,262.00,28.26,46.05
119952502,25.18,55.53,260.00,28.29,45.91
119982551,25.21,55.74,258.00,28.28,46.00
120012599,25.21,55.90,258.00,28.31,46.14
120042648,25.20,56.43,260.00,28.26,46.08
120072697,25.22,55.80,259.00,28.29,46.32
120102745,25.20,56.13,260.00,28.31,46.19
120132793,25.15,56.62,260.00,28.29,46.16
120162840,25.17,55.80,261.00,28.31,46.17
120192888,25.16,56.05,261.00,28.32,46.22
120222938,25.16,55.97,261.00,28.31,46.01
120252987,25.08,56.76,261.00,28.31,46.19
120283034,25.11,56.38,260.00,28.31,46.03
120313082,25.05,56.74,258.00,28.29,46.23
120343130,25.07,56.13,257.00,28.32,46.15
120373178,25.09,56.21,254.00,28.29,46.15
120403228,25.09,55.82,250.00,28.29,46.16
120433276,25.09,56.74,251.00,28.29,46.16
120463324,25.10,56.61,254.00,28.29,46.24
120493372,25.10,56.57,255.00,28.29,46.16
120523419,25.04,56.85,257.00,28.28,46.34
120553468,25.07,56.24,257.00,28.26,46.34
120583516,25.09,56.29,258.00,28.28,46.24
120613564,25.10,56.86,259.00,28.28,46.32
120643611,25.10,56.54,258.00,28.29,46.28
120673659,25.09,56.64,258.00,28.28,46.26
120703707,25.09,56.47,257.00,28.29,46.21
120733756,25.06,56.52,258.00,28.29,46.19
120763803,25.03,56.50,257.00,28.28,46.22
120793854,25.08,56.47,256.00,28.26,46.05
120823902,25.03,56.50,255.00,28.28,46.19
120853950,25.02,56.52,254.00,28.25,45.96
120883997,25.05,56.36,252.00,28.25,46.14
120914045,25.05,55.85,251.00,28.26,46.12
120944093,25.04,56.44,250.00,28.23,46.04
120974141,25.05,56.54,251.00,28.22,46.22
121004188,25.07,56.24,249.00,28.25,46.24
121034238,25.08,56.86,250.00,28.23,46.30
121064286,25.05,56.46,252.00,28.23,46.34
121094335,25.01,56.47,255.00,28.25,46.29
121124382,25.05,56.44,253.00,28.23,46.30
121154433,25.02,56.50,252.00,28.21,46.15
121184482,25.04,56.24,250.00,28.22,46.20
121214529,25.03,56.73,246.00,28.23,46.14
121244577,25.01,56.43,243.00,28.22,46.28
121274625,25.02,56.25,244.00,28.23,46.19
121304673,25.06,56.44,244.00,28.21,46.22
121334720,25.06,56.18,244.00,28.22,46.22
121364768,25.04,56.90,247.00,28.22,46.26
121394817,25.04,56.20,248.00,28.22,46.34
121424865,25.06,56.01,251.00,28.21,46.20
121454912,25.05,56.47,251.00,28.21,46.35
121484960,25.06,56.24,250.00,28.21,46.28
121515011,25.05,56.12,248.00,28.21,46.22
121545059,25.07,56.20,247.00,28.21,46.20
121575106,25.03,56.76,246.00,28.21,46.35
121605154,25.02,56.26,245.00,28.22,46.23
121635202,24.98,56.93,244.00,28.21,46.33
121665250,24.93,56.83,241.00,28.22,46.34
121695298,24.95,56.59,239.00,28.21,46.26
121725346,24.95,57.10,237.00,28.22,46.35
121755394,24.96,56.86,237.00,28.19,46.21
121785442,24.91,56.96,236.00,28.19,46.36
121815489,24.94,56.70,236.00,28.19,46.46
121845539,24.91,57.27,239.00,28.19,46.37
121875590,24.95,57.08,240.00,28.15,46.50
121905638,24.92,57.26,243.00,28.16,46.60
121935685,24.95,56.59,243.00,28.16,46.59
121965733,24.98,56.61,245.00,28.18,46.41
121995781,24.99,57.10,247.00,28.16,46.49
122025829,24.98,56.42,247.00,28.15,46.44
122055876,25.02,56.16,248.00,28.16,46.51
122085924,25.07,56.31,247.00,28.18,46.41
122115972,25.05,56.48,246.00,28.16,46.46
122146020,25.05,56.17,244.00,28.19,46.46
122176067,25.05,56.41,245.00,28.19,46.51
122206115,25.07,56.17,244.00,28.16,46.36
122236166,25.08,56.31,246.00,28.18,46.40
122266214,25.08,56.08,246.00,28.18,46.37
122296261,25.06,56.43,244.00,28.19,46.30
122326309,25.07,55.87,244.00,28.19,46.38
122356357,25.05,56.45,244.00,28.19,46.22
122386405,25.01,56.18,243.00,28.18,46.32
122416453,25.01,56.23,242.00,28.18,46.20
122446500,24.99,56.68,240.00,28.19,46.18
122476549,24.97,56.10,237.00,28.19,46.27
122506596,24.97,56.10,234.00,28.16,46.11
122536644,24.99,56.29,233.00,28.18,46.20
122566691,24.99,56.56,231.00,28.16,46.09
122596740,24.95,56.06,230.00,28.18,46.30
122626790,24.96,56.13,231.00,28.18,46.17
122656840,24.94,56.53,230.00,28.16,46.13
122686887,24.92,56.62,227.00,28.16,46.13
122716936,24.93,56.46,227.00,28.18,46.19
122746983,24.91,56.12,226.00,28.13,46.11
122777031,24.92,56.25,226.00,28.13,46.18
122807079,24.94,56.06,226.00,28.12,46.20
122837128,24.94,56.32,227.00,28.13,46.10
122867175,24.90,56.72,226.00,28.12,46.10
122897223,24.87,56.73,225.00,28.12,46.32
122927270,24.88,56.35,221.00,28.12,46.26
122957319,24.88,56.34,219.00,28.11,46.23
122987369,24.89,56.27,218.00,28.12,46.17
123017417,24.91,56.13,220.00,28.09,45.99
123047464,24.90,56.31,219.00,28.08,46.26
123077514,24.87,56.69,220.00,28.11,46.33
123107561,24.88,56.43,220.00,28.09,46.24
123137609,24.87,56.73,221.00,28.11,46.20
123167656,24.86,56.64,222.00,28.11,46.12
123197705,24.89,56.34,225.00,28.11,46.26
123227752,24.90,56.35,224.00,28.08,46.11
123257800,24.88,56.76,224.00,28.08,46.24
123287847,24.89,56.21,223.00,28.07,46.25
123317896,24.87,56.28,223.00,28.09,46.28
123347946,24.85,56.74,223.00,28.07,46.21
123377994,24.85,56.29,222.00,28.08,46.35
123408043,24.86,56.39,224.00,28.08,46.31
123438091,24.84,56.37,223.00,28.04,46.30
123468140,24.83,56.60,223.00,28.05,46.13
123498188,24.83,56.52,221.00,28.05,46.30
123528236,24.86,56.24,221.00,28.08,46.30
123558284,24.85,56.54,221.00,28.04,46.31
123588331,24.84,56.86,223.00,28.05,46.31
123618379,24.83,56.47,223.00,28.07,46.37
123648428,24.83,56.44,222.00,28.05,46.23
123678475,24.82,56.10,220.00,28.04,46.30
123708525,24.86,56.51,218.00,28.04,46.24
123738573,24.88,56.50,217.00,28.02,46.31
123768621,24.88,56.21,217.00,28.05,46.21
123798669,24.91,56.24,217.00,28.04,46.15
123828718,24.87,56.71,217.00,28.05,46.32
123858766,24.90,56.43,218.00,28.05,46.34
123888815,24.87,56.49,219.00,28.02,46.15
123918862,24.90,56.18,217.00,28.01,46.29
123948910,24.87,56.16,215.00,28.04,46.37
123978957,24.86,56.90,214.00,28.05,46.42
124009006,24.84,56.67,215.00,28.05,46.42
124039054,24.82,56.88,213.00,28.04,46.45
124069104,24.80,56.84,214.00,28.04,46.42
124099151,24.79,57.11,213.00,28.01,46.46
124129200,24.79,56.73,213.00,28.01,46.37
124159247,24.78,57.00,213.00,28.04,46.55
124189295,24.77,56.78,212.00,28.01,46.47
124219343,24.74,56.62,213.00,28.00,46.47
124249392,24.75,56.84,213.00,28.00,46.49
124279441,24.80,56.80,213.00,28.00,46.54
124309489,24.78,57.06,212.00,28.00,46.58
124339536,24.79,56.46,213.00,27.96,46.57
124369585,24.81,56.75,212.00,27.96,46.60
124399633,24.75,57.24,213.00,27.95,46.55
124429681,24.77,56.79,212.00,27.98,46.66
124459731,24.76,56.67,213.00,28.00,46.65
124489780,24.77,56.71,213.00,27.96,46.49
124519827,24.78,56.36,212.00,27.95,46.43
124549875,24.78,56.88,213.00,27.96,46.49
124579922,24.83,56.78,214.00,27.98,46.41
124609971,24.83,56.77,215.00,27.98,46.69
124640018,24.82,56.63,218.00,27.95,46.54
124670066,24.84,56.42,222.00,27.96,46.76
124700114,24.81,56.17,225.00,27.96,46.72
124730163,24.81,56.50,228.00,27.94,46.50
124760210,24.81,56.78,227.00,27.94,46.61
124790258,24.85,56.64,228.00,27.96,46.46
124820308,24.80,56.94,228.00,27.96,46.56
124850357,24.76,57.24,227.00,27.98,46.64
124880407,24.72,57.08,227.00,27.95,46.64
124910454,24.66,57.36,225.00,27.95,46.68
124940503,24.67,56.97,224.00,27.95,46.69
124970550,24.66,57.52,222.00,27.94,46.64
125000598,24.67,57.25,222.00,27.94,46.76
125030645,24.67,57.23,222.00,27.92,46.59
125060694,24.69,57.10,221.00,27.92,46.76
125090743,24.70,57.02,220.00,27.92,46.62
125120791,24.66,57.51,219.00,27.91,46.78
125150838,24.68,57.20,217.00,27.92,46.78
125180897,24.64,57.72,217.00,27.91,46.73
125210944,24.62,57.13,216.00,27.89,46.80
125240992,24.67,56.91,214.00,27.88,46.76
125271040,24.68,57.35,213.00,27.87,46.75
125301088,24.70,56.54,212.00,27.92,46.72
125331135,24.73,56.76,213.00,27.88,46.74
125361183,24.74,57.01,211.00,27.92,46.77
125391230,24.74,57.00,212.00,27.89,46.74
125421279,24.72,57.05,212.00,27.89,47.01
125451326,24.75,57.04,214.00,27.91,46.96
125481374,24.74,56.62,215.00,27.87,46.75
125511421,24.77,56.98,215.00,27.89,46.77
125541473,24.77,56.70,215.00,27.88,46.86
125571520,24.78,56.48,214.00,27.88,46.89
125601568,24.77,57.20,214.00,27.88,46.85
125631616,24.74,57.03,213.00,27.89,46.87
125661664,24.76,56.94,213.00,27.88,46.89
125691712,24.75,57.46,212.00,27.89,46.64
125721760,24.68,57.54,212.00,27.89,47.07
125751808,24.67,57.15,209.00,27.87,46.97
125781856,24.70,56.98,208.00,27.88,46.87
125811903,24.65,57.57,207.00,27.85,47.00
125841952,24.66,57.12,206.00,27.87,46.91
125872002,24.65,57.45,206.00,27.85,47.06
125902052,24.64,57.36,205.00,27.87,47.02
125932100,24.62,57.52,205.00,27.88,47.08
125962148,24.65,57.54,204.00,27.85,47.04
125992196,24.61,57.74,205.00,27.84,46.94
126022244,24.62,57.05,206.00,27.85,46.97
126052291,24.63,57.64,206.00,27.82,47.06
126082339,24.60,57.68,208.00,27.87,47.07
126112388,24.59,57.65,208.00,27.85,47.01
126142435,24.55,57.55,205.00,27.84,47.14
126172483,24.57,57.36,205.00,27.85,46.97
126202531,24.55,58.03,203.00,27.85,47.04
126232580,24.53,57.82,202.00,27.85,47.05
126262627,24.54,57.66,201.00,27.84,47.06
126292678,24.53,58.08,202.00,27.84,47.06
126322725,24.52,58.32,203.00,27.84,47.18
126352774,24.51,57.77,202.00,27.81,47.07
126382821,24.53,57.61,202.00,27.81,47.10
126412869,24.52,58.13,204.00,27.78,47.14
126442916,24.51,57.90,205.00,27.81,47.21
126472965,24.55,57.55,205.00,27.81,47.13
126503013,24.55,57.68,205.00,27.78,47.06
126533061,24.55,57.91,205.00,27.80,47.16
126563108,24.57,57.35,205.00,27.81,47.06
126593157,24.60,57.77,202.00,27.78,47.12
126623204,24.62,56.81,200.00,27.80,46.98
126653257,24.62,57.42,199.00,27.78,47.14
126683304,24.63,57.24,199.00,27.81,47.00
126713354,24.64,57.04,202.00,27.81,47.09
126743401,24.65,57.05,203.00,27.81,46.96
126773449,24.66,57.38,204.00,27.80,46.96
126803496,24.62,57.47,206.00,27.81,47.09
126833545,24.60,57.50,206.00,27.82,46.84
126863592,24.62,57.14,204.00,27.81,47.09
126893640,24.61,57.34,206.00,27.81,46.92
126923687,24.61,57.21,206.00,27.81,47.03
126953736,24.63,56.97,208.00,27.81,46.86
126983784,24.64,56.99,208.00,27.80,46.96
127013834,24.63,57.42,209.00,27.82,46.91
127043883,24.64,56.93,210.00,27.84,46.93
127073931,24.66,56.98,211.00,27.80,46.95
127103978,24.66,57.34,211.00,27.81,47.10
127134026,24.66,57.07,210.00,27.81,47.06
127164073,24.65,57.73,211.00,27.82,47.03
127194122,24.61,57.10,211.00,27.80,47.14
127224170,24.62,57.22,211.00,27.82,46.91
127254218,24.61,57.26,211.00,27.82,46.86
127284265,24.62,57.41,212.00,27.81,46.95
127314314,24.61,57.08,212.00,27.78,47.05
127344361,24.63,56.64,212.00,27.82,46.86
127374412,24.62,57.54,213.00,27.81,46.82
127404460,24.62,57.27,212.00,27.80,46.96
127434508,24.63,57.30,213.00,27.81,47.08
127464557,24.60,57.38,213.00,27.78,47.16
127494605,24.56,57.37,211.00,27.77,47.16
127524654,24.53,57.87,210.00,27.80,47.16
127554702,24.52,57.21,210.00,27.80,47.07
127584749,24.53,57.34,210.00,27.77,46.98
127614797,24.55,57.18,209.00,27.77,47.09
127644846,24.58,57.24,210.00,27.75,46.93
127674893,24.54,57.83,209.00,27.75,47.18
127704941,24.55,57.57,207.00,27.77,46.97
127734991,24.55,57.31,206.00,27.77,47.18
127765039,24.57,57.16,206.00,27.77,47.05
127795087,24.57,57.55,206.00,27.75,47.29
127825135,24.58,57.97,205.00,27.74,47.18
127855182,24.49,57.99,205.00,27.75,47.31
127885231,24.49,57.41,206.00,27.74,47.23
127915278,24.52,57.67,207.00,27.74,47.24
127945326,24.50,57.43,207.00,27.73,47.21
127975373,24.52,57.50,206.00,27.73,47.19
128005422,24.52,57.62,207.00,27.73,47.20
128035469,24.54,57.14,207.00,27.75,47.14
128065517,24.53,57.61,206.00,27.73,46.93
128095567,24.53,58.13,204.00,27.73,47.22
128125616,24.52,57.30,205.00,27.73,47.22
128155663,24.54,57.83,205.00,27.73,47.18
128185711,24.53,57.59,206.00,27.74,47.19
128215758,24.51,58.06,207.00,27.74,47.32
128245807,24.49,58.01,207.00,27.73,47.16
128275854,24.48,57.90,207.00,27.71,47.37
128305904,24.45,58.27,208.00,27.71,47.32
128335951,24.44,57.85,208.00,27.71,47.35
128366000,24.45,57.86,206.00,27.70,47.27
128396047,24.45,57.87,204.00,27.71,47.34
128426095,24.43,57.81,205.00,27.70,47.42
128456142,24.44,57.98,204.00,27.68,47.35
128486194,24.47,57.84,205.00,27.71,47.17
128516241,24.46,57.96,205.00,27.70,47.08
128546289,24.48,57.88,206.00,27.68,47.27
128576336,24.51,57.30,205.00,27.70,47.20
128606385,24.50,57.68,205.00,27.68,47.27
128636433,24.52,57.66,205.00,27.67,47.16
128666481,24.52,57.04,205.00,27.68,47.21
128696528,24.49,58.09,204.00,27.68,47.30
128726577,24.48,57.30,202.00,27.67,47.23
128756624,24.50,57.61,201.00,27.68,47.15
128786672,24.51,57.68,202.00,27.68,47.29
128816719,24.50,57.49,203.00,27.68,47.27
128846771,24.51,57.63,201.00,27.70,47.30
128876818,24.54,57.50,202.00,27.71,47.16
128906866,24.51,57.55,202.00,27.68,47.27
128936914,24.47,57.97,202.00,27.67,47.30
128966963,24.45,58.06,203.00,27.68,47.42
128997010,24.47,57.41,203.00,27.68,47.19
129027058,24.49,57.40,203.00,27.67,47.35
129057106,24.49,57.64,205.00,27.68,47.30
129087154,24.47,58.04,206.00,27.70,47.38
129117204,24.49,57.34,205.00,27.67,47.15
129147251,24.50,57.45,205.00,27.67,47.17
129177299,24.49,57.74,205.00,27.68,47.19
129207350,24.52,57.45,207.00,27.64,47.16
129237398,24.49,58.04,208.00,27.65,47.24
129267445,24.45,57.83,208.00,27.67,47.43
129297494,24.42,58.22,207.00,27.67,47.43
129327541,24.42,57.75,207.00,27.68,47.32
129357589,24.42,57.52,206.00,27.67,47.17
129387637,24.40,58.22,206.00,27.65,47.24
129417686,24.41,57.55,206.00,27.64,47.27
129447733,24.44,57.53,205.00,27.65,47.24
129477781,24.49,57.13,205.00,27.65,47.10
129507828,24.47,57.35,206.00,27.67,47.28
129537876,24.47,57.01,207.00,27.64,47.11
129567927,24.51,57.17,209.00,27.67,47.25
129597975,24.48,57.99,211.00,27.65,47.36
129628022,24.48,57.25,208.00,27.65,47.29
129658071,24.49,57.27,209.00,27.64,47.13
129688119,24.48,57.51,208.00,27.64,47.37
129718167,24.48,57.61,209.00,27.65,47.24
129748214,24.50,57.37,209.00,27.64,47.24
129778263,24.51,57.10,209.00,27.65,47.18
129808310,24.51,57.29,209.00,27.67,47.17
129838358,24.49,57.38,207.00,27.65,47.30
129868406,24.50,56.85,206.00,27.61,47.27
129898455,24.52,57.01,204.00,27.64,47.23
129928506,24.48,57.57,204.00,27.65,47.11
129958555,24.50,57.33,203.00,27.64,47.13
129988602,24.53,56.97,203.00,27.64,47.36
130018651,24.50,56.97,204.00,27.65,47.20
130048698,24.53,57.24,205.00,27.65,47.19
130078746,24.51,57.49,207.00,27.65,47.04
130108793,24.48,57.49,207.00,27.63,47.28
130138842,24.40,58.02,208.00,27.65,47.32
130168890,24.30,58.26,208.00,27.64,47.32
130198938,24.33,57.79,206.00,27.65,47.23
130228985,24.30,58.24,206.00,27.61,47.21
130259034,24.27,58.19,202.00,27.63,47.32
130289081,24.30,57.50,201.00,27.63,47.24
130319132,24.30,58.04,199.00,27.63,47.34
130349180,24.33,57.62,199.00,27.58,47.22
130379228,24.28,58.36,199.00,27.60,47.38
130409276,24.27,58.13,200.00,27.57,47.27
130439324,24.24,58.37,201.00,27.57,47.42
130469372,24.24,58.06,202.00,27.56,47.26
130499420,24.17,58.59,201.00,27.57,47.44
130529468,24.13,58.80,201.00,27.54,47.46
130559515,24.13,58.18,201.00,27.53,47.47
130589563,24.15,58.61,201.00,27.56,47.54
130619611,24.17,58.58,202.00,27.54,47.39
130649659,24.16,57.97,201.00,27.52,47.40
130679709,24.19,58.35,201.00,27.50,47.46
130709760,24.19,57.90,202.00,27.49,47.48
130739807,24.24,58.23,202.00,27.52,47.56
130769856,24.25,57.55,201.00,27.50,47.53
130799903,24.27,58.03,200.00,27.49,47.48
130829952,24.24,58.07,202.00,27.49,47.54
130859999,24.24,57.91,202.00,27.47,47.43
130890047,24.25,58.02,203.00,27.50,47.47
130920094,24.24,57.92,202.00,27.49,47.54
130950142,24.27,57.78,201.00,27.52,47.45
130980190,24.27,57.82,203.00,27.49,47.44
131010238,24.27,58.02,204.00,27.49,47.52
131040288,24.26,57.85,204.00,27.50,47.49
131070337,24.29,57.65,204.00,27.49,47.36
131100384,24.31,57.67,203.00,27.47,47.43
131130432,24.30,57.78,202.00,27.47,47.36
131160479,24.29,57.43,203.00,27.49,47.49
131190528,24.27,57.83,201.00,27.50,47.46
131220575,24.27,57.49,200.00,27.49,47.49
131250623,24.21,58.16,200.00,27.49,47.50
131280670,24.22,57.69,201.00,27.49,47.50
131310718,24.17,58.43,201.00,27.49,47.52
131340766,24.19,57.76,201.00,27.46,47.38
131370814,24.18,58.20,202.00,27.49,47.35
131400864,24.19,58.27,205.00,27.49,47.34
131430913,24.17,58.25,205.00,27.44,47.45
131460962,24.21,57.51,205.00,27.46,47.36
131491009,24.22,57.74,203.00,27.47,47.39
131521057,24.25,57.76,204.00,27.44,47.34
131551107,24.25,57.35,205.00,27.47,47.36
131581155,24.29,57.42,204.00,27.44,47.37
131611202,24.28,57.67,205.00,27.47,47.39
131641250,24.26,57.42,204.00,27.44,47.33
131671299,24.30,57.24,205.00,27.46,47.32
131701347,24.28,57.61,204.00,27.44,47.34
131731394,24.31,56.94,204.00,27.44,47.16
131761445,24.32,56.83,205.00,27.49,47.22
131791493,24.29,57.46,204.00,27.46,47.26
131821541,24.34,57.46,204.00,27.44,47.19
131851588,24.33,57.27,205.00,27.47,47.25
131881636,24.32,57.31,204.00,27.47,47.20
131911685,24.24,57.91,206.00,27.49,47.38
131941733,24.20,58.08,205.00,27.46,47.36
131971780,24.22,57.63,204.00,27.44,47.28
132001828,24.19,57.82,202.00,27.44,47.27
132031876,24.19,57.59,202.00,27.44,47.33
132061924,24.22,57.51,200.00,27.44,47.29
132091972,24.23,57.31,200.00,27.44,47.27
132122020,24.24,57.21,201.00,27.46,47.31
132152071,24.25,57.67,200.00,27.42,47.21
132182119,24.25,57.25,199.00,27.42,47.33
132212166,24.25,57.62,199.00,27.43,47.28
132242214,24.27,57.59,201.00,27.43,47.27
132272262,24.23,57.69,202.00,27.42,47.24
132302310,24.24,57.45,202.00,27.46,47.33
132332358,24.27,57.34,202.00,27.44,47.29
132362407,24.26,57.52,204.00,27.42,47.29
132392456,24.28,57.49,204.00,27.43,47.28
132422504,24.24,57.68,204.00,27.43,47.32
132452551,24.25,57.46,205.00,27.42,47.12
132482599,24.25,57.74,204.00,27.44,47.25
132512650,24.24,57.50,205.00,27.44,47.37
132542698,24.24,57.43,205.00,27.42,47.34
132572745,24.25,57.71,205.00,27.44,47.28
132602793,24.27,57.41,205.00,27.43,47.26
132632841,24.25,57.71,205.00,27.42,47.33
132662889,24.27,57.49,205.00,27.44,47.35
132692937,24.26,57.04,205.00,27.42,47.25
132722985,24.26,57.24,205.00,27.44,47.19
132753033,24.27,57.24,205.00,27.42,47.22
132783081,24.25,57.42,205.00,27.42,47.14
132813129,24.27,57.25,205.00,27.43,47.26
132843177,24.21,57.77,206.00,27.44,47.29
132873228,24.20,57.85,207.00,27.44,47.25
132903276,24.20,57.22,206.00,27.40,47.21
132933324,24.23,57.40,205.00,27.42,47.18
132963372,24.23,56.95,207.00,27.42,47.15
132993420,24.25,57.36,208.00,27.40,47.25
133023467,24.25,57.29,208.00,27.42,47.11
133053515,24.27,57.18,209.00,27.43,47.16
133083564,24.29,57.45,209.00,27.43,47.17
133113612,24.27,57.70,208.00,27.42,47.28
133143659,24.27,57.08,208.00,27.43,47.21
133173709,24.25,57.32,208.00,27.43,47.18
133203757,24.28,57.27,207.00,27.42,47.15
133233808,24.26,57.36,206.00,27.42,47.20
133263855,24.27,57.44,206.00,27.42,47.16
133293903,24.26,57.25,206.00,27.43,47.18
133323951,24.25,56.91,206.00,27.44,47.20
133353999,24.25,57.32,207.00,27.40,47.22
133384047,24.22,57.68,207.00,27.42,47.21
133414095,24.24,57.51,207.00,27.40,47.28
133444143,24.24,57.49,206.00,27.40,47.24
133474191,24.22,57.33,205.00,27.40,47.19
133504238,24.24,57.68,206.00,27.40,47.27
133534286,24.23,57.56,207.00,27.42,47.24
133564335,24.22,57.65,206.00,27.40,47.27
133594385,24.21,57.33,205.00,27.36,47.22
133624432,24.21,57.61,206.00,27.42,47.32
133654480,24.22,57.42,206.00,27.39,47.20
133684529,24.23,57.41,206.00,27.40,47.25
133714576,24.21,57.30,207.00,27.39,47.19
133744624,24.22,57.08,206.00,27.39,47.22
133774671,24.23,57.40,207.00,27.39,47.19
133804720,24.23,57.25,206.00,27.37,47.18
133834768,24.25,57.46,207.00,27.40,47.19
133864815,24.20,57.49,207.00,27.40,47.17
133894863,24.21,57.22,208.00,27.39,47.19
133924911,24.21,57.06,207.00,27.39,47.18
133954959,24.23,57.21,206.00,27.39,47.07
133985010,24.21,57.50,206.00,27.39,47.11
134015058,24.21,57.24,207.00,27.39,47.06
134045106,24.19,57.73,209.00,27.37,47.12
134075154,24.13,57.82,208.00,27.39,47.17
134105202,24.13,57.37,208.00,27.39,47.13
134135249,24.14,57.37,205.00,27.39,47.12
134165298,24.10,57.48,204.00,27.34,47.13
134195345,24.12,57.49,203.00,27.34,47.20
134225393,24.10,57.64,203.00,27.34,47.22
134255440,24.11,57.55,203.00,27.36,47.14
134285489,24.10,57.59,204.00,27.36,47.19
134315536,24.09,57.57,204.00,27.33,47.21
134345586,24.13,57.06,205.00,27.30,47.06
134375634,24.12,57.56,206.00,27.32,47.15
134405683,24.15,57.22,206.00,27.34,47.15
134435730,24.16,57.27,207.00,27.33,47.08
134465778,24.16,57.27,208.00,27.32,47.17
134495825,24.16,57.33,207.00,27.33,47.22
134525874,24.18,57.25,208.00,27.33,47.08
134555922,24.16,57.14,210.00,27.34,47.09
134585970,24.19,57.07,211.00,27.32,47.15
134616017,24.16,57.42,211.00,27.33,47.13
134646066,24.17,57.09,211.00,27.32,47.18
134676113,24.14,57.42,210.00,27.33,47.17
134706164,24.11,57.27,209.00,27.32,47.18
134736211,24.13,57.16,210.00,27.30,47.10
134766260,24.16,57.10,209.00,27.32,47.14
134796309,24.11,57.56,209.00,27.33,47.23
134826358,24.11,57.60,211.00,27.29,47.14
134856406,24.11,57.41,211.00,27.29,47.07
134886454,24.08,57.57,210.00,27.32,47.14
134916501,24.08,57.56,209.00,27.29,47.05
134946549,24.10,57.37,210.00,27.30,47.15
134976598,24.10,57.11,211.00,27.30,46.99
135006646,24.07,57.58,210.00,27.27,47.14
135036693,24.08,57.41,210.00,27.27,47.02
135066744,24.08,57.57,210.00,27.29,47.10
135096793,24.03,57.75,210.00,27.29,47.11
135126840,23.98,57.80,209.00,27.27,47.09
135156888,24.01,57.56,209.00,27.27,47.12
135186935,24.02,57.47,208.00,27.27,47.11
135216984,24.01,57.59,208.00,27.26,47.06
135247031,24.01,57.61,207.00,27.26,47.15
135277079,24.02,57.59,208.00,27.27,47.14
135307127,24.04,57.26,208.00,27.24,47.08
135337176,24.04,57.81,208.00,27.24,47.17
135367223,24.01,57.41,207.00,27.26,47.09
135397271,24.03,57.45,206.00,27.26,47.13
135427321,23.97,57.90,206.00,27.23,47.11
135457370,23.95,57.78,204.00,27.23,47.22
135487417,23.97,57.38,202.00,27.22,47.12
135517465,23.97,57.59,202.00,27.23,47.21
135547513,23.95,57.56,201.00,27.23,47.24
135577562,23.95,57.45,201.00,27.23,47.18
135607611,23.98,57.49,202.00,27.22,47.27
135637659,23.97,57.62,202.00,27.20,47.13
135667706,23.97,57.86,202.00,27.20,47.22
135697755,23.96,57.57,200.00,27.20,47.23
135727802,23.97,57.57,200.00,27.20,47.22
135757850,23.96,57.95,200.00,27.22,47.26
135787900,23.96,57.71,199.00,27.23,47.22
135817949,23.95,57.56,199.00,27.20,47.29
135847996,23.94,57.91,199.00,27.20,47.22
135878045,23.93,57.96,198.00,27.20,47.28
135908092,23.95,57.50,199.00,27.19,47.23
135938141,23.95,57.53,199.00,27.19,47.23
135968188,23.94,57.82,200.00,27.19,47.19
135998236,23.96,57.51,200.00,27.20,47.23
136028284,23.99,57.89,201.00,27.17,47.25
136058333,24.00,57.29,202.00,27.17,47.21
136088380,24.00,57.20,202.00,27.19,47.18
136118428,24.01,57.39,202.00,27.20,47.22
136148476,24.00,57.62,203.00,27.19,47.19
136178526,24.02,57.46,203.00,27.17,47.26
136208575,24.02,57.67,202.00,27.17,47.30
136238622,23.97,57.82,202.00,27.17,47.32
136268670,23.96,57.38,200.00,27.16,47.16
136298718,23.98,57.25,200.00,27.17,47.09
136328766,24.00,57.22,201.00,27.17,47.20
136358813,24.02,57.53,201.00,27.17,47.20
136388862,24.01,57.75,202.00,27.19,47.27
136418912,24.01,57.45,201.00,27.19,47.18
136448960,23.95,57.44,204.00,27.19,47.25
136479007,23.96,57.69,206.00,27.19,47.23
136509056,23.93,57.73,206.00,27.19,47.27
136539106,23.92,57.76,207.00,27.19,47.27
136569154,23.92,57.59,207.00,27.19,47.26
136599201,23.96,57.61,206.00,27.16,47.32
136629250,23.93,57.98,206.00,27.17,47.33
136659297,23.95,57.84,205.00,27.16,47.33
136689345,23.91,57.96,207.00,27.13,47.30
136719392,23.91,57.91,206.00,27.16,47.39
136749441,23.91,57.62,205.00,27.13,47.35
136779488,23.95,57.26,207.00,27.15,47.28
136809536,23.96,57.42,209.00,27.15,47.26
136839583,23.93,57.72,210.00,27.16,47.35
136869632,23.95,57.57,209.00,27.16,47.25
136899682,23.93,57.27,210.00,27.13,47.24
136929730,23.96,57.69,210.00,27.15,47.34
136959777,23.95,57.63,209.00,27.17,47.30
136989826,23.95,57.81,208.00,27.13,47.33
137019873,23.98,57.65,208.00,27.16,47.27
137049921,23.94,57.76,208.00,27.16,47.33
137079968,23.93,57.53,208.00,27.15,47.23
137110017,23.93,57.65,206.00,27.16,47.32
137140064,23.95,57.46,205.00,27.12,47.23
137170112,23.95,57.63,205.00,27.15,47.26
137200159,23.95,57.60,204.00,27.13,47.22
137230210,23.93,57.59,204.00,27.16,47.29
137260261,23.93,57.48,204.00,27.15,47.32
137290308,23.94,57.66,203.00,27.15,47.32
137320357,23.95,57.34,204.00,27.12,47.24
137350405,23.95,57.38,206.00,27.13,47.18
137380453,23.97,57.14,207.00,27.13,47.17
137410500,23.99,57.11,207.00,27.13,47.23
137440548,24.00,57.22,206.00,27.13,47.18
137470596,24.00,57.20,207.00,27.13,47.24
137500644,24.00,57.32,209.00,27.15,47.25
137530692,24.02,57.45,207.00,27.13,47.17
137560740,24.02,57.22,206.00,27.17,47.18
137590788,24.02,57.43,208.00,27.15,47.20
137620839,24.03,57.52,209.00,27.16,47.13
137650886,24.03,57.20,210.00,27.13,47.21
137680934,24.00,57.56,210.00,27.17,47.20
137710982,24.00,57.40,210.00,27.13,47.21
137741030,24.00,56.92,209.00,27.13,47.25
137771077,23.97,57.33,208.00,27.15,47.22
137801126,23.96,57.18,208.00,27.15,47.15
137831174,23.97,57.25,208.00,27.12,47.19
137861222,23.93,57.24,207.00,27.15,47.15
137891269,23.94,57.42,205.00,27.16,47.16
137921317,23.92,57.47,206.00,27.13,47.17
137951365,23.92,57.54,207.00,27.13,47.22
137981413,23.89,57.49,204.00,27.12,47.24
138011463,23.88,57.60,205.00,27.13,47.30
138041513,23.86,57.79,205.00,27.13,47.19
138071562,23.87,57.33,203.00,27.10,47.32
138101610,23.86,57.87,203.00,27.12,47.29
138131657,23.89,57.35,203.00,27.10,47.20
138161705,23.91,57.58,201.00,27.12,47.13
138191753,23.89,57.41,202.00,27.10,47.22
138221801,23.91,57.37,203.00,27.07,47.09
138251848,23.89,57.54,202.00,27.09,47.25
138281897,23.89,57.70,203.00,27.09,47.27
138311945,23.89,57.48,205.00,27.09,47.24
138341993,23.90,57.51,206.00,27.06,47.21
138372043,23.89,57.54,207.00,27.09,47.20
138402092,23.89,57.54,206.00,27.07,47.33
138432139,23.85,57.75,208.00,27.07,47.22
138462187,23.88,57.53,208.00,27.09,47.25
138492234,23.86,57.84,206.00,27.07,47.29
138522283,23.85,57.54,205.00,27.06,47.26
138552330,23.85,57.36,205.00,27.06,47.11
138582378,23.86,57.30,205.00,27.06,47.15
138612425,23.83,57.41,207.00,27.06,47.22
138642475,23.83,57.50,207.00,27.05,47.16
138672522,23.83,57.55,207.00,27.05,47.32
138702570,23.80,57.58,208.00,27.05,47.16
138732620,23.80,57.79,206.00,27.03,47.24
138762669,23.81,57.73,205.00,27.03,47.19
138792716,23.80,57.95,204.00,27.03,47.34
138822764,23.78,57.79,203.00,27.03,47.22
138852813,23.79,57.36,204.00,27.03,47.26
138882862,23.81,57.57,202.00,27.01,47.33
138912910,23.81,57.79,203.00,27.01,47.31
138942957,23.77,58.06,204.00,27.02,47.37
138973005,23.75,57.62,205.00,27.02,47.36
139003053,23.75,57.85,205.00,27.02,47.35
139033101,23.74,57.68,205.00,27.02,47.29
139063149,23.75,57.94,205.00,26.99,47.27
139093199,23.74,57.97,205.00,26.98,47.29
139123248,23.75,57.81,205.00,26.99,47.38
139153296,23.80,57.89,206.00,27.01,47.26
139183343,23.80,57.61,206.00,27.01,47.30
139213391,23.81,57.70,207.00,27.01,47.24
139243439,23.86,57.51,208.00,27.01,47.36
139273487,23.85,57.72,208.00,27.01,47.39
139303534,23.86,57.61,208.00,27.01,47.39
139333583,23.79,57.59,209.00,27.01,47.42
139363631,23.82,57.73,207.00,26.99,47.31
139393679,23.84,57.71,206.00,26.99,47.33
139423726,23.86,57.48,206.00,27.01,47.36
139453777,23.86,57.68,207.00,27.01,47.39
139483825,23.88,57.66,207.00,27.02,47.28
139513873,23.89,57.18,207.00,26.99,47.26
139543920,23.88,57.42,210.00,27.02,47.34
139573968,23.89,57.53,210.00,26.99,47.26
139604016,23.89,57.32,209.00,27.01,47.30
139634064,23.89,57.60,208.00,27.03,47.35
139664113,23.89,57.13,209.00,27.02,47.30
139694161,23.88,57.61,209.00,27.02,47.31
139724209,23.89,57.61,209.00,27.03,47.30
139754257,23.87,57.04,209.00,27.03,47.23
139784304,23.89,57.36,207.00,27.05,47.22
139814352,23.90,57.47,206.00,27.01,47.23
139844403,23.87,57.07,206.00,27.02,47.18
139874451,23.85,57.60,205.00,27.03,47.27
139904498,23.84,57.45,206.00,27.02,47.17
139934546,23.81,57.79,205.00,27.01,47.31
139964594,23.82,57.53,204.00,27.02,47.20
139994642,23.82,57.79,204.00,27.03,47.19
140024689,23.83,57.07,204.00,27.01,47.22
140054737,23.84,57.21,204.00,27.02,47.17
140084786,23.87,57.36,204.00,27.02,47.20
140114833,23.85,57.61,205.00,27.02,47.31
140144881,23.83,57.87,205.00,27.02,47.37
140174928,23.81,57.34,205.00,27.02,47.30
140204980,23.81,57.84,205.00,27.01,47.32
140235027,23.81,57.79,203.00,27.01,47.23
140265075,23.79,57.74,205.00,26.98,47.34
140295122,23.80,57.22,207.00,27.01,47.26
140325171,23.82,57.70,206.00,27.01,47.26
140355218,23.81,57.73,206.00,27.02,47.30
140385266,23.84,57.70,206.00,27.01,47.27
140415314,23.83,57.75,206.00,27.02,47.33
140445363,23.81,57.73,206.00,27.02,47.37
140475412,23.83,57.26,204.00,27.01,47.30
140505460,23.84,57.65,205.00,26.99,47.25
140535508,23.85,57.76,206.00,27.01,47.23
140565559,23.84,57.41,209.00,26.99,47.27
140595607,23.84,57.55,211.00,27.01,47.23
140625655,23.83,57.78,211.00,27.01,47.29
140655703,23.81,57.89,210.00,27.01,47.29
140685751,23.80,57.56,210.00,27.01,47.24
140715798,23.81,57.70,208.00,27.01,47.36
140745846,23.85,57.17,207.00,26.99,47.34
140775894,23.80,57.81,208.00,27.01,47.34
140805942,23.80,57.42,209.00,27.01,47.22
140835990,23.79,57.37,210.00,27.01,47.14
140866038,23.80,57.67,210.00,27.02,47.23
140896086,23.77,57.62,212.00,27.01,47.24
140926137,23.80,57.30,209.00,27.02,47.28
140956184,23.70,58.11,208.00,26.99,47.34
140986232,23.68,57.92,206.00,26.98,47.35
141016280,23.70,57.47,205.00,26.99,47.20
141046328,23.70,57.71,206.00,26.96,47.36
141076376,23.71,57.93,207.00,26.98,47.33
141106424,23.73,57.62,206.00,26.96,47.26
141136473,23.73,57.68,207.00,26.95,47.38
141166520,23.74,57.83,207.00,26.95,47.28
141196568,23.73,57.84,207.00,26.95,47.36
141226615,23.72,57.70,207.00,26.95,47.32
141256664,23.75,57.81,208.00,26.94,47.31
141286716,23.77,57.42,210.00,26.96,47.29
141316764,23.70,58.02,212.00,26.96,47.40
141346811,23.73,57.79,212.00,26.95,47.40
141376860,23.73,57.94,213.00,26.98,47.40
141406907,23.75,57.64,213.00,26.95,47.39
141436956,23.74,57.95,213.00,26.95,47.39
141467003,23.76,57.22,214.00,26.94,47.35
141497052,23.74,57.75,215.00,26.95,47.34
141527099,23.75,57.57,216.00,26.95,47.28
141557147,23.78,57.78,217.00,26.95,47.43
141587194,23.77,57.52,216.00,26.96,47.34
141617243,23.79,57.60,217.00,26.92,47.32
141647291,23.79,57.76,216.00,26.96,47.38
141677341,23.80,57.61,214.00,26.94,47.38
141707389,23.80,57.64,214.00,26.95,47.34
141737438,23.79,57.55,212.00,26.94,47.44
141767485,23.79,57.66,211.00,26.95,47.35
141797533,23.78,57.53,211.00,26.95,47.38
141827580,23.80,57.65,211.00,26.95,47.40
141857629,23.72,58.07,212.00,26.92,47.40
141887676,23.66,58.10,211.00,26.92,47.48
141917725,23.69,57.78,213.00,26.94,47.35
141947772,23.62,58.23,212.00,26.94,47.42
141977821,23.58,58.11,211.00,26.91,47.38
142007868,23.59,58.30,211.00,26.89,47.43
142037919,23.62,58.03,209.00,26.92,47.36
142067968,23.64,58.13,209.00,26.91,47.34
142098017,23.64,57.46,209.00,26.88,47.38
142128065,23.68,58.14,210.00,26.89,47.40
142158113,23.66,57.89,211.00,26.91,47.42
142188161,23.65,57.86,211.00,26.89,47.42
142218209,23.66,57.89,211.00,26.91,47.39
142248256,23.65,58.10,211.00,26.86,47.54
142278304,23.66,57.58,211.00,26.91,47.43
142308353,23.66,57.86,211.00,26.88,47.51
142338401,23.68,57.95,208.00,26.91,47.51
142368449,23.69,58.19,208.00,26.89,47.51
142398499,23.70,57.72,207.00,26.88,47.47
142428548,23.68,58.17,207.00,26.88,47.50
142458596,23.66,58.14,206.00,26.88,47.50
142488643,23.65,58.06,205.00,26.86,47.57
142518691,23.63,58.15,205.00,26.88,47.54
142548739,23.65,57.99,207.00,26.89,47.51
142578787,23.65,58.08,207.00,26.86,47.47
142608834,23.66,58.14,206.00,26.85,47.52
142638882,23.65,57.97,208.00,26.88,47.51
142668930,23.66,57.92,207.00,26.86,47.57
142698978,23.68,57.78,207.00,26.85,47.49
142729025,23.65,57.91,208.00,26.85,47.44
142759076,23.69,57.80,207.00,26.88,47.47
142789124,23.71,57.62,205.00,26.86,47.54
142819172,23.71,57.95,206.00,26.86,47.50
142849219,23.71,57.94,207.00,26.86,47.47
142879267,23.74,57.67,205.00,26.88,47.47
142909317,23.74,57.58,206.00,26.86,47.43
142939366,23.71,57.94,207.00,26.88,47.50
142969414,23.73,57.54,208.00,26.86,47.51
142999461,23.75,57.82,209.00,26.88,47.47
143029510,23.75,57.66,210.00,26.88,47.46
143059557,23.76,57.74,210.00,26.89,47.53
143089605,23.75,57.90,210.00,26.89,47.52
143119654,23.76,57.40,210.00,26.88,47.49
143149703,23.78,57.29,208.00,26.89,47.43
143179751,23.77,57.13,209.00,26.88,47.46
143209799,23.73,57.92,210.00,26.89,47.52
143239846,23.73,57.72,209.00,26.91,47.49
143269895,23.74,57.58,209.00,26.88,47.40
143299942,23.73,57.75,209.00,26.88,47.52
143329990,23.72,58.08,211.00,26.91,47.55
143360038,23.71,57.78,211.00,26.89,47.50
143390087,23.68,57.69,210.00,26.89,47.52
143420134,23.64,58.43,210.00,26.88,47.40
143450182,23.63,57.78,209.00,26.89,47.53
143480232,23.63,58.01,207.00,26.88,47.52
143510281,23.65,57.77,205.00,26.88,47.52
143540328,23.64,57.86,205.00,26.89,47.57
143570376,23.68,57.87,206.00,26.89,47.51
143600423,23.68,58.02,207.00,26.86,47.51
143630472,23.69,57.57,206.00,26.88,47.43
143660520,23.69,57.59,208.00,26.88,47.49
143690568,23.68,57.92,208.00,26.86,47.48
143720617,23.68,58.15,208.00,26.88,47.46
143750666,23.69,57.88,206.00,26.86,47.63
143780714,23.69,57.79,205.00,26.86,47.61
143810762,23.71,57.71,204.00,26.86,47.52
143840811,23.69,57.93,204.00,26.86,47.60
143870861,23.69,57.88,204.00,26.86,47.54
143900909,23.69,57.63,204.00,26.85,47.58
143930956,23.67,57.94,203.00,26.85,47.64
143961005,23.67,58.16,203.00,26.85,47.70
143991052,23.66,58.10,202.00,26.85,47.70
144021100,23.69,58.09,203.00,26.86,47.65
144051147,23.69,58.02,202.00,26.84,47.68
144081196,23.67,58.09,201.00,26.88,47.59
144111243,23.68,58.06,201.00,26.85,47.65
144141292,23.65,58.27,202.00,26.85,47.67
144171339,23.66,58.22,203.00,26.85,47.70
144201388,23.63,58.19,202.00,26.85,47.71
144231438,23.64,58.13,200.00,26.82,47.65
144261486,23.61,58.31,200.00,26.86,47.63
144291533,23.61,58.15,199.00,26.85,47.78
144321582,23.58,58.36,199.00,26.82,47.54
144351629,23.53,58.16,199.00,26.82,47.79
144381677,23.53,58.52,199.00,26.82,47.74
144411725,23.51,58.66,200.00,26.85,47.83
144441774,23.53,58.35,201.00,26.84,47.74
144471821,23.55,58.49,200.00,26.84,47.76
144501869,23.55,58.07,200.00,26.81,47.71
144531918,23.56,58.49,199.00,26.82,47.66
144561967,23.60,58.43,200.00,26.81,47.73
144592017,23.61,58.27,201.00,26.81,47.69
144622065,23.62,58.08,201.00,26.82,47.76
144652113,23.62,57.96,200.00,26.81,47.71
144682162,23.64,57.96,200.00,26.79,47.67
144712209,23.62,58.34,201.00,26.82,47.87
144742257,23.62,58.35,202.00,26.82,47.82
144772304,23.64,57.94,203.00,26.81,47.80
144802353,23.61,58.44,202.00,26.79,47.78
144832401,23.62,58.31,202.00,26.79,47.89
144862449,23.62,58.24,200.00,26.81,47.87
144892496,23.63,58.31,200.00,26.81,47.84
144922545,23.67,58.08,202.00,26.79,47.83
144952595,23.67,57.95,202.00,26.81,47.80
144982643,23.66,57.95,202.00,26.84,47.78
145012691,23.66,58.27,201.00,26.82,47.78
145042739,23.64,58.21,201.00,26.79,47.72
145072787,23.64,58.04,202.00,26.79,47.93
145102834,23.63,58.08,200.00,26.79,47.78
145132882,23.64,58.18,199.00,26.82,47.81
145162931,23.64,58.29,197.00,26.82,47.80
145192979,23.62,58.04,199.00,26.79,47.75
145223026,23.65,58.26,199.00,26.81,47.83
145253074,23.65,58.09,198.00,26.81,47.75
145283122,23.65,58.19,200.00,26.82,47.75
145313173,23.63,58.22,201.00,26.81,47.76
145343222,23.61,58.24,202.00,26.82,47.85
145373271,23.61,58.62,202.00,26.79,47.90
145403318,23.60,58.29,203.00,26.81,47.87
145433366,23.59,58.41,202.00,26.79,47.81
145463413,23.58,58.33,202.00,26.79,47.88
145493462,23.59,58.12,200.00,26.79,47.77
145523509,23.60,57.93,200.00,26.81,47.82
145553557,23.60,58.44,200.00,26.79,47.80
145583604,23.60,58.24,200.00,26.79,47.74
145613652,23.61,58.45,199.00,26.78,47.76
145643700,23.58,58.45,199.00,26.81,47.73
145673748,23.59,58.33,198.00,26.78,47.84
145703798,23.57,58.50,199.00,26.78,47.87
145733847,23.54,58.59,200.00,26.77,47.84
145763894,23.49,58.96,201.00,26.77,48.02
145793942,23.48,58.11,202.00,26.78,47.81
145823989,23.50,58.38,202.00,26.78,47.94
145854038,23.48,58.64,201.00,26.79,47.95
145884085,23.47,58.62,200.00,26.75,48.02
145914133,23.47,58.48,199.00,26.74,47.92
145944180,23.46,58.57,200.00,26.75,47.99
145974228,23.48,58.46,200.00,26.75,47.98
146004277,23.48,58.48,199.00,26.75,47.91
146034325,23.46,59.06,201.00,26.74,47.97
146064375,23.44,58.73,203.00,26.74,48.10
146094423,23.42,58.72,203.00,26.74,48.01
146124471,23.44,58.65,203.00,26.71,48.00
146154521,23.45,58.72,203.00,26.71,48.09
146184569,23.46,58.78,202.00,26.72,48.09
146214617,23.48,58.95,204.00,26.68,48.09
146244665,23.47,58.87,202.00,26.71,48.10
146274712,23.49,58.74,201.00,26.71,48.13
146304760,23.48,58.44,203.00,26.69,48.15
146334809,23.49,58.31,204.00,26.69,48.06
146364857,23.48,58.87,206.00,26.69,48.00
146394904,23.45,58.93,207.00,26.69,48.15
146424955,23.42,59.01,208.00,26.71,48.10
146455003,23.45,58.72,207.00,26.71,48.07
146485051,23.47,58.78,207.00,26.72,47.95
146515098,23.48,58.13,208.00,26.68,47.98
146545146,23.49,58.60,209.00,26.69,48.10
146575195,23.46,58.98,208.00,26.69,48.07
146605243,23.48,58.52,209.00,26.69,48.01
146635290,23.41,59.10,209.00,26.69,48.18
146665338,23.42,58.62,207.00,26.67,48.00
146695386,23.43,58.62,207.00,26.68,48.13
146725434,23.43,59.10,206.00,26.67,48.13
146755482,23.43,58.81,207.00,26.65,48.07
146785532,23.41,58.87,206.00,26.67,48.15
146815580,23.45,58.58,207.00,26.71,48.10
146845628,23.45,58.15,207.00,26.67,47.98
146875676,23.49,58.49,208.00,26.69,47.94
146905724,23.50,58.74,209.00,26.65,47.99
146935772,23.46,58.89,208.00,26.71,48.18
146965822,23.48,58.64,207.00,26.67,48.03
146995869,23.49,58.52,206.00,26.67,48.09
147025917,23.49,58.70,206.00,26.67,48.14
147055966,23.50,58.71,206.00,26.67,48.15
147086014,23.48,58.82,208.00,26.68,48.13
147116061,23.48,58.71,209.00,26.69,48.15
147146113,23.49,58.57,210.00,26.68,48.14
147176160,23.48,58.27,210.00,26.68,48.00
147206208,23.49,58.47,210.00,26.67,48.13
147236255,23.48,58.68,211.00,26.68,48.10
147266304,23.48,58.73,210.00,26.68,48.11
147296351,23.49,58.33,209.00,26.68,48.10
147326399,23.48,58.74,211.00,26.68,48.17
147356447,23.48,58.62,211.00,26.68,48.15
147386494,23.47,58.45,212.00,26.65,48.21
147416544,23.47,58.65,212.00,26.67,48.15
147446591,23.48,58.58,211.00,26.67,48.10
147476639,23.45,58.64,212.00,26.67,48.23
147506686,23.45,58.89,212.00,26.67,48.21
147536738,23.41,58.96,211.00,26.68,48.25
147566785,23.43,58.79,210.00,26.65,48.12
147596833,23.42,58.75,211.00,26.65,48.17
147626881,23.42,58.90,212.00,26.67,48.15
147656929,23.44,59.01,211.00,26.68,48.21
147686977,23.42,58.66,210.00,26.65,48.12
147717025,23.42,58.85,210.00,26.65,48.25
147747073,23.41,58.91,209.00,26.65,48.35
147777123,23.41,58.79,207.00,26.62,48.30
147807170,23.41,58.67,206.00,26.62,48.26
147837218,23.41,58.96,207.00,26.64,48.29
147867267,23.41,58.75,208.00,26.65,48.29
147897317,23.45,59.07,209.00,26.61,48.25
147927365,23.46,58.69,209.00,26.64,48.20
147957413,23.49,58.78,207.00,26.65,48.31
147987461,23.47,58.49,208.00,26.64,48.11
148017509,23.48,58.39,207.00,26.64,48.17
148047556,23.49,58.58,207.00,26.62,48.29
148077604,23.48,58.66,206.00,26.62,48.29
148107653,23.51,58.60,205.00,26.64,48.22
148137701,23.50,58.75,205.00,26.62,48.13
148167748,23.50,58.61,204.00,26.64,48.12
148197796,23.53,58.59,206.00,26.65,48.11
148227844,23.55,58.35,206.00,26.65,48.22
148257895,23.57,58.48,208.00,26.68,48.15
148287943,23.58,58.53,210.00,26.68,48.16
148317990,23.55,58.41,211.00,26.65,48.14
148348039,23.60,58.44,211.00,26.68,48.15
148378086,23.57,58.52,210.00,26.67,48.23
148408134,23.59,58.60,210.00,26.67,48.17
148438181,23.58,58.43,209.00,26.69,48.20
148468230,23.56,58.36,208.00,26.71,48.09
148498277,23.58,58.30,209.00,26.69,48.21
148528325,23.58,58.47,209.00,26.67,48.15
148558372,23.58,58.62,209.00,26.69,48.19
148588423,23.57,57.99,208.00,26.71,48.18
148618480,23.55,58.51,210.00,26.71,48.24
148648528,23.57,58.64,211.00,26.72,48.21
148678576,23.58,58.62,212.00,26.72,48.18
148708624,23.57,58.34,212.00,26.71,48.09
148738671,23.57,58.56,212.00,26.71,48.16
148768719,23.57,58.73,210.00,26.71,48.30
148798767,23.58,58.73,209.00,26.69,48.27
148828815,23.59,58.47,210.00,26.72,48.07
148858862,23.57,58.45,209.00,26.71,48.07
148888910,23.57,58.37,211.00,26.71,48.12
148918959,23.56,58.09,209.00,26.71,48.16
148949007,23.57,58.42,209.00,26.71,48.12
148979056,23.58,58.41,208.00,26.69,48.08
149009104,23.56,58.58,209.00,26.71,48.10
149039152,23.57,58.39,210.00,26.69,47.95
149069200,23.57,58.32,209.00,26.71,48.16
149099248,23.58,58.30,211.00,26.71,48.03
149129296,23.57,58.43,211.00,26.72,48.14
149159345,23.61,58.42,210.00,26.72,48.09
149189392,23.59,58.62,209.00,26.74,48.01
149219440,23.59,58.58,210.00,26.71,48.12
149249487,23.58,58.52,210.00,26.72,48.09
149279537,23.57,58.80,209.00,26.74,48.18
149309584,23.57,58.78,210.00,26.71,48.20
149339632,23.56,58.42,210.00,26.72,48.16
149369684,23.56,58.31,208.00,26.72,48.17
149399733,23.57,58.64,208.00,26.74,48.11
149429780,23.58,58.03,208.00,26.72,48.07
149459828,23.53,59.01,209.00,26.72,48.11
149489875,23.54,58.54,210.00,26.74,48.16
149519925,23.54,58.87,210.00,26.71,48.36
149549972,23.55,58.28,209.00,26.72,48.19
149580020,23.55,58.78,208.00,26.71,48.20
149610067,23.55,58.44,207.00,26.68,48.13
149640116,23.57,58.29,208.00,26.72,48.27
149670163,23.56,58.95,207.00,26.72,48.39
149700212,23.57,58.49,205.00,26.69,48.19
149730262,23.59,58.31,204.00,26.71,48.13
149760311,23.55,58.91,206.00,26.69,48.18
149790358,23.56,58.65,207.00,26.69,48.33
149820406,23.57,58.72,208.00,26.71,48.25
149850454,23.55,58.83,208.00,26.72,48.20
149880502,23.54,58.87,210.00,26.71,48.30
149910549,23.53,58.56,211.00,26.72,48.31
149940597,23.49,59.18,212.00,26.72,48.14
149970646,23.48,58.56,212.00,26.72,48.37
150000694,23.47,59.15,210.00,26.72,48.25
150030741,23.46,59.17,208.00,26.69,48.24
150060789,23.45,59.03,207.00,26.68,48.36
150090840,23.48,59.27,206.00,26.68,48.34
150120888,23.53,59.21,206.00,26.69,48.48
150150937,23.53,58.97,206.00,26.69,48.34
150180985,23.51,58.36,205.00,26.68,48.28
150211034,23.53,58.85,205.00,26.67,48.33
150241081,23.53,58.73,205.00,26.68,48.29
150271130,23.53,58.77,206.00,26.68,48.33
150301177,23.57,58.48,206.00,26.65,48.30
150331226,23.55,58.75,205.00,26.65,48.24
150361273,23.54,58.71,203.00,26.68,48.31
150391321,23.45,59.11,201.00,26.68,48.40
150421368,23.47,58.79,200.00,26.68,48.44
150451420,23.49,58.91,198.00,26.65,48.23
150481467,23.49,58.66,196.00,26.67,48.34
150511515,23.50,58.65,197.00,26.68,48.25
150541562,23.50,58.75,196.00,26.67,48.13
150571611,23.50,58.71,196.00,26.65,48.46
150601659,23.51,58.65,197.00,26.65,48.30
150631707,23.49,59.03,196.00,26.67,48.36
150661754,23.53,58.91,196.00,26.67,48.32
150691803,23.53,58.85,198.00,26.67,48.34
150721851,23.50,58.70,195.00,26.67,48.37
150751899,23.53,58.73,195.00,26.67,48.40
150781946,23.51,58.69,195.00,26.65,48.44
150811997,23.55,58.23,195.00,26.65,48.36
150842045,23.52,58.41,194.00,26.67,48.30
150872093,23.53,58.69,194.00,26.67,48.40
150902140,23.55,58.65,194.00,26.64,48.33
150932189,23.51,58.63,195.00,26.67,48.17
150962238,23.53,58.73,193.00,26.67,48.36
150992286,23.49,58.89,194.00,26.68,48.26
151022334,23.51,58.67,193.00,26.65,48.29
151052383,23.47,59.22,192.00,26.67,48.40
151082433,23.46,58.74,191.00,26.67,48.33
151112480,23.46,59.24,192.00,26.67,48.32
151142529,23.44,58.95,192.00,26.68,48.36
151172579,23.46,58.91,194.00,26.64,48.40
151202627,23.46,58.46,194.00,26.67,48.34
151232674,23.48,59.14,193.00,26.67,48.35
151262723,23.46,58.48,193.00,26.65,48.34
151292770,23.48,58.77,194.00,26.64,48.36
151322818,23.50,58.93,194.00,26.64,48.31
151352865,23.47,58.48,194.00,26.64,48.29
151382914,23.45,59.02,192.00,26.65,48.40
151412961,23.43,59.17,193.00,26.65,48.42
151443009,23.41,59.05,195.00,26.64,48.43
151473056,23.37,59.69,194.00,26.64,48.48
151503105,23.36,59.59,191.00,26.64,48.44
151533153,23.33,59.42,191.00,26.62,48.50
151563203,23.36,58.92,191.00,26.59,48.46
151593250,23.37,59.43,191.00,26.61,48.48
151623299,23.38,59.20,191.00,26.61,48.50
151653347,23.41,59.14,192.00,26.62,48.52
151683395,23.43,59.06,193.00,26.59,48.39
151713442,23.44,58.80,192.00,26.62,48.38
151743491,23.46,59.06,193.00,26.62,48.42
151773538,23.48,58.86,192.00,26.59,48.47
151803587,23.48,58.99,193.00,26.62,48.49
151833635,23.49,58.86,194.00,26.62,48.51
151863684,23.48,58.67,194.00,26.61,48.52
151893731,23.46,58.95,194.00,26.62,48.55
151923781,23.46,59.05,196.00,26.61,48.50
151953831,23.49,58.69,197.00,26.62,48.49
151983879,23.47,58.75,196.00,26.64,48.42
152013928,23.48,58.84,197.00,26.61,48.52
152043975,23.49,58.49,198.00,26.62,48.48
152074023,23.48,58.58,197.00,26.62,48.50
152104071,23.46,58.64,200.00,26.62,48.37
152134119,23.47,58.96,198.00,26.64,48.43
152164167,23.46,59.01,197.00,26.62,48.55
152194215,23.47,58.91,196.00,26.62,48.46
152224263,23.48,58.73,197.00,26.65,48.37
152254311,23.44,59.08,197.00,26.64,48.47
152284361,23.41,59.18,194.00,26.59,48.60
152314409,23.39,59.35,194.00,26.62,48.56
152344457,23.36,59.69,194.00,26.62,48.44
152374505,23.37,59.51,194.00,26.61,48.65
152404552,23.40,58.88,194.00,26.61,48.56
152434600,23.38,59.44,195.00,26.62,48.50
152464649,23.39,59.13,194.00,26.61,48.48
152494697,23.41,59.09,194.00,26.62,48.46
152524744,23.45,58.72,193.00,26.64,48.59
152554792,23.44,59.30,193.00,26.59,48.59
152584840,23.46,59.11,194.00,26.61,48.50
152614890,23.46,59.22,194.00,26.62,48.69
152644940,23.46,59.34,194.00,26.59,48.58
152674989,23.46,58.77,194.00,26.61,48.61
152705036,23.48,59.24,195.00,26.65,48.66
152735084,23.47,59.06,195.00,26.61,48.62
152765132,23.50,59.10,195.00,26.62,48.62
152795181,23.50,58.95,196.00,26.62,48.45
152825228,23.51,58.95,196.00,26.64,48.53
152855276,23.55,58.82,196.00,26.64,48.62
152885323,23.55,58.86,197.00,26.64,48.52
152915372,23.55,58.97,196.00,26.67,48.53
152945420,23.57,58.85,197.00,26.62,48.64
152975468,23.55,59.01,198.00,26.62,48.49
153005518,23.53,59.36,199.00,26.67,48.46
153035567,23.49,59.18,198.00,26.68,48.76
153065614,23.52,59.49,198.00,26.67,48.61
153095662,23.54,59.09,197.00,26.65,48.68
153125709,23.50,59.36,197.00,26.65,48.70
153155758,23.49,59.13,197.00,26.67,48.61
153185806,23.44,59.95,198.00,26.67,48.58
153215853,23.36,59.64,198.00,26.64,48.81
153245901,23.28,60.24,195.00,26.64,48.88
153275949,23.29,59.48,195.00,26.62,48.69
153305998,23.29,60.09,194.00,26.62,48.81
153336045,23.30,59.66,194.00,26.61,48.69
153366093,23.33,59.21,193.00,26.61,48.69
153396146,23.32,59.89,193.00,26.62,48.76
153426194,23.32,59.75,194.00,26.59,48.85
153456241,23.33,59.74,193.00,26.61,48.80
153486290,23.34,59.88,194.00,26.61,48.82
153516338,23.36,59.72,194.00,26.59,48.85
153546386,23.38,59.38,195.00,26.59,48.78
153576433,23.41,59.62,197.00,26.59,48.81
153606481,23.42,59.69,196.00,26.61,48.69
153636529,23.48,59.60,194.00,26.59,48.85
153666577,23.48,59.54,195.00,26.64,48.80
153696625,23.50,59.52,196.00,26.62,48.90
153726673,23.52,59.51,196.00,26.59,48.97
153756723,23.51,59.35,196.00,26.62,48.88
153786772,23.52,59.38,197.00,26.61,48.92
153816819,23.58,59.43,195.00,26.61,48.95
153846867,23.56,59.37,196.00,26.62,48.93
153876915,23.57,58.96,198.00,26.62,48.93
153906963,23.59,59.44,199.00,26.64,49.01
153937011,23.60,59.27,200.00,26.65,48.91
153967059,23.62,59.31,201.00,26.64,48.90
153997107,23.61,59.02,200.00,26.62,48.79
154027155,23.64,59.33,202.00,26.62,48.94
154057202,23.64,58.80,202.00,26.67,48.86
154087250,23.64,59.23,202.00,26.67,48.85
154117301,23.57,59.59,203.00,26.68,48.71
154147349,23.58,59.49,203.00,26.67,48.96
154177396,23.58,59.14,204.00,26.68,48.82
154207447,23.58,59.18,203.00,26.67,48.85
154237494,23.60,59.18,204.00,26.68,48.72
154267542,23.62,59.46,204.00,26.69,48.95
154297589,23.63,59.71,202.00,26.67,49.06
154327638,23.64,59.57,203.00,26.69,49.11
154357686,23.64,59.23,202.00,26.69,49.06
154387734,23.62,59.47,203.00,26.67,49.07
154417781,23.64,59.00,204.00,26.67,48.94
154447830,23.63,59.09,204.00,26.68,48.90
154477879,23.64,59.41,205.00,26.67,48.91
154507927,23.66,59.53,204.00,26.69,49.09
154537974,23.68,59.11,203.00,26.68,48.88
154568023,23.65,59.05,202.00,26.71,48.88
154598071,23.64,59.41,201.00,26.71,48.84
154628119,23.66,59.09,199.00,26.69,48.89
154658167,23.62,59.31,199.00,26.71,48.84
154688215,23.67,59.49,199.00,26.71,48.99
154718263,23.65,59.43,199.00,26.71,48.99
154748310,23.66,59.56,201.00,26.69,49.05
154778358,23.66,59.22,202.00,26.71,49.10
154808406,23.66,59.09,202.00,26.68,48.94
154838457,23.60,59.41,201.00,26.68,48.86
154868504,23.62,59.34,199.00,26.69,48.90
154898552,23.62,59.42,201.00,26.68,48.94
154928600,23.63,59.01,202.00,26.68,48.91
154958648,23.63,59.19,201.00,26.71,48.88
154988696,23.66,59.20,203.00,26.68,48.91
155018744,23.66,59.02,203.00,26.71,48.86
155048794,23.65,59.25,204.00,26.69,48.90
155078842,23.66,58.72,205.00,26.68,48.85
155108889,23.67,59.07,205.00,26.69,48.81
155138937,23.65,59.01,205.00,26.71,48.76
155168986,23.68,58.97,206.00,26.72,48.76
155199034,23.71,59.14,205.00,26.72,48.87
155229084,23.73,59.02,205.00,26.72,48.84
155259132,23.73,59.02,204.00,26.69,48.86
155289180,23.74,58.97,204.00,26.69,48.88
155319228,23.71,58.81,204.00,26.72,48.79
155349275,23.74,58.62,205.00,26.72,48.76
155379324,23.71,58.53,205.00,26.71,48.70
155409372,23.70,58.83,205.00,26.71,48.65
155439420,23.70,58.54,206.00,26.71,48.65
155469467,23.70,58.68,206.00,26.72,48.50
155499515,23.70,58.45,206.00,26.71,48.61
155529563,23.66,58.71,206.00,26.72,48.50
155559611,23.69,58.65,206.00,26.72,48.55
155589661,23.70,58.69,203.00,26.72,48.53
155619709,23.70,58.58,202.00,26.72,48.53
155649757,23.72,58.43,201.00,26.74,48.50
155679806,23.70,58.47,200.00,26.72,48.44
155709853,23.72,58.44,201.00,26.74,48.48
155739901,23.73,58.29,200.00,26.74,48.41
155769949,23.72,58.37,200.00,26.75,48.32
155799997,23.71,58.46,198.00,26.74,48.35
155830045,23.74,58.35,197.00,26.77,48.37
155860096,23.72,58.24,197.00,26.74,48.32
155890143,23.72,58.35,198.00,26.77,48.30
155920191,23.73,58.13,198.00,26.77,48.28
155950241,23.73,58.26,199.00,26.75,48.27
155980290,23.74,58.10,199.00,26.78,48.18
156010337,23.74,58.15,200.00,26.77,48.21
156040385,23.75,58.23,200.00,26.75,48.18
156070432,23.75,58.38,200.00,26.77,48.28
156100481,23.74,58.43,200.00,26.77,48.34
156130529,23.73,58.40,201.00,26.75,48.28
156160577,23.74,58.27,203.00,26.77,48.25
156190624,23.78,58.29,203.00,26.77,48.26
156220673,23.82,58.43,206.00,26.75,48.40
156250724,23.82,58.44,211.00,26.75,48.39
156280771,23.79,58.48,214.00,26.78,48.41
156310822,23.82,58.40,221.00,26.79,48.37
156340870,23.80,58.38,231.00,26.77,48.33
156370918,23.82,58.42,236.00,26.77,48.37
156400965,23.80,58.41,238.00,26.77,48.43
156431013,23.81,58.31,239.00,26.78,48.36
156461061,23.82,58.24,240.00,26.77,48.34
156491110,23.83,58.18,238.00,26.77,48.30
156521157,23.83,58.16,236.00,26.78,48.27
156551205,23.85,58.10,237.00,26.79,48.27
156581253,23.79,57.77,237.00,26.79,48.09
156611301,23.83,58.05,238.00,26.79,48.13
156641348,23.82,57.89,239.00,26.79,48.10
156671401,23.81,57.89,241.00,26.79,48.00
156701450,23.83,57.69,242.00,26.81,48.02
156731498,23.85,57.69,244.00,26.79,47.96
156761545,23.85,57.74,246.00,26.81,47.99
156791593,23.87,57.86,249.00,26.84,48.08
156821641,23.88,57.78,252.00,26.81,48.00
156851689,23.89,57.74,256.00,26.79,48.01
156881736,23.89,57.49,268.00,26.82,48.02
156911784,23.87,57.75,269.00,26.81,47.95
156941833,23.90,57.72,270.00,26.84,48.00
156971881,23.91,57.38,273.00,26.81,48.01
157001928,23.86,57.59,275.00,26.82,47.83
157031976,23.88,58.02,274.00,26.82,47.98
157062027,23.87,58.19,278.00,26.84,48.05
157092075,23.91,58.24,285.00,26.84,48.22
157122122,23.93,58.29,305.00,26.82,48.19
157152171,23.95,58.28,313.00,26.84,48.36
157182219,23.93,58.22,316.00,26.84,48.33
157212267,23.94,57.94,320.00,26.85,48.19
157242315,23.94,57.78,320.00,26.86,48.01
157272363,23.92,57.87,315.00,26.82,48.12
157302411,23.95,57.56,310.00,26.84,48.10
157332458,23.93,57.61,300.00,26.89,47.90
157362506,23.94,57.77,297.00,26.86,47.99
157392553,23.96,57.49,293.00,26.85,47.90
157422604,23.96,57.48,289.00,26.85,47.92
157452652,23.96,57.29,286.00,26.85,47.85
157482702,23.94,56.87,281.00,26.86,47.64
157512750,23.93,56.95,274.00,26.85,47.54
157542798,23.93,57.06,268.00,26.84,47.59
157572845,23.93,57.07,266.00,26.84,47.60
157602893,23.92,57.50,268.00,26.85,47.59
157632941,23.89,57.35,267.00,26.84,47.54
157662989,23.89,57.13,267.00,26.85,47.49
157693036,23.88,57.11,264.00,26.85,47.44
157723084,23.88,57.23,262.00,26.85,47.56
157753132,23.89,56.96,260.00,26.85,47.49
157783183,23.85,57.02,256.00,26.85,47.34
157813230,23.85,56.80,253.00,26.85,47.31
157843278,23.82,56.65,250.00,26.84,47.17
157873326,23.80,56.46,244.00,26.86,47.03
157903374,23.84,56.80,238.00,26.85,47.08
157933422,23.80,56.62,235.00,26.85,47.16
157963470,23.81,56.83,233.00,26.86,47.00
157993519,23.84,56.42,231.00,26.84,47.11
158023566,23.85,56.40,231.00,26.88,46.95
158053614,23.87,56.59,229.00,26.88,46.90
158083661,23.85,56.53,228.00,26.86,46.95
158113710,23.86,56.29,227.00,26.88,46.83
158143760,23.84,56.07,227.00,26.86,46.79
158173808,23.83,56.24,225.00,26.86,46.75
158203855,23.82,56.01,226.00,26.86,46.60
158233904,23.81,56.25,224.00,26.86,46.68
158263952,23.79,56.39,223.00,26.88,46.69
158294002,23.80,56.16,225.00,26.85,46.63
158324049,23.78,56.17,224.00,26.84,46.63
158354098,23.80,56.29,221.00,26.88,46.68
158384145,23.80,56.08,220.00,26.86,46.59
158414193,23.82,56.14,217.00,26.84,46.56
158444241,23.81,56.06,216.00,26.85,46.50
158474290,23.80,56.15,214.00,26.85,46.43
158504340,23.79,55.78,213.00,26.88,46.29
158534388,23.81,55.66,212.00,26.84,46.30
158564435,23.81,55.90,212.00,26.85,46.35
158594484,23.85,56.06,211.00,26.86,46.46
158624531,23.90,56.04,212.00,26.86,46.50
158654579,23.92,56.03,215.00,26.86,46.52
158684626,23.94,56.06,219.00,26.85,46.55
158714675,23.97,56.07,223.00,26.86,46.68
158744722,24.01,56.08,226.00,26.88,46.70
158774770,24.02,55.92,230.00,26.86,46.68
158804818,24.06,55.96,235.00,26.89,46.71
158834866,24.11,55.94,238.00,26.92,46.77
158864917,24.09,55.84,242.00,26.91,46.69
158894964,24.14,55.82,244.00,26.92,46.68
158925012,24.17,55.73,250.00,26.94,46.72
158955060,24.17,55.62,255.00,26.94,46.70
158985108,24.16,55.57,259.00,26.92,46.59
159015156,24.18,55.51,260.00,26.94,46.64
159045204,24.19,55.52,262.00,26.94,46.62
159075252,24.17,55.56,262.00,26.95,46.57
159105302,24.18,55.66,261.00,26.94,46.59
159135349,24.15,55.67,259.00,26.95,46.57
159165398,24.15,55.59,257.00,26.96,46.59
159195445,24.12,55.54,256.00,26.96,46.52
159225494,24.11,55.57,258.00,26.98,46.53
159255543,24.12,55.67,257.00,26.95,46.53
159285592,24.10,55.56,257.00,26.96,46.52
159315640,24.09,55.63,258.00,26.94,46.48
159345688,24.09,55.72,260.00,26.92,46.50
159375735,24.08,55.63,261.00,26.95,46.42
159405784,24.03,55.76,262.00,26.96,46.52
159435831,24.02,55.60,261.00,26.92,46.44
159465880,24.01,55.81,261.00,26.94,46.49
159495927,23.97,55.83,258.00,26.94,46.47
159525976,23.98,55.65,258.00,26.95,46.36
159556023,23.98,55.68,259.00,26.95,46.36
159586071,24.01,55.83,260.00,26.95,46.41
159616121,24.00,55.66,261.00,26.95,46.34
159646170,23.97,55.44,261.00,26.94,46.23
159676218,23.96,55.73,259.00,26.94,46.20
159706265,23.96,55.61,257.00,26.94,46.20
159736313,23.95,55.62,256.00,26.96,46.26
159766362,23.94,55.75,255.00,26.95,46.24
159796410,23.97,55.68,256.00,26.94,46.24
159826457,23.94,55.21,257.00,26.96,45.94
159856505,23.93,55.32,255.00,26.95,46.03
159886554,23.93,55.62,254.00,26.95,46.00
159916603,23.94,55.33,250.00,26.96,45.98
159946651,23.95,55.14,248.00,26.96,45.99
159976702,23.95,55.10,245.00,26.94,45.86
160006750,23.95,55.11,243.00,26.95,45.86
160036798,24.00,55.01,243.00,26.95,45.82
160066845,23.97,54.95,243.00,26.95,45.82
160096893,23.97,54.93,241.00,26.95,45.78
160126941,24.01,54.97,243.00,26.95,45.86
160156989,24.04,54.91,243.00,26.92,45.82
160187036,24.04,54.84,243.00,26.92,45.78
160217084,24.06,54.75,244.00,26.95,45.76
160247132,24.07,54.60,246.00,26.94,45.76
160277180,24.09,54.56,246.00,26.95,45.72
160307227,24.08,54.52,247.00,26.94,45.67
160337277,24.11,54.46,246.00,26.95,45.63
160367326,24.11,54.31,245.00,26.95,45.61
160397374,24.11,54.23,243.00,26.94,45.50
160427421,24.10,54.12,242.00,26.96,45.45
160457469,24.08,53.96,241.00,26.98,45.39
160487517,24.08,53.99,240.00,26.95,45.35
160517565,24.10,53.95,238.00,26.95,45.26
160547612,24.07,53.89,236.00,26.95,45.21
160577660,24.06,53.89,236.00,26.96,45.18
160607708,24.07,53.81,235.00,26.95,45.21
160637756,24.07,53.83,234.00,26.94,45.18
160667803,24.04,53.86,234.00,26.92,45.13
160697854,24.05,53.84,233.00,26.95,45.13
160727904,24.04,53.84,231.00,26.94,45.08
160757952,24.04,53.76,231.00,26.96,45.06
160787999,24.03,53.81,231.00,26.94,45.01
160818048,24.03,53.66,232.00,26.92,45.02
160848096,24.02,53.66,231.00,26.95,45.01
160878144,24.04,53.62,231.00,26.95,44.96
160908192,24.07,53.63,231.00,26.94,45.00
160938240,24.10,53.49,229.00,26.95,44.93
160968288,24.12,53.38,228.00,26.96,44.87
160998335,24.12,53.39,229.00,26.95,44.85
161028383,24.14,53.40,231.00,26.96,44.86
161058430,24.14,53.41,230.00,26.96,44.88
161088482,24.16,53.47,230.00,26.96,44.87
161118529,24.17,53.49,230.00,27.01,44.95
161148577,24.19,53.43,230.00,26.98,44.92
161178626,24.19,53.41,230.00,27.01,44.90
161208674,24.19,53.40,230.00,26.99,44.87
161238721,24.21,53.34,228.00,27.01,44.84
161268769,24.21,53.33,228.00,27.01,44.89
161298817,24.23,53.28,228.00,27.01,44.80
161328865,24.23,53.35,228.00,27.01,44.80
161358913,24.24,53.29,229.00,27.03,44.82
161388961,24.24,53.33,229.00,27.03,44.87
161419009,24.26,53.29,228.00,27.01,44.82
161449060,24.27,53.29,228.00,27.06,44.76
161479107,24.25,53.27,228.00,27.03,44.75
161509155,24.26,53.26,229.00,27.03,44.75
161539205,24.30,53.11,230.00,27.05,44.74
161569253,24.30,53.12,232.00,27.05,44.70
161599300,24.34,53.08,233.00,27.05,44.73
161629348,24.33,53.00,233.00,27.07,44.71
161659397,24.34,53.04,233.00,27.06,44.65
161689445,24.33,52.90,233.00,27.09,44.64
161719492,24.33,52.86,234.00,27.07,44.57
161749540,24.31,52.82,234.00,27.07,44.55
161779588,24.31,52.71,233.00,27.09,44.46
161809638,24.32,52.58,232.00,27.07,44.43
161839686,24.35,52.51,232.00,27.09,44.31
161869733,24.34,52.56,231.00,27.10,44.36
161899782,24.35,52.60,231.00,27.09,44.35
161929830,24.33,52.52,230.00,27.10,44.33
161959878,24.36,52.44,228.00,27.12,44.25
161989925,24.36,52.36,228.00,27.13,44.29
162019974,24.36,52.38,229.00,27.13,44.18
162050021,24.39,52.25,228.00,27.13,44.14
162080069,24.40,52.03,230.00,27.13,44.06
162110116,24.36,52.02,230.00,27.15,44.00
162140165,24.35,51.98,231.00,27.09,43.94
162170215,24.36,52.02,230.00,27.13,43.92
162200263,24.36,51.86,227.00,27.10,43.89
162230311,24.36,51.96,226.00,27.12,43.88
162260360,24.34,52.05,226.00,27.09,43.92
162290407,24.28,51.91,227.00,27.09,43.80
162320455,24.27,52.02,229.00,27.12,43.83
162350504,24.28,51.94,227.00,27.10,43.74
162380553,24.27,51.86,225.00,27.10,43.75
162410600,24.26,51.98,225.00,27.10,43.76
162440649,24.28,51.98,227.00,27.12,43.73
162470696,24.30,51.93,225.00,27.12,43.71
162500745,24.29,51.95,225.00,27.10,43.70
162530795,24.30,51.99,223.00,27.10,43.78
162560843,24.31,52.00,224.00,27.12,43.77
162590891,24.33,52.12,225.00,27.10,43.83
162620939,24.30,52.05,226.00,27.10,43.81
162650986,24.31,52.05,226.00,27.12,43.84
162681034,24.31,51.99,227.00,27.13,43.81
162711083,24.28,52.05,228.00,27.12,43.70
162741131,24.31,52.02,228.00,27.10,43.76
162771178,24.30,52.09,229.00,27.12,43.77
162801226,24.33,51.96,229.00,27.10,43.75
162831273,24.28,51.89,228.00,27.13,43.60
162861322,24.25,51.85,227.00,27.13,43.60
162891369,24.25,51.89,226.00,27.09,43.54
162921420,24.25,51.99,226.00,27.09,43.58
162951469,24.26,51.94,228.00,27.10,43.56
162981516,24.26,51.89,227.00,27.09,43.54
163011564,24.26,51.88,228.00,27.09,43.52
163041611,24.28,51.77,227.00,27.09,43.57
163071660,24.28,51.69,227.00,27.09,43.49
163101707,24.28,51.54,227.00,27.09,43.45
163131755,24.27,51.47,228.00,27.09,43.41
163161804,24.28,51.32,226.00,27.10,43.30
163191853,24.26,51.35,226.00,27.12,43.23
163221900,24.26,51.31,224.00,27.09,43.20
163251948,24.28,51.17,224.00,27.10,43.13
163281998,24.28,51.15,223.00,27.13,43.16
163312047,24.26,51.07,223.00,27.10,43.05
163342094,24.30,51.04,224.00,27.10,42.98
163372142,24.30,50.94,224.00,27.12,42.97
163402189,24.27,50.90,224.00,27.12,42.89
163432238,24.31,50.93,225.00,27.12,42.94
163462285,24.33,50.82,226.00,27.12,42.87
163492333,24.32,50.77,224.00,27.12,42.79
163522380,24.32,50.56,224.00,27.12,42.72
163552429,24.32,50.60,224.00,27.10,42.71
163582476,24.31,50.46,227.00,27.13,42.62
163612524,24.34,50.49,227.00,27.15,42.60
163642574,24.36,50.57,227.00,27.15,42.65
163672623,24.36,50.56,230.00,27.13,42.65
163702671,24.37,50.55,230.00,27.12,42.63
163732719,24.34,50.63,230.00,27.15,42.68
163762766,24.36,50.71,231.00,27.13,42.65
163792815,24.37,50.76,231.00,27.12,42.70
163822862,24.36,50.75,232.00,27.12,42.71
163852910,24.38,50.69,231.00,27.13,42.71
163882957,24.40,50.71,231.00,27.17,42.77
163913006,24.37,50.75,234.00,27.16,42.77
163943054,24.39,50.60,233.00,27.16,42.68
163973104,24.35,50.68,233.00,27.16,42.64
164003154,24.36,50.66,232.00,27.16,42.69
164033203,24.36,50.58,234.00,27.13,42.60
164063250,24.36,50.56,236.00,27.16,42.52
164093298,24.33,50.50,234.00,27.15,42.47
164123346,24.34,50.57,233.00,27.16,42.45
164153395,24.34,50.46,232.00,27.16,42.47
164183446,24.35,50.40,231.00,27.17,42.39
164213493,24.39,50.43,231.00,27.17,42.41
164243542,24.38,50.47,231.00,27.17,42.47
164273590,24.39,50.40,232.00,27.16,42.38
164303638,24.37,50.40,231.00,27.16,42.42
164333685,24.42,50.29,230.00,27.15,42.39
164363737,24.42,50.28,229.00,27.16,42.35
164393784,24.42,50.30,227.00,27.19,42.34
164423832,24.41,50.38,225.00,27.16,42.39
164453879,24.42,50.36,225.00,27.17,42.39
164483928,24.42,50.39,223.00,27.17,42.33
164513976,24.40,50.45,223.00,27.15,42.40
164544024,24.43,50.52,225.00,27.16,42.45
164574071,24.40,50.50,223.00,27.16,42.43
164604120,24.39,50.52,225.00,27.17,42.46
164634167,24.38,50.54,225.00,27.20,42.47
164664215,24.37,50.61,225.00,27.17,42.47
164694262,24.34,50.55,227.00,27.19,42.43
164724311,24.32,50.58,228.00,27.16,42.39
164754361,24.30,50.64,227.00,27.17,42.45
164784411,24.28,50.62,227.00,27.15,42.34
164814459,24.28,50.61,228.00,27.16,42.38
164844508,24.29,50.57,228.00,27.15,42.34
164874555,24.29,50.45,228.00,27.13,42.30
164904603,24.31,50.34,231.00,27.16,42.26
164934650,24.36,50.38,230.00,27.15,42.23
164964699,24.38,50.27,228.00,27.16,42.23
164994747,24.40,50.24,228.00,27.16,42.29
165024795,24.40,50.12,228.00,27.17,42.18
165054842,24.42,50.18,228.00,27.19,42.19
165084891,24.44,50.17,227.00,27.16,42.22
165114941,24.44,50.20,226.00,27.17,42.21
165144989,24.44,50.12,226.00,27.17,42.20
165175037,24.42,50.16,225.00,27.20,42.24
165205085,24.41,50.06,227.00,27.17,42.11
165235133,24.41,49.84,225.00,27.19,41.99
165265180,24.41,49.65,223.00,27.19,41.95
165295228,24.42,49.72,223.00,27.19,41.87
165325277,24.41,49.70,224.00,27.20,41.81
165355325,24.39,49.63,224.00,27.20,41.78
165385372,24.39,49.54,222.00,27.20,41.72
165415420,24.39,49.52,220.00,27.20,41.69
165445468,24.42,49.44,220.00,27.20,41.60
165475519,24.43,49.38,220.00,27.22,41.68
165505566,24.45,49.38,219.00,27.19,41.60
165535614,24.43,49.42,218.00,27.19,41.63
165565663,24.46,49.32,219.00,27.20,41.59
165595712,24.42,49.52,220.00,27.22,41.62
165625760,24.42,49.41,221.00,27.19,41.57
165655809,24.38,49.50,221.00,27.20,41.60
165685856,24.37,49.40,220.00,27.19,41.54
165715904,24.38,49.38,221.00,27.22,41.53
165745951,24.39,49.34,221.00,27.22,41.49
165776000,24.41,49.37,222.00,27.19,41.51
165806048,24.42,49.41,222.00,27.22,41.55
165836098,24.39,49.54,222.00,27.22,41.54
165866145,24.37,49.55,223.00,27.22,41.55
165896194,24.38,49.60,221.00,27.19,41.60
165926242,24.38,49.54,221.00,27.20,41.58
165956290,24.42,49.52,222.00,27.19,41.56
165986337,24.40,49.62,222.00,27.20,41.52
166016385,24.39,49.61,222.00,27.20,41.60
166046433,24.42,49.62,224.00,27.20,41.59
166076480,24.43,49.48,226.00,27.22,41.51
166106528,24.43,49.49,227.00,27.20,41.59
166136576,24.43,49.43,228.00,27.22,41.50
166166624,24.44,49.44,227.00,27.20,41.50
166196674,24.46,49.32,228.00,27.20,41.47
166226722,24.47,49.30,230.00,27.20,41.47
166256770,24.46,49.25,231.00,27.23,41.41
166286818,24.47,49.30,229.00,27.24,41.42
166316865,24.45,49.13,228.00,27.24,41.36
166346913,24.45,49.01,225.00,27.24,41.31
166376962,24.47,49.13,223.00,27.26,41.32
166407011,24.46,49.06,220.00,27.26,41.26
166437059,24.40,49.14,221.00,27.26,41.26
166467107,24.45,48.99,220.00,27.27,41.17
166497155,24.42,48.93,221.00,27.22,41.16
166527203,24.44,49.02,222.00,27.24,41.15
166557253,24.42,49.03,222.00,27.23,41.11
166587301,24.44,48.96,224.00,27.22,41.14
166617349,24.44,48.97,223.00,27.23,41.12
166647397,24.46,48.95,223.00,27.23,41.18
166677444,24.46,48.96,225.00,27.24,41.11
166707492,24.52,49.00,226.00,27.27,41.17
166737540,24.51,48.97,226.00,27.22,41.20
166767589,24.54,48.84,227.00,27.26,41.10
166797636,24.51,48.81,228.00,27.26,41.10
166827684,24.52,48.90,226.00,27.26,41.14
166857732,24.53,48.95,225.00,27.27,41.17
166887780,24.55,48.88,225.00,27.26,41.14
166917828,24.57,48.85,225.00,27.27,41.14
166947878,24.54,48.91,226.00,27.29,41.14
166977927,24.57,48.92,227.00,27.27,41.09
167007975,24.55,48.95,227.00,27.26,41.17
167038022,24.54,48.93,228.00,27.30,41.12
167068070,24.52,48.84,230.00,27.27,41.02
167098119,24.50,48.94,228.00,27.27,41.08
167128166,24.50,48.79,227.00,27.29,41.03
167158215,24.53,48.44,228.00,27.30,40.90
167188262,24.53,48.47,230.00,27.30,40.87
167218313,24.54,48.36,229.00,27.29,40.77
167248360,24.52,48.37,229.00,27.29,40.75
167278409,24.57,48.38,228.00,27.27,40.66
167308460,24.58,48.35,226.00,27.30,40.70
167338508,24.55,48.38,224.00,27.29,40.73
167368555,24.58,48.37,224.00,27.29,40.77
167398603,24.57,48.33,224.00,27.29,40.71
167428651,24.58,48.42,223.00,27.33,40.72
167458699,24.58,48.39,222.00,27.30,40.69
167488746,24.56,48.45,222.00,27.29,40.78
167518794,24.56,48.50,222.00,27.30,40.75
167548841,24.54,48.44,223.00,27.29,40.71
167578891,24.55,48.51,224.00,27.29,40.73
167608938,24.56,48.51,225.00,27.32,40.76
167638986,24.56,48.41,225.00,27.32,40.66
167669037,24.56,48.39,225.00,27.33,40.67
167699085,24.55,48.44,224.00,27.32,40.69
167729132,24.55,48.39,223.00,27.32,40.64
167759180,24.55,48.42,221.00,27.33,40.68
167789228,24.56,48.48,221.00,27.33,40.65
167819277,24.56,48.42,221.00,27.33,40.67
167849324,24.55,48.53,222.00,27.32,40.69
167879372,24.54,48.57,223.00,27.30,40.70
167909420,24.56,48.62,222.00,27.33,40.70
167939468,24.58,48.65,223.00,27.32,40.78
167969515,24.57,48.67,224.00,27.33,40.78
167999563,24.57,48.72,226.00,27.33,40.79
168029617,24.58,48.65,226.00,27.34,40.79
168059664,24.60,48.53,224.00,27.33,40.74
168089712,24.58,48.47,224.00,27.32,40.69
168119759,24.59,48.34,224.00,27.33,40.64
168149808,24.60,48.33,223.00,27.33,40.59
168179856,24.60,48.25,222.00,27.33,40.52
168209904,24.59,48.09,223.00,27.36,40.49
168239951,24.57,47.92,223.00,27.36,40.38
168270000,24.61,48.02,222.00,27.36,40.36
168300048,24.59,47.99,222.00,27.34,40.31
168330096,24.60,48.06,220.00,27.34,40.34
168360143,24.57,48.10,220.00,27.36,40.39
168390194,24.61,48.09,222.00,27.37,40.39
168420242,24.64,48.02,223.00,27.36,40.44
168450290,24.64,48.05,223.00,27.37,40.36
168480337,24.63,48.11,223.00,27.37,40.40
168510386,24.68,48.17,221.00,27.36,40.42
168540433,24.62,48.33,221.00,27.36,40.54
168570481,24.59,48.43,221.00,27.36,40.51
168600528,24.57,48.47,220.00,27.34,40.51
168630578,24.58,48.43,221.00,27.37,40.50
168660625,24.55,48.47,221.00,27.36,40.53
168690673,24.54,48.46,220.00,27.34,40.54
168720720,24.53,48.43,220.00,27.34,40.51
168750769,24.55,48.50,220.00,27.34,40.54
168780819,24.51,48.52,221.00,27.36,40.54
168810867,24.53,48.57,222.00,27.36,40.55
168840916,24.55,48.59,224.00,27.33,40.59
168870965,24.54,48.58,225.00,27.36,40.55
168901012,24.54,48.62,226.00,27.36,40.54
168931060,24.60,48.60,224.00,27.37,40.66
168961108,24.61,48.65,226.00,27.34,40.64
168991156,24.64,48.60,227.00,27.36,40.73
169021204,24.66,48.56,227.00,27.36,40.72
169051251,24.69,48.57,227.00,27.36,40.75
169081299,24.70,48.56,227.00,27.39,40.71
169111347,24.71,48.59,228.00,27.39,40.71
169141398,24.68,48.59,229.00,27.39,40.75
169171445,24.67,48.64,231.00,27.39,40.80
169201494,24.66,48.53,233.00,27.39,40.79
169231541,24.66,48.54,234.00,27.37,40.72
169261589,24.66,48.69,236.00,27.36,40.76
169291636,24.63,48.58,235.00,27.36,40.77
169321684,24.63,48.50,234.00,27.39,40.70
169351732,24.65,48.48,234.00,27.37,40.66
169381780,24.63,48.52,234.00,27.37,40.66
169411827,24.61,48.50,233.00,27.40,40.62
169441875,24.63,48.52,233.00,27.40,40.65
169471923,24.64,48.56,233.00,27.42,40.68
169501974,24.63,48.57,236.00,27.42,40.63
169532021,24.65,48.59,238.00,27.39,40.68
169562070,24.64,48.59,240.00,27.42,40.69
169592118,24.66,48.61,240.00,27.39,40.72
169622166,24.67,48.65,241.00,27.42,40.69
169652215,24.66,48.71,242.00,27.42,40.73
169682264,24.63,48.71,244.00,27.42,40.70
169712312,24.65,48.75,244.00,27.43,40.78
169742360,24.66,48.78,244.00,27.43,40.75
169772407,24.66,48.74,245.00,27.40,40.78
169802456,24.67,48.75,246.00,27.42,40.80
169832503,24.67,48.77,243.00,27.42,40.83
169862554,24.67,48.75,243.00,27.44,40.81
169892601,24.69,48.68,244.00,27.44,40.79
169922650,24.72,48.65,244.00,27.42,40.80
169952697,24.71,48.66,246.00,27.42,40.78
169982745,24.75,48.62,247.00,27.44,40.77
170012793,24.73,48.66,246.00,27.46,40.80
170042842,24.75,48.66,247.00,27.44,40.78
170072890,24.77,48.55,248.00,27.46,40.77
170102937,24.78,48.54,247.00,27.44,40.78
170132985,24.79,48.63,246.00,27.43,40.81
170163033,24.78,48.65,247.00,27.46,40.80
170193081,24.79,48.70,246.00,27.49,40.84
170223131,24.80,48.61,247.00,27.47,40.84
170253179,24.77,48.56,248.00,27.44,40.78
170283227,24.74,48.55,248.00,27.47,40.75
170313275,24.72,48.53,248.00,27.44,40.70
170343323,24.72,48.55,247.00,27.46,40.69
170373371,24.74,48.53,246.00,27.46,40.68
170403419,24.72,48.49,246.00,27.46,40.65
170433467,24.73,48.39,246.00,27.47,40.62
170463516,24.70,48.48,245.00,27.47,40.62
170493565,24.71,48.35,245.00,27.49,40.55
170523613,24.73,48.29,247.00,27.52,40.55
170553661,24.75,48.39,246.00,27.49,40.57
170583708,24.74,48.43,245.00,27.50,40.55
170613760,24.74,48.45,242.00,27.50,40.54
170643807,24.72,48.53,241.00,27.47,40.61
170673855,24.73,48.57,237.00,27.47,40.57
170703902,24.69,48.64,236.00,27.49,40.61
170733950,24.69,48.67,235.00,27.49,40.63
170763999,24.67,48.74,236.00,27.47,40.67
170794047,24.66,48.74,236.00,27.47,40.72
170824094,24.64,48.72,236.00,27.46,40.67
170854142,24.62,48.83,238.00,27.46,40.69
170884190,24.64,48.76,240.00,27.44,40.65
170914238,24.64,48.74,243.00,27.46,40.68
170944286,24.64,48.79,243.00,27.46,40.69
170974337,24.67,48.63,241.00,27.47,40.67
171004385,24.63,48.54,239.00,27.47,40.64
171034433,24.65,48.61,237.00,27.46,40.56
millis,T_SHT40,RH_SHT40,CO2_SCD30,T_SCD30,RH_SCD30
623,28.09,40.00,0.00,27.82,37.04
30680,28.14,39.89,501.00,28.13,36.98
60727,28.15,39.86,515.00,28.49,36.59
90774,28.15,39.94,525.00,28.71,36.32
120821,28.19,39.93,532.00,28.89,36.11
150875,28.18,40.00,532.00,29.04,35.99
180922,28.20,40.19,530.00,29.17,35.96
210970,28.17,40.77,534.00,29.28,36.12
241020,28.18,41.19,536.00,29.37,36.26
271068,28.20,41.32,542.00,29.45,36.45
301115,28.20,41.29,552.00,29.56,36.41
331163,28.23,41.50,562.00,29.63,36.43
361210,28.20,41.58,565.00,29.72,36.34
391259,28.15,41.63,565.00,29.77,36.27
421306,28.08,41.81,561.00,29.83,36.24
451354,28.09,41.84,560.00,29.87,36.19
481402,28.08,41.79,556.00,29.95,36.16
511450,28.02,41.99,551.00,29.96,36.09
541498,27.99,42.07,545.00,30.01,36.15
571545,27.98,42.13,540.00,30.07,36.08
601592,27.98,42.11,535.00,30.06,36.05
631640,27.93,42.17,528.00,30.11,36.05
661691,27.93,42.16,518.00,30.13,36.10
691738,27.88,42.26,504.00,30.16,36.03
721785,27.88,42.37,495.00,30.17,36.04
751833,27.88,42.44,488.00,30.18,36.07
781881,27.89,42.58,481.00,30.21,36.06
811928,27.87,42.62,477.00,30.24,36.09
841976,27.87,42.68,473.00,30.24,36.13
872024,27.85,42.62,470.00,30.24,36.11
902071,27.85,42.74,466.00,30.24,36.09
932118,27.85,42.77,462.00,30.28,36.12
962168,27.85,42.84,454.00,30.28,36.15
992216,27.87,42.86,438.00,30.31,36.18
1022263,27.87,42.98,432.00,30.31,36.25
1052320,27.86,43.17,426.00,30.31,36.32
1082369,27.82,43.27,418.00,30.31,36.36
1112416,27.84,43.45,413.00,30.34,36.49
1142464,27.84,43.54,410.00,30.34,36.55
1172511,27.85,43.65,406.00,30.35,36.62
1202560,27.84,43.88,402.00,30.35,36.74
1232607,27.83,44.06,398.00,30.35,36.81
1262655,27.84,44.10,395.00,30.38,36.84
1292702,27.85,44.33,392.00,30.35,37.04
1322749,27.83,44.47,391.00,30.37,37.13
1352798,27.84,44.57,389.00,30.38,37.24
1382845,27.82,44.68,388.00,30.39,37.26
1412893,27.84,44.82,385.00,30.38,37.37
1442942,27.82,44.95,385.00,30.37,37.46
1472991,27.85,45.05,380.00,30.37,37.51
1503038,27.81,45.13,378.00,30.41,37.61
1533086,27.83,45.24,376.00,30.41,37.62
1563133,27.83,45.36,376.00,30.38,37.76
1593182,27.81,45.47,375.00,30.41,37.79
1623230,27.81,45.59,374.00,30.41,37.87
1653278,27.80,45.70,373.00,30.43,37.95
1683325,27.83,45.79,372.00,30.41,38.01
1713374,27.83,45.84,371.00,30.44,38.04
1743423,27.83,45.89,371.00,30.43,38.12
1773471,27.86,45.83,369.00,30.41,38.09
1803521,27.84,46.03,366.00,30.44,38.23
1833569,27.81,46.10,364.00,30.45,38.31
1863616,27.83,46.29,364.00,30.44,38.32
1893664,27.82,46.43,360.00,30.43,38.51
1923712,27.81,46.45,359.00,30.43,38.47
1953760,27.81,46.54,357.00,30.44,38.65
1983807,27.83,46.66,359.00,30.41,38.71
2013855,27.83,46.65,362.00,30.43,38.75
2043904,27.83,46.67,362.00,30.41,38.81
2073951,27.87,46.70,360.00,30.44,38.82
2103999,27.87,46.79,362.00,30.43,38.88
2134047,27.86,46.84,360.00,30.44,38.91
2164096,27.84,47.00,359.00,30.43,39.00
2194145,27.84,46.96,359.00,30.48,39.07
2224193,27.83,47.03,359.00,30.44,39.03
2254240,27.87,46.98,359.00,30.45,39.03
2284289,27.88,47.05,356.00,30.47,39.09
2314336,27.90,47.09,353.00,30.48,39.16
2344384,27.92,47.03,352.00,30.48,39.18
2374431,27.95,46.53,351.00,30.52,39.09
2404480,27.96,46.34,348.00,30.51,38.87
2434527,27.99,46.36,346.00,30.55,38.96
2464575,27.98,46.44,345.00,30.56,38.88
2494622,28.00,46.22,343.00,30.56,38.92
2524670,27.98,46.79,342.00,30.58,39.08
2554720,28.00,46.60,341.00,30.61,39.02
2584770,27.99,46.48,340.00,30.61,38.96
2614818,27.99,46.72,341.00,30.61,38.91
2644867,28.00,46.52,340.00,30.64,38.97
2674914,28.02,46.18,338.00,30.66,38.97
2704962,28.01,46.67,335.00,30.66,38.95
2735009,28.02,46.53,333.00,30.64,39.00
2765057,28.02,46.73,333.00,30.68,39.03
2795104,28.01,46.61,333.00,30.68,38.91
2825152,28.02,46.55,332.00,30.68,39.00
2855199,28.00,46.74,331.00,30.74,39.03
2885248,28.04,47.07,331.00,30.74,39.15
2915297,28.00,46.62,330.00,30.74,39.20
2945344,28.01,46.64,328.00,30.71,39.11
2975395,28.00,46.95,322.00,30.74,39.10
3005443,27.98,47.15,321.00,30.74,39.28
3035491,27.99,46.99,319.00,30.72,39.24
3065538,27.97,47.14,316.00,30.74,39.20
3095586,27.98,47.40,312.00,30.72,39.38
3125634,27.98,47.34,312.00,30.76,39.49
3155682,27.98,47.05,314.00,30.75,39.38
3185729,27.99,47.00,312.00,30.74,39.33
3215777,28.02,46.66,310.00,30.75,39.33
3245825,27.98,47.15,310.00,30.75,39.26
3275873,27.96,47.19,309.00,30.74,39.31
3305920,27.98,47.15,304.00,30.76,39.38
3335968,28.00,47.44,299.00,30.76,39.41
3366021,27.99,47.30,297.00,30.72,39.38
3396069,27.98,47.26,296.00,30.76,39.23
3426116,27.96,47.29,292.00,30.76,39.39
3456164,27.95,47.08,293.00,30.78,39.31
3486212,27.96,47.04,292.00,30.78,39.31
3516260,27.95,47.37,292.00,30.76,39.31
3546307,27.94,47.16,293.00,30.78,39.26
3576355,27.93,47.12,292.00,30.76,39.41
3606403,27.95,47.45,292.00,30.75,39.41
3636451,27.97,47.41,295.00,30.76,39.48
3666498,27.96,47.23,296.00,30.75,39.39
3696546,27.94,47.33,298.00,30.76,39.32
3726596,27.93,47.38,300.00,30.76,39.32
3756644,27.93,47.32,299.00,30.76,39.35
3786694,27.95,47.34,300.00,30.76,39.47
3816741,27.96,47.08,301.00,30.78,39.39
3846789,27.96,47.11,301.00,30.78,39.42
3876836,27.96,47.20,300.00,30.75,39.36
3906884,27.93,47.30,298.00,30.76,39.48
3936931,27.92,47.34,298.00,30.76,39.35
3966980,27.93,47.44,299.00,30.76,39.43
3997027,27.94,47.10,298.00,30.76,39.39
4027075,27.92,47.49,298.00,30.78,39.46
4057122,27.92,47.77,297.00,30.76,39.48
4087171,27.90,47.60,294.00,30.76,39.55
4117220,27.94,47.43,293.00,30.75,39.56
4147268,27.92,47.34,294.00,30.78,39.52
4177317,27.92,47.55,295.00,30.76,39.56
4207366,27.94,47.31,294.00,30.74,39.57
4237413,27.94,47.61,294.00,30.74,39.48
4267461,27.93,47.36,297.00,30.75,39.52
4297508,27.92,47.68,298.00,30.75,39.45
4327557,27.93,47.58,300.00,30.75,39.48
4357604,27.90,48.01,301.00,30.74,39.65
4387652,27.90,47.72,299.00,30.76,39.63
4417699,27.92,47.53,299.00,30.75,39.63
4447747,27.92,47.67,300.00,30.74,39.64
4477794,27.92,47.71,301.00,30.75,39.64
4507850,27.92,47.49,303.00,30.75,39.51
4537899,27.92,47.52,304.00,30.75,39.60
4567946,27.93,47.77,304.00,30.75,39.51
4597994,27.92,47.68,303.00,30.75,39.68
4628041,27.92,47.70,301.00,30.75,39.69
4658089,27.91,47.63,301.00,30.75,39.63
4688137,27.91,47.59,299.00,30.75,39.63
4718185,27.92,47.43,298.00,30.75,39.41
4748232,27.92,47.66,297.00,30.74,39.47
4778280,27.90,47.67,296.00,30.74,39.65
4808329,27.91,47.65,297.00,30.74,39.66
4838376,27.94,47.32,295.00,30.76,39.74
4868424,27.92,47.58,296.00,30.75,39.58
4898475,27.92,47.61,296.00,30.79,39.68
4928522,27.90,47.47,296.00,30.74,39.69
4958570,27.88,47.61,300.00,30.76,39.72
4988619,27.88,47.60,300.00,30.72,39.61
5018668,27.88,47.54,299.00,30.74,39.56
5048715,27.89,47.54,300.00,30.72,39.48
5078763,27.86,47.39,300.00,30.75,39.39
5108810,27.80,47.76,297.00,30.74,39.41
5138859,27.83,47.57,293.00,30.74,39.57
5168906,27.79,47.67,291.00,30.74,39.41
5198954,27.80,47.64,287.00,30.72,39.47
5229001,27.81,47.65,285.00,30.72,39.52
5259049,27.83,47.45,285.00,30.71,39.47
5289101,27.85,48.07,286.00,30.75,39.79
5319148,27.85,47.63,288.00,30.71,39.69
5349196,27.83,47.76,290.00,30.72,39.75
5379244,27.81,47.70,291.00,30.74,39.58
5409292,27.79,47.98,292.00,30.72,39.61
5439339,27.72,48.13,290.00,30.72,39.67
5469387,27.68,47.91,290.00,30.71,39.58
5499435,27.68,48.08,288.00,30.69,39.58
5529483,27.64,48.15,284.00,30.69,39.57
5559530,27.58,48.27,282.00,30.68,39.62
5589578,27.57,48.29,279.00,30.68,39.63
5619625,27.54,48.35,276.00,30.62,39.60
5649676,27.52,48.18,275.00,30.64,39.56
5679723,27.56,48.17,275.00,30.62,39.49
5709771,27.52,48.10,272.00,30.65,39.54
5739819,27.53,47.93,271.00,30.62,39.52
5769867,27.53,48.03,267.00,30.62,39.49
5799916,27.59,47.80,267.00,30.61,39.49
5829964,27.56,48.05,267.00,30.61,39.48
5860013,27.57,47.92,266.00,30.58,39.54
5890060,27.56,47.92,264.00,30.59,39.48
5920108,27.52,48.00,263.00,30.59,39.53
5950155,27.49,48.04,262.00,30.61,39.47
5980204,27.49,47.92,262.00,30.59,39.56
6010251,27.52,47.86,261.00,30.58,39.42
6040301,27.48,48.17,260.00,30.56,39.46
6070349,27.50,47.98,259.00,30.55,39.50
6100397,27.52,47.83,258.00,30.55,39.46
6130445,27.54,48.09,258.00,30.55,39.45
6160492,27.49,48.20,259.00,30.56,39.51
6190540,27.48,48.04,259.00,30.54,39.52
6220588,27.48,48.10,257.00,30.54,39.47
6250636,27.50,48.18,256.00,30.54,39.60
6280683,27.46,48.21,257.00,30.52,39.52
6310731,27.45,48.25,257.00,30.51,39.59
6340779,27.46,48.09,257.00,30.51,39.57
6370827,27.49,47.92,259.00,30.50,39.49
6400874,27.47,48.07,260.00,30.50,39.57
6430925,27.52,47.92,262.00,30.51,39.60
6460973,27.50,47.87,261.00,30.50,39.53
6491021,27.52,47.76,259.00,30.50,39.49
6521068,27.52,47.99,259.00,30.50,39.49
6551116,27.50,48.03,260.00,30.50,39.53
6581164,27.50,48.15,258.00,30.50,39.50
6611214,27.43,48.13,260.00,30.48,39.54
6641261,27.42,48.01,258.00,30.50,39.50
6671309,27.43,48.10,257.00,30.50,39.50
6701357,27.42,48.20,257.00,30.50,39.58
6731405,27.35,48.35,254.00,30.45,39.58
6761452,27.33,48.08,254.00,30.45,39.57
6791500,27.29,48.33,253.00,30.45,39.62
6821551,27.29,48.23,253.00,30.41,39.58
6851598,27.25,48.47,252.00,30.41,39.64
6881645,27.24,48.50,255.00,30.41,39.63
6911693,27.22,48.45,253.00,30.41,39.63
6941742,27.21,48.42,252.00,30.39,39.61
6971789,27.19,48.53,251.00,30.39,39.63
7001837,27.20,48.42,249.00,30.35,39.63
7031884,27.17,48.59,245.00,30.35,39.70
7061932,27.18,48.60,244.00,30.35,39.69
7091979,27.16,48.53,243.00,30.34,39.76
7122027,27.16,48.55,243.00,30.34,39.71
7152074,27.16,48.58,244.00,30.32,39.67
7182123,27.18,48.64,243.00,30.31,39.77
7212173,27.17,48.60,242.00,30.32,39.79
7242221,27.17,48.61,244.00,30.31,39.80
7272268,27.19,48.59,245.00,30.30,39.76
7302316,27.20,48.71,243.00,30.30,39.82
7332363,27.24,48.47,242.00,30.27,39.82
7362411,27.24,48.48,241.00,30.28,39.81
7392458,27.24,48.51,241.00,30.28,39.81
7422509,27.25,48.50,243.00,30.28,39.89
7452556,27.26,48.39,244.00,30.28,39.84
7482604,27.27,48.28,245.00,30.28,39.80
7512651,27.28,48.33,246.00,30.30,39.76
7542700,27.34,48.18,246.00,30.31,39.76
7572749,27.34,47.98,248.00,30.30,39.72
7602797,27.38,48.16,248.00,30.30,39.76
7632844,27.35,48.23,248.00,30.28,39.81
7662893,27.37,48.15,250.00,30.28,39.84
7692940,27.34,48.30,251.00,30.28,39.84
7722988,27.33,48.37,252.00,30.30,39.88
7753036,27.30,48.53,251.00,30.30,39.93
7783084,27.29,48.31,254.00,30.28,39.98
7813131,27.29,48.58,255.00,30.30,39.90
7843179,27.28,48.51,256.00,30.28,39.92
7873226,27.27,48.55,257.00,30.30,39.99
7903275,27.25,48.66,257.00,30.28,39.98
7933322,27.25,48.77,257.00,30.27,39.97
7963373,27.22,48.57,258.00,30.28,39.99
7993420,27.24,48.77,257.00,30.30,39.99
8023469,27.21,48.74,258.00,30.28,40.05
8053516,27.20,48.90,258.00,30.28,40.02
8083564,27.21,48.74,258.00,30.27,39.97
8113612,27.18,48.87,257.00,30.30,40.06
8143660,27.15,48.88,257.00,30.30,40.09
8173708,27.13,48.87,259.00,30.26,40.12
8203756,27.12,48.89,256.00,30.26,40.08
8233805,27.14,48.86,254.00,30.24,40.09
8263854,27.21,48.74,253.00,30.26,40.01
8293902,27.20,48.81,252.00,30.24,40.04
8323949,27.25,48.62,254.00,30.24,40.03
8353999,27.22,48.83,254.00,30.27,40.08
8384047,27.22,48.87,255.00,30.23,40.11
8414095,27.20,48.83,258.00,30.26,40.10
8444142,27.18,48.84,258.00,30.23,40.11
8474190,27.17,48.89,259.00,30.24,40.17
8504238,27.16,48.78,260.00,30.23,40.14
8534286,27.15,48.84,259.00,30.21,40.14
8564333,27.13,48.89,260.00,30.24,40.16
8594381,27.14,48.77,260.00,30.24,40.11
8624430,27.11,48.99,261.00,30.24,40.09
8654477,27.14,48.88,263.00,30.20,40.14
8684525,27.16,48.83,262.00,30.23,40.13
8714573,27.17,48.73,262.00,30.23,40.08
8744623,27.16,48.77,260.00,30.21,40.09
8774671,27.17,48.81,259.00,30.24,40.11
8804718,27.20,48.61,259.00,30.23,40.12
8834766,27.18,48.82,257.00,30.23,40.13
8864814,27.20,48.84,256.00,30.23,40.19
8894862,27.19,48.75,257.00,30.23,40.08
8924909,27.17,48.73,256.00,30.26,40.16
8954957,27.19,48.79,256.00,30.23,40.14
8985005,27.18,48.85,255.00,30.21,40.14
9015053,27.20,48.68,255.00,30.21,40.08
9045102,27.20,48.68,258.00,30.21,40.05
9075150,27.22,48.73,260.00,30.21,40.25
9105198,27.26,48.69,263.00,30.20,40.18
9135249,27.28,48.50,265.00,30.21,40.14
9165296,27.26,48.73,264.00,30.23,40.20
9195344,27.28,48.77,266.00,30.23,40.20
9225393,27.23,48.83,268.00,30.24,40.23
9255440,27.25,48.65,267.00,30.23,40.17
9285488,27.24,48.87,268.00,30.23,40.30
9315535,27.25,48.58,268.00,30.23,40.24
9345584,27.29,48.51,267.00,30.26,40.44
9375631,27.35,48.59,269.00,30.23,40.32
9405679,27.40,48.50,273.00,30.26,40.40
9435726,27.45,48.49,280.00,30.28,40.40
9465775,27.48,48.77,286.00,30.28,40.49
9495825,27.51,48.82,342.00,30.27,40.56
9525873,27.45,48.84,341.00,30.28,40.49
9555920,27.34,49.05,339.00,30.27,40.61
9585969,27.33,49.10,333.00,30.26,40.57
9616016,27.34,49.18,330.00,30.24,40.62
9646064,27.34,49.26,330.00,30.23,40.71
9676111,27.39,49.31,333.00,30.24,40.75
9706160,27.38,49.13,339.00,30.24,40.73
9736207,27.40,49.16,343.00,30.23,40.82
9766255,27.40,49.21,344.00,30.21,40.79
9796302,27.41,49.30,345.00,30.23,40.83
9826351,27.42,49.31,345.00,30.21,40.92
9856400,27.44,49.34,350.00,30.21,40.96
9886450,27.45,49.31,352.00,30.23,40.97
9916498,27.49,49.15,354.00,30.24,40.95
9946546,27.53,49.30,354.00,30.24,41.03
9976594,27.54,49.05,354.00,30.26,40.99
10006642,27.57,49.12,354.00,30.26,40.95
10036690,27.53,49.23,356.00,30.26,41.00
10066738,27.54,49.09,358.00,30.24,41.00
10096786,27.52,49.17,358.00,30.26,41.01
10126833,27.50,49.21,359.00,30.27,40.99
10156881,27.51,49.30,359.00,30.24,41.01
10186929,27.51,49.25,358.00,30.26,41.06
10216976,27.45,49.75,358.00,30.26,41.15
10247024,27.35,49.67,359.00,30.23,41.18
10277074,27.21,49.77,357.00,30.21,41.13
10307122,27.01,50.38,354.00,30.17,41.08
10337170,26.91,50.45,348.00,30.13,41.29
10367217,26.79,50.69,334.00,30.08,41.14
10397265,26.76,50.70,328.00,30.03,41.29
10427313,26.66,50.84,320.00,29.96,41.27
10457361,26.63,50.99,312.00,29.89,41.44
10487408,26.55,51.19,307.00,29.82,41.53
10517456,26.58,51.11,304.00,29.76,41.64
10547504,26.64,50.91,304.00,29.70,41.69
10577552,26.71,50.80,307.00,29.69,41.74
10607599,26.67,50.87,308.00,29.63,41.79
10637650,26.63,50.93,309.00,29.58,41.92
10667700,26.66,50.81,307.00,29.56,41.95
10697748,26.62,50.83,304.00,29.53,41.94
10727795,26.64,50.88,303.00,29.49,41.94
10757843,26.65,50.93,302.00,29.46,42.08
10787891,26.51,51.07,300.00,29.44,42.09
10817939,26.40,51.17,295.00,29.42,42.13
10847987,26.35,51.28,291.00,29.39,42.19
10878035,26.25,51.51,285.00,29.37,42.23
10908083,26.22,51.59,278.00,29.28,42.16
10938131,26.11,51.82,267.00,29.25,42.36
10968178,26.08,51.93,258.00,29.22,42.43
10998226,26.20,51.71,257.00,29.18,42.48
11028278,26.32,51.48,259.00,29.14,42.62
11058325,26.45,51.25,265.00,29.11,42.67
11088373,26.44,51.34,270.00,29.11,42.76
11118420,26.42,51.41,271.00,29.08,42.77
11148469,26.39,51.39,274.00,29.11,42.80
11178516,26.49,51.38,275.00,29.07,42.82
11208564,26.52,51.13,277.00,29.08,42.93
11238611,26.61,51.05,279.00,29.04,42.87
11268660,26.61,50.93,282.00,29.07,42.98
11298707,26.54,51.08,284.00,29.05,42.88
11328755,26.51,51.16,285.00,29.08,42.93
11358803,26.57,51.07,288.00,29.05,43.00
11388854,26.59,51.09,288.00,29.07,43.02
11418901,26.58,50.94,292.00,29.08,43.00
11448949,26.47,51.19,292.00,29.08,42.90
11479000,26.51,51.16,290.00,29.10,42.95
11509048,26.50,51.20,292.00,29.10,42.90
11539095,26.56,51.16,292.00,29.08,43.02
11569143,26.60,50.99,293.00,29.08,43.02
11599191,26.61,50.95,293.00,29.08,42.98
11629239,26.56,51.13,293.00,29.08,43.03
11659286,26.52,50.98,295.00,29.07,42.95
11689334,26.45,51.10,293.00,29.10,42.98
11719382,26.46,51.30,292.00,29.08,42.96
11749430,26.36,51.31,287.00,29.07,42.99
11779480,26.44,51.34,282.00,29.08,43.00
11809528,26.47,51.15,279.00,29.07,43.03
11839576,26.47,51.19,278.00,29.08,42.99
11869624,26.44,51.35,276.00,29.05,43.00
11899671,26.46,51.34,275.00,29.04,43.06
11929720,26.51,51.27,276.00,29.05,43.12
11959768,26.46,51.24,276.00,29.08,43.08
11989816,26.48,51.32,277.00,29.04,43.17
12019864,26.42,51.42,277.00,29.04,43.14
12049911,26.40,51.33,277.00,29.04,43.13
12079960,26.37,51.50,276.00,29.04,43.16
12110007,26.46,51.44,276.00,29.02,43.19
12140057,26.40,51.64,276.00,29.04,43.22
12170105,26.49,51.33,275.00,29.05,43.33
12200154,26.56,51.23,278.00,29.04,43.21
12230201,26.56,51.28,277.00,29.04,43.22
12260249,26.55,51.22,278.00,29.01,43.22
12290298,26.59,51.02,279.00,29.02,43.28
12320347,26.56,51.18,277.00,29.01,43.28
12350395,26.56,51.17,277.00,29.02,43.30
12380443,26.42,51.52,274.00,29.01,43.35
12410490,26.46,51.54,274.00,29.01,43.41
12440539,26.50,51.55,274.00,28.98,43.46
12470586,26.37,51.66,278.00,28.98,43.46
12500634,26.40,51.71,277.00,29.00,43.49
12530684,26.47,51.38,278.00,28.98,43.44
12560733,26.53,51.34,276.00,29.00,43.44
12590780,26.57,51.22,274.00,28.94,43.50
12620828,26.51,51.39,274.00,28.95,43.50
12650875,26.39,51.72,273.00,28.97,43.51
12680924,26.44,51.46,273.00,28.95,43.49
12710971,26.36,51.58,273.00,28.94,43.43
12741019,26.38,51.68,272.00,28.95,43.55
12771066,26.35,51.70,272.00,28.95,43.51
12801116,26.30,51.70,272.00,28.91,43.48
12831163,26.27,51.84,270.00,28.91,43.51
12861211,26.35,51.74,271.00,28.91,43.61
12891260,26.48,51.45,272.00,28.89,43.57
12921309,26.50,51.30,273.00,28.90,43.59
12951356,26.42,51.45,272.00,28.90,43.53
12981404,26.53,51.39,273.00,28.87,43.66
13011451,26.57,51.18,273.00,28.90,43.53
13041500,26.61,51.15,271.00,28.89,43.61
13071547,26.63,51.03,271.00,28.90,43.61
13101597,26.65,51.07,272.00,28.91,43.61
13131644,26.56,51.06,271.00,28.89,43.66
13161693,26.58,51.20,270.00,28.91,43.66
13191740,26.52,51.27,271.00,28.90,43.60
13221788,26.57,51.21,269.00,28.91,43.60
13251835,26.58,51.22,270.00,28.91,43.64
13281887,26.68,51.00,270.00,28.90,43.61
13311935,26.68,50.90,270.00,28.94,43.59
13341982,26.74,50.86,269.00,28.95,43.61
13372030,26.59,51.08,269.00,28.94,43.55
13402078,26.44,51.34,268.00,28.97,43.54
13432126,26.41,51.49,268.00,28.94,43.56
13462173,26.36,51.64,266.00,28.95,43.56
13492221,26.24,52.00,264.00,28.93,43.60
13522269,26.25,51.91,263.00,28.91,43.59
13552316,26.26,51.75,263.00,28.90,43.64
13582364,26.09,52.16,263.00,28.90,43.66
13612411,26.19,52.08,262.00,28.89,43.64
13642462,26.15,52.01,261.00,28.87,43.69
13672510,26.17,52.04,262.00,28.86,43.63
13702557,26.18,52.20,260.00,28.83,43.76
13732605,26.35,51.84,260.00,28.80,43.89
13762654,26.43,51.73,261.00,28.83,43.90
13792702,26.51,51.61,263.00,28.81,44.02
13822749,26.36,51.72,265.00,28.80,43.93
13852797,26.30,51.96,267.00,28.83,44.01
13882845,26.39,51.83,268.00,28.77,44.00
13912893,26.35,51.92,267.00,28.81,43.98
13942942,26.23,52.29,266.00,28.79,44.04
13972990,26.21,52.34,266.00,28.81,44.02
14003038,26.03,52.64,265.00,28.81,44.03
14033089,26.00,52.81,263.00,28.79,44.13
14063136,26.04,52.79,262.00,28.79,44.18
14093185,25.93,53.00,262.00,28.74,44.17
14123232,25.98,53.06,261.00,28.73,44.19
14153280,25.91,53.10,260.00,28.71,44.27
14183328,25.93,53.15,258.00,28.64,44.38
14213377,26.01,53.04,259.00,28.67,44.43
14243424,25.99,53.20,259.00,28.66,44.48
14273472,25.85,53.44,259.00,28.64,44.50
14303520,25.81,53.64,260.00,28.60,44.60
14333568,25.74,53.62,261.00,28.59,44.54
14363616,25.61,54.07,260.00,28.56,44.67
14393665,25.49,54.22,260.00,28.53,44.63
14423713,25.44,54.35,256.00,28.49,44.67
14453762,25.37,54.44,255.00,28.46,44.74
14483810,25.36,54.50,254.00,28.42,44.76
14513857,25.39,54.31,253.00,28.39,44.77
14543905,25.45,54.30,252.00,28.36,44.84
14573953,25.46,54.22,251.00,28.32,44.87
14604001,25.50,54.06,248.00,28.29,44.95
14634048,25.60,53.92,246.00,28.26,44.97
14664096,25.70,53.64,245.00,28.25,44.98
14694144,25.74,53.52,244.00,28.26,45.04
14724192,25.80,53.38,244.00,28.23,45.10
14754241,25.88,53.38,244.00,28.23,45.18
14784292,25.87,53.22,247.00,28.26,45.10
14814340,25.89,53.20,249.00,28.25,45.11
14844388,25.85,53.19,252.00,28.28,45.04
14874435,25.84,53.30,253.00,28.28,45.13
14904483,25.83,53.28,255.00,28.28,45.12
14934531,25.84,53.35,253.00,28.31,45.10
14964579,25.88,53.26,252.00,28.31,45.12
14994627,25.89,53.19,255.00,28.32,45.14
15024675,25.91,53.21,256.00,28.33,45.01
15054723,25.98,53.01,257.00,28.31,45.17
15084771,25.89,53.14,258.00,28.32,45.11
15114818,25.89,53.12,257.00,28.32,45.05
15144869,25.97,53.04,259.00,28.36,45.03
15174917,25.93,52.95,260.00,28.36,45.01
15204965,25.89,53.03,259.00,28.38,44.97
15235013,25.76,53.18,259.00,28.36,44.95
15265060,25.79,53.26,257.00,28.35,44.88
15295109,25.80,53.16,257.00,28.36,44.94
15325156,25.80,53.24,255.00,28.36,44.91
15355204,25.77,53.34,255.00,28.36,44.96
15385251,25.68,53.38,256.00,28.35,44.97
15415300,25.70,53.52,256.00,28.33,44.93
15445347,25.70,53.43,257.00,28.32,44.99
15475395,25.58,53.59,258.00,28.35,44.90
15505443,25.55,53.70,259.00,28.29,44.88
15535496,25.49,53.75,260.00,28.29,44.94
15565544,25.51,53.87,261.00,28.26,44.96
15595592,25.49,53.77,262.00,28.26,44.95
15625639,25.50,53.80,262.00,28.25,44.96
15655688,25.43,53.96,260.00,28.23,45.00
15685735,25.40,54.09,260.00,28.19,45.10
15715783,25.47,53.89,262.00,28.19,45.07
15745830,25.50,53.84,262.00,28.16,45.09
15775879,25.57,53.76,265.00,28.15,45.15
15805926,25.58,53.58,266.00,28.11,45.13
15835974,25.62,53.74,266.00,28.15,45.28
15866022,25.76,53.41,268.00,28.09,45.32
15896073,25.86,53.11,271.00,28.12,45.32
15926120,25.85,53.13,275.00,28.16,45.29
15956168,25.83,53.14,278.00,28.15,45.30
15986215,25.89,52.97,280.00,28.16,45.29
16016264,25.86,52.87,279.00,28.18,45.22
16046312,25.86,52.97,277.00,28.19,45.23
16076359,25.90,52.88,278.00,28.15,45.16
16106407,25.82,52.91,281.00,28.19,45.15
16136455,25.80,53.08,282.00,28.23,45.16
16166503,25.75,53.18,282.00,28.22,45.10
16196550,25.83,53.15,281.00,28.21,45.14
16226598,25.85,52.97,281.00,28.22,45.15
16256646,25.77,53.16,280.00,28.23,45.11
16286697,25.88,52.94,279.00,28.23,45.11
16316744,25.83,52.97,279.00,28.22,45.10
16346792,25.84,53.18,279.00,28.25,45.12
16376842,25.91,52.82,278.00,28.28,45.12
16406890,25.97,52.59,277.00,28.31,45.02
16436937,25.98,52.44,274.00,28.35,44.96
16466985,26.01,52.38,268.00,28.38,44.88
16497033,26.06,52.07,262.00,28.42,44.77
16527081,26.13,52.01,260.00,28.46,44.66
16557128,26.19,51.89,259.00,28.52,44.55
16587176,26.24,52.13,258.00,28.54,44.55
16617224,26.27,51.78,260.00,28.56,44.60
16647274,26.28,51.89,264.00,28.64,44.50
16677321,26.35,51.64,264.00,28.64,44.42
16707369,26.34,51.62,264.00,28.71,44.32
16737418,26.30,51.69,265.00,28.74,44.26
16767466,26.32,51.73,266.00,28.79,44.23
16797513,26.32,51.67,265.00,28.84,44.13
16827561,26.34,51.82,264.00,28.84,44.12
16857609,26.33,51.67,263.00,28.87,44.05
16887657,26.33,51.65,263.00,28.90,43.97
16917704,26.33,51.85,261.00,28.93,43.97
16947752,26.30,51.95,260.00,28.94,44.01
16977801,26.27,52.09,258.00,28.95,44.01
17007849,26.24,52.10,256.00,28.95,43.93
17037894,26.23,52.02,254.00,28.97,43.95
17067942,26.25,52.16,251.00,29.00,43.95
17097990,26.24,52.14,249.00,29.00,43.98
17128038,26.26,52.18,249.00,29.01,44.00
17158086,26.26,52.01,248.00,29.05,43.92
17188135,26.24,52.14,248.00,29.05,43.89
17218184,26.22,52.27,246.00,29.07,43.88
17248231,26.20,52.36,247.00,29.07,43.82
17278279,26.16,52.31,246.00,29.08,43.84
17308326,26.17,52.34,244.00,29.10,43.80
17338375,26.14,52.32,243.00,29.07,43.80
17368423,26.15,52.25,241.00,29.10,43.78
17398473,26.16,52.35,241.00,29.08,43.82
17428520,26.18,52.37,239.00,29.11,43.80
17458569,26.16,52.55,236.00,29.12,43.78
17488617,26.17,52.47,234.00,29.11,43.80
17518665,26.21,52.26,233.00,29.10,43.74
17548712,26.21,52.34,231.00,29.11,43.74
17578761,26.21,52.42,231.00,29.14,43.73
17608808,26.20,52.11,232.00,29.12,43.64
17638856,26.27,52.15,233.00,29.15,43.54
17668903,26.28,52.03,234.00,29.15,43.65
17698952,26.29,51.99,232.00,29.18,43.63
17728999,26.30,52.02,232.00,29.19,43.53
17759050,26.33,51.69,229.00,29.19,43.45
17789097,26.36,51.62,229.00,29.19,43.26
17819146,26.36,51.68,227.00,29.19,43.40
17849193,26.38,51.79,227.00,29.21,43.42
17879241,26.36,52.07,228.00,29.22,43.44
17909288,26.38,51.82,228.00,29.22,43.45
17939337,26.39,51.71,229.00,29.25,43.47
17969387,26.39,51.59,228.00,29.24,43.38
17999436,26.40,51.92,230.00,29.25,43.46
18029485,26.39,51.93,230.00,29.29,43.47
18059532,26.34,52.02,230.00,29.27,43.42
18089580,26.38,52.05,230.00,29.28,43.48
18119627,26.38,52.14,229.00,29.29,43.56
18149679,26.35,52.26,228.00,29.28,43.56
18179726,26.37,52.14,228.00,29.28,43.59
18209774,26.35,51.97,226.00,29.28,43.47
18239821,26.38,52.27,225.00,29.28,43.54
18269870,26.37,52.37,222.00,29.31,43.59
18299917,26.36,52.39,222.00,29.31,43.61
18329965,26.35,52.37,219.00,29.31,43.62
18360013,26.35,52.03,218.00,29.31,43.61
18390062,26.38,52.08,218.00,29.29,43.42
18420109,26.41,52.01,217.00,29.28,43.32
18450157,26.42,51.95,215.00,29.32,43.45
18480204,26.45,52.11,216.00,29.34,43.40
18510256,26.43,52.00,216.00,29.34,43.49
18540303,26.43,51.91,217.00,29.37,43.44
18570351,26.43,52.00,218.00,29.34,43.49
18600398,26.42,52.24,217.00,29.32,43.56
18630447,26.39,52.41,217.00,29.32,43.62
18660494,26.36,52.64,217.00,29.32,43.65
18690542,26.38,52.55,220.00,29.37,43.66
18720590,26.36,52.54,222.00,29.35,43.60
18750638,26.36,52.51,222.00,29.32,43.64
18780686,26.37,52.50,223.00,29.34,43.60
18810735,26.39,52.38,223.00,29.32,43.67
18840784,26.39,52.38,224.00,29.35,43.53
18870832,26.42,52.24,223.00,29.34,43.54
18900882,26.40,52.64,223.00,29.32,43.71
18930929,26.39,52.70,222.00,29.34,43.87
18960977,26.39,52.40,220.00,29.35,43.80
18991025,26.40,52.71,221.00,29.32,43.79
19021073,26.39,52.69,221.00,29.37,43.80
19051120,26.38,52.79,219.00,29.35,43.86
19081168,26.36,53.05,221.00,29.32,43.91
19111216,26.36,53.04,220.00,29.35,43.90
19141264,26.35,53.20,220.00,29.35,43.99
19171311,26.32,53.37,220.00,29.35,44.04
19201359,26.31,53.40,219.00,29.34,44.20
19231407,26.32,53.37,219.00,29.34,44.13
19261458,26.35,53.09,218.00,29.32,44.10
19291505,26.33,53.43,218.00,29.34,44.15
19321553,26.30,53.73,219.00,29.31,44.36
19351601,26.30,54.18,218.00,29.29,44.42
19381649,26.30,54.31,219.00,29.31,44.46
19411696,26.26,54.69,218.00,29.31,44.75
19441744,26.26,54.17,216.00,29.29,44.70
19471792,26.26,54.06,215.00,29.31,44.56
19501839,26.29,54.08,215.00,29.31,44.74
19531886,26.31,54.21,215.00,29.32,44.66
19561934,26.30,54.30,212.00,29.29,44.81
19591982,26.32,54.56,209.00,29.29,44.75
19622030,26.31,54.42,208.00,29.32,45.01
19652082,26.32,54.59,206.00,29.32,45.05
19682129,26.31,54.63,206.00,29.31,45.18
19712178,26.29,55.22,206.00,29.31,45.34
19742226,26.31,54.85,205.00,29.28,45.38
19772274,26.27,55.33,205.00,29.31,45.34
19802321,26.29,55.11,204.00,29.31,45.50
19832370,26.29,55.37,205.00,29.28,45.54
19862417,26.29,55.47,204.00,29.31,45.63
19892465,26.28,55.26,204.00,29.29,45.62
19922512,26.30,55.54,204.00,29.29,45.68
19952561,26.28,55.39,204.00,29.29,45.78
19982608,26.26,56.19,204.00,29.31,45.93
20012659,26.30,55.73,203.00,29.28,45.98
20042706,26.27,55.82,201.00,29.28,46.10
20072755,26.29,56.13,200.00,29.29,46.08
20102802,26.30,55.89,200.00,29.28,46.09
20132850,26.30,55.65,199.00,29.29,46.04
20162897,26.30,56.00,199.00,29.31,46.07
20192946,26.32,55.92,197.00,29.31,46.05
20222994,26.30,55.86,198.00,29.29,46.16
20253042,26.29,56.33,198.00,29.31,46.20
20283089,26.27,56.13,197.00,29.31,46.23
20313138,26.29,56.06,196.00,29.31,46.25
20343185,26.26,56.12,197.00,29.31,46.26
20373233,26.28,55.81,197.00,29.28,46.04
20403283,26.30,56.09,197.00,29.28,46.26
20433333,26.28,55.99,197.00,29.29,46.30
20463381,26.27,56.12,196.00,29.27,46.24
20493428,26.26,56.01,196.00,29.28,46.31
20523476,26.23,56.19,198.00,29.27,46.27
20553525,26.21,56.09,199.00,29.28,46.44
20583573,26.23,56.07,200.00,29.28,46.31
20613620,26.23,56.09,201.00,29.27,46.23
20643668,26.24,56.24,201.00,29.27,46.42
20673716,26.25,55.93,201.00,29.25,46.37
20703764,26.26,56.03,201.00,29.28,46.50
20733811,26.24,56.41,201.00,29.25,46.53
20763863,26.24,56.51,202.00,29.28,46.58
20793910,26.24,56.30,204.00,29.25,46.58
20823958,26.22,56.53,205.00,29.27,46.59
20854005,26.20,56.26,206.00,29.24,46.62
20884054,26.24,56.38,208.00,29.27,46.64
20914101,26.22,56.14,208.00,29.25,46.60
20944149,26.21,56.54,207.00,29.25,46.56
20974196,26.24,56.62,207.00,29.24,46.75
21004244,26.21,56.49,208.00,29.24,46.69
21034292,26.19,56.59,208.00,29.24,46.66
21064340,26.22,56.52,208.00,29.24,46.77
21094388,26.24,56.55,207.00,29.24,46.79
21124436,26.18,57.05,206.00,29.24,46.89
21154487,26.13,57.03,204.00,29.21,46.95
21184535,26.17,56.84,203.00,29.22,46.94
21214583,26.17,56.83,202.00,29.21,46.92
21244633,26.18,57.25,202.00,29.21,46.98
21274681,26.16,57.23,202.00,29.21,47.19
21304728,26.17,56.92,202.00,29.19,47.11
21334776,26.17,57.20,201.00,29.21,47.25
21364824,26.18,57.27,200.00,29.22,47.27
21394872,26.19,57.12,201.00,29.19,47.20
21424919,26.18,57.52,202.00,29.19,47.34
21454967,26.20,57.43,201.00,29.19,47.34
21485016,26.18,57.22,201.00,29.22,47.27
21515066,26.20,57.50,201.00,29.22,47.39
21545113,26.20,57.73,201.00,29.19,47.52
21575162,26.21,57.85,201.00,29.21,47.82
21605210,26.21,57.72,203.00,29.21,47.76
21635258,26.23,57.68,202.00,29.22,47.93
21665305,26.22,57.48,201.00,29.19,47.85
21695353,26.21,58.19,201.00,29.24,48.11
21725401,26.18,58.55,202.00,29.19,48.04
21755449,26.16,58.63,200.00,29.21,48.18
21785496,26.17,58.67,199.00,29.22,48.12
21815544,26.13,58.55,199.00,29.21,48.11
21845592,26.15,59.06,199.00,29.24,48.19
21875640,26.12,58.71,198.00,29.24,48.20
21905690,26.12,58.80,198.00,29.22,48.14
21935738,26.12,58.68,197.00,29.22,48.34
21965786,26.12,58.75,195.00,29.19,48.36
21995834,26.10,58.92,193.00,29.18,48.31
22025881,26.13,58.88,191.00,29.19,48.30
22055931,26.13,58.84,191.00,29.19,48.42
22085979,26.15,59.01,190.00,29.19,48.63
22116027,26.12,59.35,190.00,29.19,48.57
22146074,26.13,59.00,191.00,29.19,48.69
22176122,26.13,59.12,190.00,29.18,48.66
22206170,26.15,58.70,190.00,29.17,48.54
22236218,26.16,59.06,190.00,29.19,48.71
22266268,26.15,59.05,191.00,29.17,48.73
22296315,26.15,59.24,190.00,29.19,48.91
22326364,26.18,59.13,190.00,29.19,48.86
22356411,26.19,59.01,189.00,29.19,48.98
22386459,26.18,58.98,189.00,29.19,48.96
22416506,26.20,59.50,191.00,29.21,49.14
22446555,26.18,59.53,191.00,29.18,49.14
22476602,26.16,59.72,189.00,29.21,48.96
22506650,26.15,59.77,188.00,29.21,49.17
22536697,26.11,59.93,187.00,29.21,49.07
22566746,26.09,60.07,188.00,29.19,49.18
22596793,26.07,59.79,186.00,29.18,49.18
22626841,26.08,60.03,187.00,29.18,49.13
22656890,26.05,59.97,187.00,29.19,49.19
22686939,26.03,60.09,187.00,29.18,49.25
22716986,26.03,60.33,187.00,29.17,49.17
22747034,25.99,60.63,187.00,29.15,49.50
22777081,25.97,60.56,186.00,29.15,49.51
22807130,26.00,60.00,188.00,29.17,49.43
22837178,26.02,60.40,190.00,29.17,49.49
22867226,26.05,59.86,191.00,29.14,49.24
22897275,26.04,60.47,192.00,29.14,49.45
22927324,26.05,60.18,194.00,29.14,49.47
22957371,26.05,60.36,193.00,29.17,49.43
22987419,26.04,60.16,194.00,29.14,49.39
23017469,26.07,59.94,195.00,29.15,49.38
23047518,26.06,59.98,194.00,29.11,49.35
23077565,26.09,59.55,191.00,29.14,49.34
23107613,26.11,59.77,190.00,29.15,49.26
23137661,26.09,59.79,189.00,29.15,49.28
23167709,26.12,59.84,188.00,29.15,49.41
23197757,26.12,60.05,187.00,29.14,49.46
23227804,26.11,59.85,190.00,29.14,49.46
23257852,26.12,60.10,190.00,29.15,49.47
23287900,26.12,59.95,191.00,29.12,49.67
23317948,26.12,59.98,193.00,29.14,49.59
23347996,26.08,60.17,194.00,29.17,49.45
23378044,26.07,59.90,195.00,29.18,49.51
23408094,26.02,60.47,195.00,29.17,49.55
23438142,26.01,60.15,195.00,29.14,49.45
23468190,26.00,59.98,196.00,29.12,49.50
23498238,26.03,59.84,197.00,29.11,49.36
23528286,26.04,60.18,195.00,29.14,49.35
23558334,26.00,60.09,194.00,29.14,49.49
23588381,26.01,60.12,192.00,29.14,49.33
23618429,26.01,60.20,192.00,29.12,49.62
23648477,26.01,59.94,192.00,29.12,49.49
23678525,26.01,60.03,194.00,29.12,49.45
23708574,26.01,59.99,194.00,29.10,49.54
23738622,26.02,60.16,192.00,29.12,49.40
23768673,26.02,60.29,192.00,29.11,49.37
23798721,26.02,60.20,191.00,29.12,49.50
23828768,26.02,60.60,191.00,29.14,49.64
23858817,25.98,60.23,188.00,29.11,49.55
23888864,26.00,60.19,186.00,29.11,49.54
23918912,25.98,60.56,186.00,29.10,49.55
23948959,25.99,60.66,187.00,29.11,49.76
23979008,26.03,59.93,188.00,29.11,49.49
24009056,26.04,59.50,188.00,29.10,49.48
24039103,26.05,60.21,189.00,29.10,49.57
24069151,26.03,60.31,188.00,29.08,49.71
24099198,26.05,60.67,188.00,29.12,49.89
24129247,26.01,60.20,189.00,29.10,49.75
24159296,25.99,60.07,190.00,29.11,49.71
24189344,26.01,60.28,190.00,29.11,49.84
24219393,26.02,60.18,190.00,29.07,49.77
24249441,26.02,60.12,192.00,29.08,49.74
24279488,26.01,60.30,194.00,29.07,49.80
24309536,26.02,60.17,193.00,29.08,49.86
24339584,26.02,60.12,193.00,29.08,49.73
24369632,26.00,60.49,193.00,29.08,49.80
24399679,26.02,59.96,193.00,29.10,49.82
24429727,26.04,59.91,193.00,29.11,49.79
24459774,26.04,60.28,193.00,29.10,49.85
24489823,26.06,60.13,193.00,29.10,49.68
24519875,26.06,60.22,191.00,29.10,49.95
24549923,26.08,59.53,193.00,29.08,49.92
24579971,26.11,59.88,192.00,29.10,49.82
24610019,26.12,59.81,192.00,29.11,49.97
24640066,26.12,60.16,192.00,29.10,50.09
24670114,26.13,59.95,191.00,29.12,50.11
24700163,26.11,60.14,191.00,29.11,50.19
24730211,26.11,60.06,190.00,29.10,50.02
24760258,26.08,60.53,192.00,29.11,50.02
24790306,26.01,60.85,189.00,29.10,50.07
24820354,25.98,60.86,188.00,29.10,50.19
24850402,25.97,60.54,188.00,29.08,50.12
24880449,25.98,60.96,188.00,29.11,50.21
24910500,25.96,61.00,188.00,29.08,50.26
24940548,26.01,60.83,187.00,29.08,50.14
24970596,25.99,60.58,187.00,29.07,50.01
25000643,26.00,60.75,186.00,29.10,50.08
25030691,26.00,61.11,188.00,29.10,50.17
25060740,25.97,60.94,189.00,29.10,50.17
25090787,25.98,60.88,188.00,29.10,50.16
25120835,26.00,60.62,187.00,29.08,49.99
25150882,25.98,60.80,188.00,29.10,50.16
25180931,26.00,60.05,188.00,29.10,49.93
25210978,26.00,60.53,190.00,29.11,50.08
25241026,26.03,60.08,190.00,29.08,50.05
25271085,26.07,59.81,189.00,29.10,49.87
25301134,26.09,60.26,188.00,29.12,49.95
25331181,26.10,60.19,187.00,29.11,50.08
25361229,26.09,60.04,189.00,29.10,50.11
25391277,26.08,60.16,189.00,29.11,50.13
25421325,26.08,60.54,190.00,29.11,50.19
25451372,26.08,60.54,190.00,29.11,50.16
25481420,26.07,60.36,191.00,29.12,50.02
25511468,26.07,60.50,192.00,29.11,50.18
25541516,26.06,60.22,193.00,29.12,50.05
25571563,26.07,59.93,194.00,29.11,50.01
25601611,26.11,60.34,196.00,29.11,50.01
25631659,26.11,59.99,196.00,29.12,50.05
25661709,26.09,60.74,195.00,29.14,50.04
25691756,26.04,60.60,194.00,29.12,50.13
25721805,26.02,60.44,194.00,29.14,50.19
25751853,26.03,61.06,192.00,29.14,50.29
25781901,25.99,60.87,190.00,29.12,50.30
25811948,26.02,61.08,190.00,29.11,50.21
25841996,26.00,60.84,192.00,29.14,50.43
25872044,25.95,61.42,190.00,29.12,50.39
25902092,25.95,61.66,192.00,29.11,50.46
25932139,25.94,60.85,193.00,29.07,50.42
25962187,25.94,60.65,194.00,29.11,50.31
25992236,25.97,60.67,195.00,29.10,50.17
26022286,26.00,60.66,197.00,29.11,50.27
26052333,25.99,60.97,196.00,29.11,50.24
26082383,26.00,60.97,195.00,29.08,50.21
26112432,25.99,61.11,195.00,29.11,50.36
26142480,25.98,61.28,194.00,29.10,50.46
26172528,25.92,61.67,193.00,29.10,50.47
26202575,25.91,61.25,191.00,29.11,50.49
26232624,25.92,61.50,192.00,29.10,50.59
26262672,25.90,61.37,191.00,29.08,50.74
26292720,25.89,61.65,191.00,29.05,50.65
26322767,25.89,61.76,193.00,29.08,50.70
26352816,25.90,61.84,191.00,29.05,50.62
26382863,25.91,61.61,191.00,29.07,50.72
26412913,25.90,62.08,190.00,29.04,50.85
26442961,25.91,61.67,190.00,29.04,50.80
26473010,25.92,61.17,189.00,29.07,50.84
26503057,25.93,61.16,189.00,29.04,50.67
26533105,25.93,61.67,188.00,29.05,50.89
26563152,25.95,61.44,187.00,29.05,50.67
26593201,25.97,60.86,189.00,29.05,50.61
26623248,25.98,60.98,191.00,29.04,50.52
26653296,25.98,60.97,194.00,29.05,50.58
26683344,25.99,61.04,196.00,29.05,50.68
26713393,25.98,61.54,198.00,29.05,50.73
26743440,25.93,61.85,198.00,29.04,50.91
26773490,25.93,61.99,199.00,29.04,50.96
26803537,25.82,62.27,198.00,29.05,50.97
26833586,25.78,62.55,198.00,29.04,50.90
26863634,25.71,62.97,196.00,29.02,51.17
26893683,25.64,62.97,196.00,29.01,51.18
26923731,25.61,63.26,196.00,29.00,51.29
26953780,25.62,63.04,197.00,29.01,51.35
26983827,25.64,62.75,197.00,28.94,51.27
27013875,25.68,62.41,195.00,28.94,51.15
27043922,25.70,62.45,193.00,28.94,51.16
27073971,25.71,62.69,194.00,28.95,51.27
27104019,25.73,61.86,194.00,28.95,51.23
27134067,25.72,62.83,195.00,28.97,51.33
27164118,25.72,62.73,196.00,28.97,51.45
27194165,25.70,62.68,196.00,28.95,51.49
27224213,25.72,62.67,196.00,28.94,51.35
27254261,25.70,62.87,197.00,28.93,51.47
27284310,25.65,63.28,196.00,28.94,51.69
27314357,25.61,63.16,196.00,28.94,51.65
27344405,25.62,63.25,197.00,28.91,51.70
27374452,25.62,63.55,196.00,28.91,51.66
27404500,25.61,63.28,196.00,28.90,51.66
27434548,25.64,63.44,195.00,28.90,51.76
27464596,25.63,62.80,196.00,28.89,51.60
27494643,25.65,63.01,195.00,28.89,51.55
27524695,25.71,62.37,196.00,28.89,51.66
27554742,25.70,62.54,196.00,28.91,51.50
27584791,25.74,62.05,197.00,28.91,51.39
27614838,25.79,62.07,196.00,28.91,51.36
27644887,25.78,62.07,197.00,28.90,51.41
27674934,25.77,62.68,196.00,28.90,51.52
27704984,25.77,62.44,196.00,28.90,51.56
27735031,25.77,62.92,196.00,28.93,51.70
27765080,25.74,62.69,195.00,28.90,51.69
27795128,25.70,63.11,194.00,28.90,51.73
27825176,25.68,63.15,193.00,28.91,51.79
27855223,25.68,62.98,193.00,28.90,51.72
27885272,25.68,62.78,195.00,28.89,51.78
27915322,25.71,62.42,195.00,28.90,51.55
27945369,25.73,62.64,194.00,28.93,51.66
27975417,25.72,63.23,192.00,28.90,51.69
28005466,25.72,62.81,192.00,28.90,51.72
28035513,25.73,62.41,193.00,28.87,51.69
28065561,25.74,62.75,193.00,28.89,51.58
28095608,25.75,62.54,193.00,28.89,51.58
28125657,25.74,62.94,191.00,28.89,51.63
28155704,25.74,62.86,190.00,28.90,51.69
28185752,25.75,62.84,188.00,28.89,51.61
28215799,25.77,62.02,188.00,28.90,51.59
28245847,25.81,62.09,187.00,28.89,51.45
28275898,25.82,62.17,187.00,28.93,51.35
28305945,25.87,61.33,187.00,28.90,51.29
28335993,25.87,61.84,188.00,28.90,51.43
28366041,25.87,62.01,190.00,28.94,51.24
28396089,25.90,61.08,191.00,28.94,51.22
28426136,25.90,61.60,191.00,28.91,51.24
28456184,25.88,61.30,193.00,28.93,51.30
28486232,25.91,61.49,195.00,28.95,51.14
28516280,25.91,61.37,194.00,28.95,51.07
28546329,25.94,61.40,193.00,28.94,50.99
28576377,25.94,61.22,195.00,28.97,51.02
28606425,25.93,61.16,196.00,28.97,51.06
28636473,25.96,61.52,197.00,28.97,51.01
28666523,25.96,61.35,197.00,28.95,50.97
28696571,25.93,61.19,198.00,28.95,50.97
28726619,25.98,61.16,199.00,29.00,51.05
28756667,25.98,61.08,200.00,28.98,51.07
28786714,25.98,61.47,200.00,29.00,51.18
28816762,25.99,61.25,201.00,28.98,51.07
28846810,25.98,60.80,201.00,29.00,51.14
28876858,25.98,61.10,200.00,28.98,51.18
28906906,25.96,60.99,201.00,29.01,51.10
28936954,25.98,61.49,199.00,28.98,51.44
28967002,25.95,61.38,200.00,28.97,51.38
28997050,25.95,61.03,198.00,28.98,51.31
29027100,25.97,61.44,197.00,28.97,51.27
29057148,25.91,61.18,198.00,28.97,51.39
29087196,25.93,61.91,199.00,28.95,51.44
29117244,25.95,61.78,200.00,28.97,51.28
29147292,25.91,61.95,200.00,28.98,51.46
29177339,25.91,61.97,199.00,28.98,51.48
29207388,25.90,61.49,197.00,28.98,51.24
29237435,25.90,61.94,198.00,28.98,51.30
29267483,25.90,61.65,198.00,28.98,51.46
29297531,25.90,61.59,198.00,28.97,51.44
29327580,25.90,61.68,198.00,28.94,51.51
29357629,25.89,62.03,198.00,28.94,51.39
29387677,25.90,61.92,197.00,28.97,51.43
29417728,25.90,62.07,196.00,28.97,51.27
29447776,25.89,61.71,195.00,28.95,51.26
29477823,25.90,61.71,195.00,28.95,51.30
29507871,25.88,61.78,195.00,28.97,51.10
29537918,25.88,61.49,195.00,28.95,51.32
29567967,25.86,62.07,196.00,28.98,51.35
29598014,25.85,62.53,195.00,28.97,51.61
29628062,25.83,62.46,195.00,28.94,51.51
29658109,25.80,62.52,194.00,28.94,51.58
29688158,25.77,62.74,193.00,28.95,51.72
29718206,25.74,62.29,191.00,28.95,51.69
29748254,25.76,62.80,192.00,28.94,51.51
29778305,25.75,62.97,193.00,28.94,51.63
29808353,25.75,62.64,192.00,28.94,51.52
29838400,25.74,62.87,191.00,28.95,51.64
29868448,25.72,63.13,190.00,28.91,51.79
29898496,25.69,62.35,189.00,28.90,51.81
29928544,25.68,63.31,189.00,28.90,51.85
29958591,25.67,63.30,188.00,28.90,51.95
29988639,25.66,62.89,187.00,28.91,51.94
30018688,25.68,63.34,186.00,28.90,51.86
30048735,25.66,63.17,185.00,28.90,52.02
30078783,25.68,63.25,185.00,28.89,51.98
30108831,25.66,62.88,185.00,28.87,51.97
30138880,25.68,63.22,187.00,28.91,51.74
30168931,25.70,62.36,187.00,28.89,51.73
30198979,25.71,62.10,188.00,28.87,51.67
30229027,25.74,62.89,190.00,28.87,51.77
30259076,25.72,63.08,190.00,28.89,51.93
30289123,25.71,63.49,190.00,28.89,51.93
30319171,25.71,63.01,191.00,28.89,51.86
30349218,25.69,63.30,193.00,28.89,52.02
30379267,25.67,63.11,192.00,28.90,52.10
30409315,25.66,63.02,193.00,28.90,52.19
30439363,25.64,63.84,193.00,28.86,52.18
30469410,25.62,63.21,192.00,28.84,52.21
30499459,25.61,63.60,194.00,28.83,52.30
30529509,25.60,63.85,195.00,28.83,52.19
30559557,25.56,63.88,196.00,28.86,52.23
30589604,25.56,63.92,197.00,28.86,52.29
30619653,25.55,63.95,197.00,28.87,52.30
30649700,25.53,64.10,196.00,28.84,52.38
30679748,25.55,63.62,195.00,28.84,52.37
30709795,25.55,63.78,194.00,28.83,52.27
30739844,25.55,63.77,195.00,28.83,52.25
30769892,25.54,63.96,195.00,28.81,52.32
30799939,25.54,63.97,194.00,28.81,52.37
30829987,25.56,63.95,193.00,28.80,52.40
30860036,25.56,63.93,193.00,28.81,52.37
30890084,25.55,63.71,194.00,28.80,52.30
30920133,25.55,63.91,194.00,28.80,52.29
30950183,25.52,63.81,194.00,28.80,52.40
30980231,25.54,63.55,193.00,28.80,52.41
31010279,25.51,64.00,194.00,28.79,52.41
31040327,25.54,63.50,195.00,28.79,52.46
31070374,25.52,63.58,194.00,28.77,52.47
31100423,25.54,63.36,194.00,28.76,52.38
31130471,25.56,63.77,194.00,28.76,52.36
31160518,25.55,64.06,194.00,28.79,52.40
31190566,25.56,63.89,194.00,28.77,52.50
31220614,25.54,64.05,195.00,28.77,52.45
31250662,25.52,64.00,194.00,28.77,52.52
31280711,25.53,63.60,192.00,28.77,52.43
31310759,25.53,63.91,190.00,28.79,52.46
31340808,25.53,63.67,191.00,28.77,52.47
31370855,25.53,63.71,190.00,28.79,52.48
31400902,25.49,63.72,191.00,28.77,52.44
31430950,25.49,63.67,193.00,28.77,52.48
31460998,25.49,64.19,191.00,28.77,52.58
31491046,25.46,64.23,191.00,28.73,52.50
31521093,25.50,64.22,192.00,28.74,52.53
31551141,25.48,64.18,194.00,28.71,52.57
31581189,25.48,64.24,196.00,28.71,52.48
31611237,25.49,63.87,195.00,28.73,52.47
31641284,25.55,63.42,195.00,28.74,52.20
31671335,25.52,63.45,196.00,28.71,52.34
31701383,25.54,63.69,195.00,28.73,52.47
31731431,25.51,64.19,195.00,28.73,52.57
31761479,25.51,63.90,195.00,28.73,52.64
31791529,25.51,63.88,197.00,28.74,52.60
31821578,25.55,63.57,198.00,28.71,52.28
31851625,25.56,63.24,199.00,28.74,52.36
31881673,25.56,63.35,198.00,28.73,52.34
31911720,25.63,63.02,196.00,28.73,52.22
31941769,25.62,63.23,198.00,28.76,52.29
31971816,25.64,63.03,199.00,28.74,52.24
32001864,25.62,63.53,200.00,28.71,52.28
32031915,25.63,63.63,201.00,28.76,52.30
32061963,25.61,62.71,200.00,28.76,52.30
32092010,25.62,63.43,200.00,28.76,52.30
32122058,25.59,63.43,199.00,28.77,52.32
32152107,25.62,62.81,199.00,28.76,52.00
32182155,25.62,63.29,200.00,28.76,52.27
32212202,25.65,63.37,200.00,28.77,52.29
32242250,25.60,63.31,200.00,28.77,52.20
32272297,25.57,63.62,200.00,28.77,52.32
32302346,25.56,63.76,201.00,28.76,52.38
32332394,25.55,63.66,201.00,28.76,52.38
32362442,25.52,63.99,201.00,28.73,52.42
32392489,25.50,63.79,203.00,28.73,52.57
32422536,25.46,64.03,202.00,28.71,52.57
32452583,25.42,64.22,200.00,28.74,52.58
32482631,25.41,64.16,199.00,28.74,52.62
32512678,25.38,64.22,198.00,28.71,52.59
32542726,25.41,64.29,199.00,28.70,52.59
32572774,25.37,64.31,199.00,28.70,52.67
32602823,25.37,64.58,199.00,28.66,52.75
32632872,25.35,64.16,199.00,28.67,52.75
32662920,25.32,64.68,198.00,28.66,52.76
32692968,25.36,64.60,198.00,28.66,52.75
32723016,25.35,64.03,197.00,28.64,52.75
32753064,25.36,64.08,198.00,28.63,52.81
32783114,25.35,64.35,198.00,28.63,52.81
32813162,25.35,64.02,198.00,28.63,52.84
32843209,25.36,64.41,199.00,28.63,52.78
32873257,25.31,64.43,201.00,28.63,52.82
32903306,25.34,64.14,199.00,28.62,52.77
32933354,25.31,64.68,200.00,28.63,52.90
32963401,25.33,64.59,202.00,28.63,52.87
32993449,25.35,64.15,202.00,28.64,52.91
33023497,25.33,64.20,203.00,28.63,52.93
33053545,25.33,64.16,203.00,28.57,52.96
33083592,25.29,64.65,203.00,28.60,52.93
33113640,25.30,64.43,201.00,28.59,53.02
33143691,25.31,64.83,203.00,28.59,52.98
33173739,25.32,64.20,204.00,28.57,52.99
33203786,25.32,64.56,203.00,28.56,53.09
33233835,25.32,64.38,200.00,28.57,52.99
33263883,25.28,64.59,201.00,28.59,53.04
33293931,25.32,64.49,203.00,28.57,53.08
33323978,25.30,64.83,203.00,28.57,53.06
33354027,25.29,64.59,203.00,28.57,53.08
33384074,25.29,64.61,204.00,28.59,53.05
33414124,25.27,64.53,203.00,28.56,53.00
33444174,25.26,64.98,204.00,28.54,53.05
33474222,25.25,64.61,203.00,28.57,53.09
33504270,25.29,64.53,205.00,28.54,53.06
33534320,25.26,64.52,205.00,28.56,53.13
33564368,25.30,64.33,205.00,28.53,53.14
33594416,25.29,64.26,207.00,28.53,53.06
33624465,25.33,64.15,207.00,28.54,53.02
33654512,25.37,64.39,207.00,28.56,53.03
33684560,25.34,64.35,204.00,28.54,53.05
33714608,25.34,64.30,205.00,28.54,53.07
33744656,25.34,64.16,206.00,28.53,53.05
33774703,25.31,64.80,204.00,28.56,53.13
33804751,25.26,65.03,205.00,28.54,53.23
33834799,25.23,64.84,204.00,28.54,53.29
33864847,25.22,64.69,205.00,28.53,53.34
33894897,25.22,64.60,203.00,28.52,53.25
33924945,25.19,64.97,201.00,28.53,53.24
33954993,25.20,65.19,201.00,28.50,53.38
33985041,25.17,65.12,200.00,28.50,53.44
34015088,25.17,65.20,200.00,28.49,53.46
34045136,25.18,64.78,201.00,28.44,53.41
34075184,25.17,65.20,201.00,28.46,53.37
34105232,25.17,65.17,200.00,28.46,53.34
34135279,25.17,65.30,201.00,28.43,53.35
34165327,25.18,65.09,200.00,28.44,53.43
34195375,25.18,65.27,200.00,28.46,53.55
34225425,25.18,65.26,202.00,28.44,53.54
34255473,25.18,65.24,202.00,28.44,53.56
34285523,25.20,64.86,202.00,28.44,53.65
34315572,25.22,65.07,203.00,28.46,53.54
34345619,25.25,65.23,203.00,28.46,53.51
34375667,25.31,64.58,203.00,28.47,53.33
34405714,25.31,64.73,202.00,28.44,53.34
34435763,25.27,64.86,201.00,28.44,53.45
34465810,25.31,64.96,200.00,28.49,53.32
34495858,25.32,64.33,202.00,28.47,53.43
34525905,25.31,64.87,202.00,28.47,53.49
34555954,25.29,64.75,203.00,28.46,53.55
34586001,25.28,65.06,202.00,28.49,53.50
34616049,25.28,64.57,202.00,28.46,53.50
34646099,25.27,64.90,203.00,28.47,53.48
34676148,25.26,64.86,205.00,28.47,53.49
34706195,25.29,65.10,204.00,28.44,53.51
34736243,25.29,64.94,203.00,28.49,53.43
34766290,25.28,64.79,202.00,28.49,53.43
34796339,25.31,65.11,204.00,28.47,53.48
34826387,25.29,64.89,203.00,28.50,53.51
34856435,25.30,65.17,203.00,28.47,53.54
34886482,25.29,64.44,204.00,28.49,53.43
34916531,25.30,64.94,204.00,28.50,53.37
34946578,25.30,64.87,204.00,28.47,53.45
34976626,25.33,64.13,205.00,28.50,53.30
35006674,25.34,64.67,205.00,28.52,53.09
35036727,25.33,64.77,205.00,28.49,53.33
35066775,25.32,64.58,205.00,28.52,53.37
35096823,25.36,63.88,205.00,28.50,53.21
35126872,25.36,64.48,206.00,28.53,53.26
35156919,25.34,64.55,206.00,28.50,53.34
35186967,25.33,64.49,207.00,28.52,53.17
35217014,25.27,64.83,207.00,28.49,53.30
35247063,25.22,64.96,207.00,28.50,53.25
35277110,25.22,64.87,206.00,28.50,53.30
35307158,25.19,64.97,206.00,28.50,53.34
35337205,25.19,65.38,207.00,28.47,53.54
35367254,25.20,64.99,205.00,28.47,53.41
35397304,25.21,65.17,206.00,28.46,53.37
35427352,25.22,65.15,204.00,28.46,53.46
35457400,25.23,65.16,203.00,28.47,53.50
35487449,25.23,64.79,203.00,28.49,53.34
35517496,25.24,64.63,202.00,28.46,53.37
35547543,25.24,65.15,199.00,28.49,53.46
35577591,25.22,64.64,199.00,28.47,53.52
35607639,25.21,64.85,199.00,28.44,53.55
35637687,25.18,65.07,198.00,28.46,53.52
35667734,25.17,65.16,197.00,28.43,53.51
35697782,25.14,65.24,198.00,28.43,53.47
35727831,25.11,65.26,198.00,28.43,53.50
35757879,25.11,65.33,199.00,28.43,53.41
35787929,25.11,65.27,197.00,28.42,53.57
35817977,25.10,65.39,195.00,28.42,53.62
35848027,25.08,65.21,194.00,28.39,53.56
35878075,25.06,65.48,193.00,28.36,53.58
35908122,25.06,65.39,192.00,28.39,53.60
35938170,25.07,65.22,193.00,28.38,53.56
35968219,25.05,65.41,193.00,28.38,53.65
35998267,25.05,65.17,192.00,28.35,53.66
36028314,25.08,65.52,194.00,28.38,53.57
36058362,25.11,65.09,193.00,28.36,53.60
36088410,25.16,64.74,193.00,28.38,53.32
36118458,25.18,64.70,193.00,28.39,53.42
36148509,25.23,64.64,194.00,28.38,53.33
36178556,25.21,64.49,194.00,28.40,53.36
36208605,25.22,64.69,194.00,28.38,53.44
36238652,25.23,64.33,194.00,28.39,53.46
36268700,25.22,64.05,194.00,28.39,53.40
36298747,25.27,64.19,196.00,28.39,53.24
36328796,25.25,64.16,196.00,28.39,53.28
36358844,25.26,64.52,196.00,28.39,53.34
36388892,25.23,64.59,196.00,28.40,53.35
36418939,25.24,64.57,196.00,28.39,53.33
36448988,25.19,64.60,196.00,28.40,53.35
36479035,25.17,64.52,194.00,28.39,53.38
36509083,25.13,64.93,194.00,28.42,53.38
36539133,25.10,64.92,195.00,28.38,53.23
36569182,25.04,65.04,194.00,28.38,53.36
36599229,25.04,65.24,194.00,28.39,53.44
36629277,25.02,65.06,195.00,28.38,53.45
36659326,25.04,65.36,195.00,28.36,53.47
36689376,25.02,65.12,195.00,28.36,53.48
36719423,25.05,65.37,195.00,28.35,53.47
36749471,25.03,64.92,195.00,28.36,53.49
36779518,25.04,65.46,195.00,28.36,53.45
36809567,25.04,65.34,194.00,28.35,53.49
36839615,25.04,64.85,195.00,28.35,53.38
36869663,25.07,65.04,194.00,28.36,53.48
36899714,25.03,64.98,194.00,28.35,53.40
36929761,25.05,64.85,194.00,28.33,53.27
36959809,25.06,64.89,196.00,28.36,53.42
36989856,25.05,65.31,196.00,28.32,53.50
37019905,25.03,65.18,197.00,28.31,53.49
37049952,25.02,65.21,197.00,28.31,53.39
37080000,24.99,65.27,197.00,28.29,53.40
37110047,24.98,65.21,197.00,28.29,53.49
37140096,24.95,65.27,195.00,28.31,53.45
37170143,24.90,65.47,195.00,28.28,53.46
37200191,24.90,65.48,194.00,28.28,53.47
37230238,24.90,65.39,192.00,28.25,53.48
37260286,24.90,65.51,192.00,28.25,53.61
37290337,24.85,65.56,191.00,28.25,53.53
37320385,24.81,65.71,192.00,28.26,53.57
37350432,24.77,65.86,191.00,28.22,53.63
37380481,24.72,66.05,191.00,28.21,53.66
37410528,24.68,66.00,190.00,28.21,53.59
37440576,24.64,66.22,188.00,28.16,53.67
37470623,24.63,66.23,187.00,28.15,53.66
37500674,24.58,66.38,188.00,28.12,53.72
37530721,24.56,66.41,187.00,28.11,53.75
37560769,24.57,66.33,186.00,28.08,53.78
37590816,24.57,66.51,185.00,28.05,53.83
37620865,24.59,66.26,184.00,28.04,53.80
37650915,24.58,66.34,184.00,28.02,53.88
37680963,24.58,66.32,185.00,28.04,53.88
37711011,24.57,66.13,185.00,28.02,53.88
37741059,24.59,66.02,185.00,28.02,53.85
37771107,24.62,66.21,185.00,28.01,53.87
37801154,24.59,66.26,186.00,28.01,53.90
37831202,24.63,65.91,186.00,27.98,53.89
37861250,24.63,66.13,186.00,28.00,53.93
37891298,24.65,66.00,186.00,28.00,53.88
37921345,24.68,65.63,186.00,27.98,53.92
37951393,24.70,65.68,188.00,28.01,53.88
37981442,24.75,65.58,187.00,27.98,53.81
38011490,24.77,65.29,187.00,28.01,53.82
38041539,24.82,65.47,188.00,28.01,53.81
38071588,24.80,65.17,187.00,28.01,53.85
38101636,24.81,65.15,187.00,28.04,53.77
38131684,24.80,65.32,186.00,28.01,53.78
38161731,24.77,65.32,187.00,28.02,53.69
38191779,24.75,65.19,186.00,28.02,53.72
38221827,24.77,65.50,187.00,28.04,53.70
38251875,24.76,65.39,188.00,28.04,53.72
38281923,24.70,65.55,189.00,28.02,53.68
38311973,24.72,65.26,188.00,28.01,53.61
38342021,24.73,65.42,189.00,28.01,53.66
38372069,24.73,65.06,188.00,28.00,53.72
38402119,24.72,65.33,187.00,28.00,53.63
38432167,24.72,65.37,187.00,28.00,53.69
38462215,24.69,65.46,187.00,28.00,53.63
38492263,24.66,65.55,187.00,28.00,53.65
38522310,24.69,65.56,188.00,27.98,53.60
38552358,24.72,65.49,188.00,28.00,53.72
38582406,24.73,65.04,188.00,27.98,53.59
38612454,24.75,65.07,188.00,28.00,53.59
38642501,24.81,64.98,190.00,27.96,53.58
38672549,24.78,64.83,191.00,28.00,53.54
38702598,24.81,64.73,192.00,28.01,53.51
38732645,24.77,64.95,192.00,27.98,53.51
38762693,24.75,64.68,190.00,28.01,53.42
38792743,24.75,65.02,191.00,28.01,53.46
38822792,24.75,64.97,193.00,27.98,53.42
38852839,24.76,64.94,193.00,28.01,53.43
38882887,24.74,64.96,192.00,28.01,53.40
38912934,24.74,64.74,191.00,28.02,53.43
38942983,24.74,65.16,191.00,28.02,53.51
38973030,24.70,65.29,191.00,27.98,53.53
39003078,24.67,65.38,191.00,28.00,53.52
39033125,24.66,65.33,191.00,27.96,53.59
39063174,24.66,65.12,191.00,27.96,53.46
39093222,24.70,65.11,191.00,27.98,53.50
39123272,24.69,65.13,190.00,27.95,53.56
39153323,24.70,65.30,188.00,27.96,53.59
39183371,24.67,65.30,189.00,27.96,53.55
39213418,24.64,65.53,190.00,28.00,53.53
39243466,24.64,65.39,191.00,27.96,53.56
39273513,24.59,65.72,192.00,27.95,53.67
39303562,24.62,65.66,192.00,27.95,53.70
39333609,24.60,65.67,192.00,27.95,53.61
39363657,24.62,65.58,191.00,27.94,53.75
39393704,24.57,65.82,192.00,27.92,53.73
39423753,24.58,65.74,192.00,27.94,53.68
39453801,24.61,65.83,192.00,27.91,53.69
39483849,24.59,65.83,191.00,27.94,53.82
39513897,24.60,65.72,192.00,27.94,53.79
39543948,24.60,65.97,193.00,27.91,53.83
39573996,24.57,65.98,191.00,27.94,53.83
39604043,24.50,66.17,191.00,27.89,53.90
39634092,24.46,66.31,191.00,27.89,53.94
39664139,24.47,66.55,190.00,27.85,54.02
39694187,24.43,66.58,190.00,27.87,54.06
39724234,24.40,66.73,189.00,27.88,54.06
39754283,24.41,66.63,187.00,27.85,54.08
39784331,24.36,66.68,187.00,27.84,54.12
39814379,24.38,66.62,187.00,27.84,54.10
39844426,24.40,66.67,186.00,27.81,54.11
39874475,24.40,66.71,185.00,27.82,54.15
39904526,24.39,66.59,187.00,27.82,54.18
39934575,24.41,66.52,186.00,27.80,54.13
39964622,24.41,66.60,186.00,27.81,54.21
39994671,24.43,66.72,186.00,27.78,54.22
40024718,24.43,66.66,186.00,27.77,54.34
40054766,24.43,66.60,186.00,27.80,54.23
40084813,24.43,66.57,185.00,27.82,54.31
40114862,24.47,66.52,188.00,27.80,54.36
40144909,24.52,66.28,188.00,27.77,54.26
40174956,24.49,66.42,187.00,27.78,54.28
40205004,24.48,66.45,188.00,27.75,54.25
40235052,24.45,66.53,185.00,27.78,54.33
40265100,24.47,66.55,184.00,27.78,54.33
40295150,24.48,66.54,184.00,27.78,54.32
40325198,24.47,66.67,186.00,27.77,54.34
40355246,24.44,66.58,186.00,27.77,54.39
40385294,24.47,66.43,186.00,27.78,54.32
40415341,24.51,66.48,186.00,27.75,54.36
40445389,24.55,66.05,187.00,27.77,54.45
40475437,24.59,66.17,188.00,27.77,54.36
40505485,24.60,66.45,187.00,27.78,54.45
40535532,24.61,66.37,187.00,27.81,54.41
40565580,24.63,66.10,188.00,27.81,54.42
40595628,24.64,66.08,189.00,27.81,54.40
40625676,24.66,65.80,190.00,27.84,54.25
40655726,24.72,65.52,190.00,27.82,54.23
40685774,24.74,65.79,189.00,27.85,54.10
40715822,24.79,65.54,190.00,27.85,54.08
40745872,24.81,64.56,190.00,27.87,53.97
40775919,24.86,65.01,190.00,27.88,53.96
40805967,24.88,65.05,190.00,27.89,53.86
40836015,24.87,64.96,191.00,27.91,54.03
40866063,24.86,65.32,192.00,27.92,54.08
40896111,24.91,64.58,193.00,27.95,53.95
40926158,24.91,64.91,194.00,27.94,53.94
40956207,24.92,64.59,196.00,27.96,53.85
40986255,24.93,64.13,196.00,27.98,53.81
41016303,24.93,64.87,198.00,27.96,53.82
41046353,24.94,64.59,198.00,27.98,53.60
41076402,24.95,63.89,199.00,27.98,53.75
41106449,24.97,64.67,200.00,28.01,53.61
41136497,24.97,64.63,200.00,28.01,53.74
41166544,24.96,64.43,200.00,28.01,53.75
41196593,24.98,64.12,199.00,28.02,53.71
41226640,24.99,64.72,198.00,28.02,53.55
41256688,24.94,64.95,197.00,28.01,53.68
41286735,24.93,64.74,196.00,28.05,53.72
41316784,24.93,64.85,194.00,28.05,53.78
millis,T_SHT40,RH_SHT40,CO2_SCD30,T_SCD30,RH_SCD30
616,24.95,63.99,0.00,0.00,0.00
30683,24.98,64.26,150.00,26.51,56.72
60730,25.03,63.58,174.00,26.77,55.95
90777,25.02,64.46,188.00,26.96,55.83
120824,25.02,64.06,193.00,27.09,55.53
150873,25.00,63.63,194.00,27.19,55.48
180925,25.04,64.08,192.00,27.24,55.30
210973,25.00,63.93,192.00,27.32,55.13
241020,25.05,63.27,189.00,27.36,54.91
271068,25.04,64.08,189.00,27.44,54.82
301115,25.00,64.71,188.00,27.47,54.82
331163,24.99,64.87,187.00,27.52,54.92
361210,24.94,64.91,188.00,27.56,54.93
391259,24.89,64.98,187.00,27.60,54.94
421309,24.86,65.36,186.00,27.65,54.85
451357,24.89,65.26,185.00,27.64,54.88
481405,24.87,65.42,184.00,27.67,54.75
511453,24.90,65.02,182.00,27.70,54.71
541501,24.88,64.82,181.00,27.74,54.63
571548,24.86,65.35,181.00,27.75,54.57
601596,24.84,65.00,180.00,27.77,54.57
631644,24.80,65.46,178.00,27.78,54.54
661691,24.77,65.48,179.00,27.82,54.51
691738,24.73,65.44,179.00,27.81,54.48
721786,24.76,65.73,177.00,27.81,54.58
751834,24.73,65.90,177.00,27.84,54.51
781882,24.68,66.09,177.00,27.84,54.61
811932,24.66,65.99,178.00,27.84,54.55
841979,24.64,66.19,178.00,27.87,54.46
872028,24.64,65.96,177.00,27.82,54.56
902075,24.67,66.07,177.00,27.84,54.48
932123,24.68,65.71,178.00,27.84,54.37
962170,24.72,65.63,177.00,27.85,54.27
992221,24.75,65.81,177.00,27.85,54.36
1022268,24.76,65.43,177.00,27.85,54.38
1052316,24.80,64.38,178.00,27.87,54.09
1082363,24.83,65.37,178.00,27.88,54.10
1112412,24.85,65.25,180.00,27.91,54.11
1142459,24.82,65.69,180.00,27.92,54.22
1172507,24.86,64.64,180.00,27.92,54.15
1202557,24.86,65.28,182.00,27.91,54.29
1232605,24.85,65.68,184.00,27.94,54.27
1262653,24.89,64.59,185.00,27.92,54.19
1292700,24.90,64.62,186.00,27.95,53.74
1322748,24.91,64.93,186.00,27.96,54.08
1352796,24.94,64.60,186.00,27.95,53.91
1382844,24.97,64.14,187.00,27.98,53.95
1412891,24.95,64.98,188.00,28.01,53.83
1442939,24.91,65.02,187.00,28.01,53.95
1472987,24.90,64.68,186.00,28.00,53.95
1503035,24.85,65.06,186.00,28.00,53.88
1533082,24.87,65.37,187.00,28.00,53.90
1563130,24.89,64.84,186.00,28.00,53.94
1593181,24.86,65.16,187.00,28.00,53.85
1623229,24.87,65.21,187.00,28.00,53.83
1653276,24.90,64.82,186.00,28.01,53.88
1683323,24.88,64.64,186.00,28.00,53.92
1713371,24.90,64.94,184.00,28.01,53.90
1743419,24.90,64.69,183.00,28.00,53.74
1773466,24.93,64.81,183.00,28.01,53.88
1803516,24.91,64.69,184.00,28.01,53.92
1833567,24.95,64.37,184.00,28.02,53.55
1863614,24.95,65.10,186.00,28.04,53.76
1893662,24.94,64.71,192.00,28.04,53.76
1923709,24.94,64.85,193.00,28.05,53.62
1953758,24.94,64.09,195.00,28.07,53.74
1983808,24.95,64.55,194.00,28.08,53.65
2013856,24.94,64.53,193.00,28.07,53.65
2043904,24.97,64.02,191.00,28.05,53.62
2073951,24.96,64.27,192.00,28.05,53.58
2103998,24.98,64.06,192.00,28.04,53.46
2134046,24.99,64.69,193.00,28.07,53.48
2164093,24.91,64.87,192.00,28.07,53.64
2194142,24.91,64.42,192.00,28.07,53.59
2224189,24.89,64.57,191.00,28.08,53.65
2254237,24.91,64.53,190.00,28.07,53.65
2284284,24.89,64.95,189.00,28.07,53.60
2314333,24.89,64.93,188.00,28.08,53.65
2344380,24.84,65.21,189.00,28.08,53.71
2374430,24.84,65.32,188.00,28.07,53.68
2404478,24.83,64.76,187.00,28.07,53.63
2434526,24.87,64.17,188.00,28.05,53.39
2464574,24.89,64.97,189.00,28.05,53.59
2494621,24.90,64.44,190.00,28.07,53.49
2524669,24.91,64.63,191.00,28.05,53.57
2554717,24.91,64.29,191.00,28.05,53.63
2584765,24.94,64.62,192.00,28.07,53.59
2614814,24.95,64.06,192.00,28.04,53.53
2644864,24.98,63.65,191.00,28.09,53.41
2674911,24.95,64.72,192.00,28.08,53.52
2704959,24.97,64.19,191.00,28.08,53.47
2735006,24.98,64.35,192.00,28.09,53.49
2765057,24.99,64.47,192.00,28.08,53.44
2795105,25.01,64.04,192.00,28.11,53.40
2825153,24.97,64.17,191.00,28.12,53.47
2855200,24.98,63.98,194.00,28.12,53.47
2885249,24.99,63.98,193.00,28.09,53.28
2915296,24.99,64.41,194.00,28.11,53.36
2945344,24.96,64.53,194.00,28.09,53.35
2975391,24.96,64.23,194.00,28.11,53.39
3005440,24.98,63.59,193.00,28.11,52.97
3035488,24.99,64.11,194.00,28.09,53.31
3065535,25.04,63.64,193.00,28.12,53.32
3095583,25.03,64.08,193.00,28.11,53.36
3125633,25.02,64.37,193.00,28.11,53.40
3155681,25.05,63.63,193.00,28.11,53.34
3185729,25.04,64.10,192.00,28.09,53.25
3215776,25.07,63.22,193.00,28.11,53.12
3245825,25.07,64.09,194.00,28.11,53.28
3275873,25.09,63.87,195.00,28.13,53.19
3305920,25.09,63.71,195.00,28.12,53.25
3335968,25.08,64.00,197.00,28.16,53.29
3366016,25.07,64.23,196.00,28.15,53.24
3396064,25.10,64.23,196.00,28.13,53.29
3426113,25.13,63.82,197.00,28.16,53.27
3456161,25.14,64.23,200.00,28.16,53.35
3486209,25.16,64.26,202.00,28.15,53.38
3516260,25.18,64.25,205.00,28.12,53.40
3546307,25.18,64.00,209.00,28.16,53.39
3576355,25.18,63.81,211.00,28.15,53.36
3606403,25.18,63.70,215.00,28.18,53.39
3636451,25.18,63.74,216.00,28.16,53.32
3666499,25.18,63.81,217.00,28.16,53.26
3696546,25.15,63.46,215.00,28.19,53.28
3726595,25.10,64.05,217.00,28.19,53.25
3756642,25.07,64.18,217.00,28.21,53.21
3786690,25.04,64.10,217.00,28.21,53.18
3816737,24.99,64.57,214.00,28.21,53.24
3846786,25.01,64.00,211.00,28.19,53.22
3876833,25.04,63.91,211.00,28.19,53.08
3906884,25.06,63.90,211.00,28.19,53.02
3936931,25.06,63.69,212.00,28.22,53.12
3966980,25.08,64.16,217.00,28.18,53.13
3997027,25.08,64.08,220.00,28.18,53.13
4027075,25.09,63.22,224.00,28.19,53.09
4057122,25.09,63.83,226.00,28.19,53.18
4087171,25.13,63.56,227.00,28.21,53.10
4117218,25.14,63.79,227.00,28.19,53.17
4147266,25.14,63.95,230.00,28.18,53.14
4177313,25.14,63.97,231.00,28.19,53.16
4207362,25.17,63.68,231.00,28.21,53.21
4237411,25.15,64.15,233.00,28.22,53.33
4267459,25.15,63.80,232.00,28.18,53.14
4297509,25.12,63.64,230.00,28.22,53.09
4327558,25.08,64.16,228.00,28.18,53.12
4357605,25.02,64.70,225.00,28.18,53.27
4387653,24.97,64.80,222.00,28.21,53.44
4417700,24.93,64.98,223.00,28.19,53.34
4447749,24.91,64.38,220.00,28.19,53.41
4477796,24.93,63.82,218.00,28.16,53.19
4507844,24.95,64.66,217.00,28.16,53.29
4537891,24.97,64.24,215.00,28.16,53.27
4567940,24.98,64.85,214.00,28.18,53.35
4597987,25.01,64.43,213.00,28.16,53.26
4628035,24.99,64.71,215.00,28.16,53.35
4658083,25.02,64.37,214.00,28.16,53.23
4688134,25.04,63.62,214.00,28.18,53.22
4718181,25.06,64.48,215.00,28.18,53.38
4748229,25.02,64.88,216.00,28.18,53.41
4778276,24.97,64.66,216.00,28.18,53.29
4808325,24.92,64.90,214.00,28.18,53.33
4838372,24.91,64.37,211.00,28.15,53.31
4868420,24.93,64.39,210.00,28.16,53.33
4898467,24.94,64.61,207.00,28.16,53.39
4928515,24.96,64.61,207.00,28.16,53.34
4958562,24.93,64.87,207.00,28.15,53.29
4988610,24.95,64.23,206.00,28.16,53.20
5018657,24.99,63.92,207.00,28.16,53.22
5048711,25.02,63.31,210.00,28.15,52.96
5078759,25.02,64.35,211.00,28.18,53.07
5108806,25.07,64.32,215.00,28.15,53.47
5138854,25.06,64.11,223.00,28.16,53.12
5168902,25.09,64.18,226.00,28.15,53.04
5198950,25.09,63.48,227.00,28.18,52.71
5228997,25.08,62.93,226.00,28.16,52.84
5259044,25.08,63.62,223.00,28.18,52.61
5289092,25.10,64.24,222.00,28.16,53.00
5319140,25.10,63.79,222.00,28.19,52.73
5349187,25.10,64.43,223.00,28.19,52.74
5379235,25.10,64.08,221.00,28.18,52.74
5409283,25.07,63.25,218.00,28.19,52.72
5439333,25.04,64.14,215.00,28.21,52.95
5469380,25.08,63.17,214.00,28.21,52.67
5499428,25.09,66.00,211.00,28.21,53.23
5529477,25.07,63.92,208.00,28.16,52.76
5559525,25.06,63.31,209.00,28.19,52.71
5589572,25.06,66.75,207.00,28.21,53.17
5619620,25.06,64.55,207.00,28.22,52.94
5649668,25.13,64.34,207.00,28.22,53.42
5679716,25.15,64.50,207.00,28.19,53.23
5709763,25.12,63.17,207.00,28.23,52.76
5739811,25.14,63.04,207.00,28.21,52.60
5769859,25.12,63.44,205.00,28.21,52.51
5799907,25.12,63.45,205.00,28.23,52.65
5829957,25.11,63.17,203.00,28.19,52.38
5860006,25.06,63.52,202.00,28.19,52.47
5890055,25.05,63.19,201.00,28.21,52.49
5920103,25.08,63.46,199.00,28.22,52.38
5950150,25.04,63.23,198.00,28.22,52.40
5980198,25.01,64.17,197.00,28.18,52.65
6010246,25.00,63.55,198.00,28.18,52.42
6040294,25.01,63.48,199.00,28.19,52.48
6070342,25.02,63.83,198.00,28.19,52.50
6100389,25.05,63.86,198.00,28.21,52.55
6130438,25.08,63.94,199.00,28.18,52.54
6160485,25.16,65.59,199.00,28.21,53.29
6190533,25.17,65.04,201.00,28.21,53.02
6220583,25.19,64.00,202.00,28.21,53.38
6250632,25.20,64.50,204.00,28.22,53.17
6280679,25.22,64.22,206.00,28.22,52.96
6310727,25.21,64.68,206.00,28.25,53.19
6340774,25.22,64.32,208.00,28.22,53.24
6370823,25.23,64.63,211.00,28.28,53.02
6400870,25.30,63.71,214.00,28.26,53.10
6430918,25.30,63.87,217.00,28.25,53.24
6460965,25.22,62.99,222.00,28.25,52.83
6491014,25.15,62.78,218.00,28.25,52.62
6521061,25.16,62.69,216.00,28.28,52.57
6551109,25.17,63.33,214.00,28.26,52.62
6581156,25.19,64.56,216.00,28.26,52.75
6611208,25.19,64.21,220.00,28.26,53.06
6641255,25.22,63.17,230.00,28.29,52.53
6671305,25.19,63.07,231.00,28.28,52.53
6701352,25.21,64.01,231.00,28.29,52.69
6731401,25.21,63.10,234.00,28.26,52.61
6761448,25.19,63.30,232.00,28.26,52.55
6791496,25.23,64.21,233.00,28.28,52.42
6821544,25.28,64.06,234.00,28.29,52.85
6851592,25.32,63.81,239.00,28.29,52.88
6881640,25.36,63.47,246.00,28.32,53.01
6911687,25.39,63.39,252.00,28.32,52.80
6941735,25.39,63.42,257.00,28.31,52.85
6971786,25.37,62.55,259.00,28.33,52.19
7001834,25.38,63.43,258.00,28.33,52.58
7031881,25.40,63.21,259.00,28.33,52.36
7061929,25.41,62.81,258.00,28.33,52.30
7091977,25.43,62.64,258.00,28.35,52.55
7122025,25.45,62.92,261.00,28.36,52.44
7152072,25.46,62.38,265.00,28.36,52.05
7182120,25.42,62.12,265.00,28.38,51.88
7212169,25.41,62.36,262.00,28.36,51.87
7242216,25.40,62.86,258.00,28.36,52.09
7272264,25.40,62.44,260.00,28.35,52.02
7302311,25.42,62.64,263.00,28.38,52.03
7332360,25.45,62.47,269.00,28.38,52.13
7362410,25.44,62.09,279.00,28.38,51.74
7392457,25.38,60.70,278.00,28.39,51.32
7422505,25.37,61.53,270.00,28.38,51.43
7452554,25.35,61.55,264.00,28.38,51.42
7482603,25.33,61.47,257.00,28.40,51.14
7512651,25.33,61.97,250.00,28.39,51.06
7542700,25.33,61.70,240.00,28.39,51.08
7572747,25.34,62.11,241.00,28.42,51.30
7602795,25.27,60.61,246.00,28.38,51.09
7632842,25.24,60.97,245.00,28.39,50.82
7662891,25.15,61.01,240.00,28.39,50.54
7692938,25.10,60.57,234.00,28.40,50.45
7722986,25.05,60.83,213.00,28.33,50.38
7753036,25.02,60.90,208.00,28.33,50.43
7783085,24.99,61.20,203.00,28.35,50.47
7813132,24.99,61.97,199.00,28.32,50.53
7843179,25.01,62.41,199.00,28.31,50.69
7873226,25.05,62.59,201.00,28.32,50.88
7903275,25.09,62.18,206.00,28.31,50.87
7933322,25.15,61.72,211.00,28.29,50.90
7963370,25.17,61.81,214.00,28.31,50.90
7993417,25.19,61.60,216.00,28.29,50.77
8023465,25.22,61.41,217.00,28.29,50.81
8053513,25.25,61.41,221.00,28.28,50.99
8083561,25.27,61.50,223.00,28.31,50.95
8113608,25.32,61.35,226.00,28.29,51.13
8143667,25.34,61.52,230.00,28.32,51.11
8173714,25.37,61.30,234.00,28.32,51.16
8203762,25.31,60.59,237.00,28.32,50.79
8233809,25.33,61.44,237.00,28.31,51.01
8263859,25.35,61.46,240.00,28.28,51.15
8293906,25.36,60.83,246.00,28.32,50.95
8323954,25.38,60.96,246.00,28.35,50.81
8354001,25.37,60.52,246.00,28.32,50.69
8384050,25.37,60.86,244.00,28.35,50.86
8414097,25.32,60.81,243.00,28.32,50.75
8444145,25.29,60.40,241.00,28.33,50.67
8474192,25.31,61.22,239.00,28.33,50.67
8504241,25.30,60.46,238.00,28.33,50.62
8534290,25.29,61.29,238.00,28.36,50.66
8564338,25.31,61.25,237.00,28.33,50.78
8594386,25.34,61.14,237.00,28.32,50.77
8624434,25.37,60.80,239.00,28.35,50.68
8654482,25.34,60.32,239.00,28.36,50.56
8684529,25.33,60.72,240.00,28.36,50.48
8714577,25.35,60.65,244.00,28.33,50.52
8744625,25.36,60.82,247.00,28.36,50.61
8774673,25.35,60.56,251.00,28.32,50.60
8804720,25.37,60.36,250.00,28.33,50.31
8834768,25.40,60.42,252.00,28.35,50.50
8864817,25.38,60.18,251.00,28.33,50.26
8894867,25.41,60.02,249.00,28.36,50.25
8924914,25.41,59.86,248.00,28.36,50.14
8954962,25.42,60.32,247.00,28.35,50.29
8985010,25.43,60.12,248.00,28.35,50.32
9015058,25.45,60.01,249.00,28.35,50.31
9045105,25.48,59.93,251.00,28.39,50.29
9075155,25.46,59.88,253.00,28.38,50.18
9105203,25.50,59.89,255.00,28.39,50.24
9135251,25.49,59.53,254.00,28.39,49.99
9165298,25.47,59.88,254.00,28.39,50.09
9195346,25.51,59.32,253.00,28.39,49.95
9225394,25.51,59.39,253.00,28.40,50.00
9255442,25.55,59.15,252.00,28.39,49.91
9285492,25.55,58.87,251.00,28.38,49.68
9315540,25.54,58.84,251.00,28.40,49.68
9345588,25.50,58.91,249.00,28.39,49.66
9375635,25.52,58.87,248.00,28.39,49.60
9405683,25.52,58.83,247.00,28.36,49.58
9435730,25.46,58.81,247.00,28.40,49.49
9465779,25.44,59.17,244.00,28.39,49.51
9495826,25.42,59.13,243.00,28.42,49.38
9525874,25.42,59.00,243.00,28.40,49.38
9555921,25.40,58.82,240.00,28.40,49.28
9585970,25.43,59.07,237.00,28.39,49.39
9616017,25.40,58.76,235.00,28.40,49.29
9646065,25.42,58.91,233.00,28.38,49.08
9676115,25.46,58.19,232.00,28.39,49.00
9706164,25.48,57.94,230.00,28.39,48.84
9736211,25.47,57.69,231.00,28.38,48.81
9766259,25.48,57.34,231.00,28.42,48.46
9796306,25.46,57.16,231.00,28.38,48.45
9826355,25.49,56.89,228.00,28.40,48.22
9856402,25.50,56.99,225.00,28.38,48.22
9886452,25.52,57.15,222.00,28.36,48.24
9916500,25.50,57.49,220.00,28.40,48.45
9946549,25.51,57.38,219.00,28.40,48.44
9976596,25.52,56.64,220.00,28.40,48.08
10006644,25.55,56.48,220.00,28.38,47.93
10036691,25.54,56.57,219.00,28.39,47.88
10066742,25.54,56.35,219.00,28.38,47.80
10096790,25.54,56.47,220.00,28.40,47.81
10126838,25.53,56.48,220.00,28.39,47.80
10156886,25.55,56.26,220.00,28.39,47.75
10186934,25.56,56.18,221.00,28.42,47.61
10216982,25.55,56.18,220.00,28.39,47.64
10247029,25.57,56.16,219.00,28.39,47.57
10277078,25.58,56.16,219.00,28.42,47.54
10307125,25.55,55.99,218.00,28.39,47.45
10337173,25.57,55.87,216.00,28.38,47.35
10367220,25.58,55.76,216.00,28.40,47.33
10397268,25.59,55.77,215.00,28.39,47.29
10427319,25.59,55.67,215.00,28.38,47.25
10457367,25.58,56.01,214.00,28.39,47.31
10487414,25.56,55.98,213.00,28.39,47.39
10517463,25.55,55.78,211.00,28.42,47.33
10547511,25.56,56.02,212.00,28.42,47.28
10577559,25.54,55.66,211.00,28.40,47.19
10607606,25.55,55.74,211.00,28.43,47.17
10637655,25.53,55.63,210.00,28.40,47.04
10667702,25.55,55.78,211.00,28.40,47.05
10697752,25.52,55.35,212.00,28.40,46.99
10727799,25.56,55.01,213.00,28.42,46.67
10757849,25.53,55.06,213.00,28.40,46.65
10787896,25.54,54.97,212.00,28.43,46.61
10817946,25.56,55.32,213.00,28.43,46.66
10847993,25.56,55.35,213.00,28.43,46.84
10878042,25.56,55.55,213.00,28.46,46.84
10908089,25.54,55.61,212.00,28.43,46.89
10938136,25.54,55.68,213.00,28.44,46.87
10968184,25.54,55.78,212.00,28.46,46.84
10998232,25.52,55.60,212.00,28.44,46.85
11028280,25.53,55.53,215.00,28.44,46.91
11058327,25.54,55.30,216.00,28.43,46.66
11088375,25.52,54.94,216.00,28.43,46.55
11118423,25.54,54.63,216.00,28.43,46.35
11148471,25.60,54.20,218.00,28.43,46.14
11178521,25.60,54.23,218.00,28.46,46.11
11208569,25.57,54.60,217.00,28.42,46.18
11238617,25.57,54.42,215.00,28.43,46.14
11268665,25.56,54.52,213.00,28.42,46.18
11298712,25.57,54.85,213.00,28.43,46.24
11328760,25.56,54.96,213.00,28.43,46.39
11358808,25.58,54.97,216.00,28.42,46.34
11388856,25.60,55.17,221.00,28.43,46.43
11418903,25.56,55.28,226.00,28.43,46.50
11448951,25.57,55.32,236.00,28.46,46.54
11478999,25.61,55.06,239.00,28.43,46.45
11509047,25.61,54.99,242.00,28.44,46.39
11539096,25.60,55.14,241.00,28.46,46.43
11569147,25.60,55.01,239.00,28.43,46.39
11599195,25.64,55.03,239.00,28.44,46.41
11629243,25.62,55.04,239.00,28.46,46.42
11659290,25.62,54.62,235.00,28.44,46.20
11689338,25.61,54.63,232.00,28.44,46.20
11719386,25.63,54.69,229.00,28.44,46.21
11749434,25.65,54.98,226.00,28.44,46.30
11779481,25.67,54.61,223.00,28.47,46.18
11809529,25.66,54.77,222.00,28.46,46.26
11839578,25.66,54.84,220.00,28.46,46.41
11869626,25.65,54.87,220.00,28.46,46.36
11899674,25.67,54.36,218.00,28.46,46.10
11929723,25.69,54.32,215.00,28.44,46.01
11959773,25.70,54.40,213.00,28.47,46.04
11989820,25.68,54.61,211.00,28.47,46.19
12019868,25.65,54.69,208.00,28.49,46.20
12049915,25.68,54.60,208.00,28.49,46.19
12079964,25.69,54.44,206.00,28.47,46.06
12110011,25.72,54.39,204.00,28.47,45.99
12140059,25.71,54.41,203.00,28.49,46.03
12170107,25.70,54.42,204.00,28.49,46.03
12200156,25.73,54.63,204.00,28.50,46.09
12230203,25.72,54.69,204.00,28.50,46.17
12260251,25.74,54.78,204.00,28.53,46.26
12290298,25.71,54.60,204.00,28.52,46.13
12320351,25.71,54.34,205.00,28.52,45.98
12350399,25.72,54.64,205.00,28.52,46.03
12380447,25.70,54.78,204.00,28.49,46.26
12410494,25.69,54.79,207.00,28.53,46.18
12440543,25.69,54.76,208.00,28.52,46.15
12470590,25.65,54.94,208.00,28.54,46.19
12500638,25.64,54.84,208.00,28.54,46.12
12530686,25.66,54.87,210.00,28.53,46.09
12560735,25.64,54.71,211.00,28.56,46.05
12590782,25.65,54.47,211.00,28.53,46.03
12620830,25.67,53.96,212.00,28.54,45.70
12650877,25.69,53.68,212.00,28.53,45.56
12680929,25.67,53.82,213.00,28.50,45.54
12710979,25.68,53.92,213.00,28.49,45.56
12741026,25.69,53.96,212.00,28.53,45.51
12771075,25.67,54.22,211.00,28.52,45.71
12801122,25.64,54.29,211.00,28.50,45.74
12831170,25.64,54.39,213.00,28.52,45.68
12861217,25.65,54.09,214.00,28.53,45.65
12891266,25.67,54.09,214.00,28.54,45.64
12921314,25.65,54.04,215.00,28.49,45.63
12951362,25.68,53.98,217.00,28.52,45.59
12981409,25.70,53.96,217.00,28.53,45.63
13011458,25.71,53.90,216.00,28.54,45.59
13041505,25.71,54.20,219.00,28.53,45.63
13071556,25.71,53.88,218.00,28.52,45.60
13101603,25.71,54.04,219.00,28.54,45.56
13131654,25.70,54.04,220.00,28.54,45.65
13161701,25.71,53.40,221.00,28.54,45.41
13191749,25.71,53.60,220.00,28.53,45.28
13221796,25.71,53.41,220.00,28.54,45.33
13251846,25.74,53.25,218.00,28.50,45.18
13281893,25.77,53.18,218.00,28.53,45.15
13311941,25.77,53.16,217.00,28.52,45.14
13341988,25.77,53.17,217.00,28.52,45.11
13372037,25.76,53.14,216.00,28.52,45.10
13402085,25.75,52.74,217.00,28.50,44.98
13432135,25.73,52.67,217.00,28.52,44.83
13462183,25.72,52.45,216.00,28.52,44.69
13492231,25.70,51.76,216.00,28.50,44.36
13522279,25.70,51.84,216.00,28.50,44.23
13552326,25.71,51.88,213.00,28.50,44.22
13582374,25.71,51.68,212.00,28.52,44.14
13612423,25.69,51.66,209.00,28.50,44.09
13642471,25.71,51.58,210.00,28.50,44.01
13672518,25.71,51.63,210.00,28.49,44.04
13702566,25.71,51.96,211.00,28.50,44.15
13732614,25.73,51.44,210.00,28.47,43.99
13762662,25.72,52.47,210.00,28.50,44.33
13792709,25.73,51.73,212.00,28.52,44.08
13822760,25.77,51.81,214.00,28.50,44.05
13852808,25.75,51.72,218.00,28.52,44.19
13882855,25.81,51.46,222.00,28.50,43.97
13912903,25.81,51.64,227.00,28.49,44.00
13942952,25.79,51.87,228.00,28.50,44.11
13973001,25.79,51.77,230.00,28.53,44.14
14003048,25.80,51.47,232.00,28.50,43.93
14033096,25.82,51.61,234.00,28.50,43.92
14063143,25.80,51.74,235.00,28.52,43.99
14093192,25.83,50.21,237.00,28.53,43.41
14123239,25.88,50.17,237.00,28.52,43.19
14153287,25.85,50.24,237.00,28.53,43.21
14183337,25.84,50.06,234.00,28.52,43.06
14213386,25.84,50.06,231.00,28.53,42.94
14243433,25.88,50.16,230.00,28.53,42.97
14273481,25.87,50.14,229.00,28.53,42.86
14303528,25.83,50.31,229.00,28.53,43.06
14333577,25.84,50.21,227.00,28.54,42.94
14363624,25.83,50.26,226.00,28.53,42.93
14393672,25.83,50.21,226.00,28.57,42.90
14423719,25.82,50.35,226.00,28.54,42.93
14453768,25.83,50.45,224.00,28.56,42.97
14483815,25.84,50.54,224.00,28.52,42.98
14513863,25.80,50.67,225.00,28.54,43.07
14543911,25.83,50.69,227.00,28.56,43.09
14573961,25.83,50.92,227.00,28.56,43.26
14604009,25.84,50.79,226.00,28.59,43.23
14634056,25.91,50.96,231.00,28.56,43.35
14664104,25.93,51.35,307.00,28.56,43.49
14694153,25.94,51.41,316.00,28.59,43.69
14724201,25.95,51.37,329.00,28.57,43.66
14754248,25.92,51.20,347.00,28.59,43.57
14784299,25.91,50.99,339.00,28.60,43.41
14814346,25.88,51.38,347.00,28.60,43.37
14844394,25.91,51.56,419.00,28.62,43.59
14874442,25.88,51.57,408.00,28.60,43.59
14904491,25.90,51.28,409.00,28.62,43.41
14934540,25.94,51.15,413.00,28.63,43.48
14964588,25.93,51.00,420.00,28.66,43.41
14994636,25.96,50.59,416.00,28.67,43.24
15024685,25.96,50.26,414.00,28.66,43.01
15054732,25.99,50.30,402.00,28.67,43.04
15084780,25.97,50.30,378.00,28.66,43.07
15114827,25.99,50.07,366.00,28.64,42.83
15144876,26.04,49.42,356.00,28.64,42.50
15174923,26.08,48.88,345.00,28.67,42.20
15204970,26.07,49.04,324.00,28.67,42.25
15235018,26.06,49.23,311.00,28.69,42.29
15265067,26.06,48.24,305.00,28.69,41.80
15295115,26.09,48.41,297.00,28.67,41.80
15325165,26.10,48.50,291.00,28.67,41.69
15355213,26.09,48.56,284.00,28.70,41.82
15385261,26.13,48.27,280.00,28.69,41.60
15415309,26.13,48.15,277.00,28.69,41.52
15445356,26.14,48.02,276.00,28.69,41.38
15475404,26.12,47.86,272.00,28.69,41.31
15505452,26.11,48.04,267.00,28.71,41.25
15535500,26.09,48.14,260.00,28.71,41.35
15565547,26.11,47.89,259.00,28.69,41.21
15595597,26.13,48.16,256.00,28.70,41.28
15625646,26.12,48.23,254.00,28.73,41.36
15655694,26.13,48.36,253.00,28.73,41.40
15685743,26.13,48.38,253.00,28.73,41.47
15715791,26.11,48.51,256.00,28.73,41.45
15745840,26.11,48.43,258.00,28.76,41.42
15775888,26.12,48.43,262.00,28.73,41.40
15805935,26.12,48.34,262.00,28.70,41.30
15835982,26.13,48.23,263.00,28.74,41.28
15866031,26.13,48.46,263.00,28.74,41.40
15896078,26.12,48.43,264.00,28.77,41.36
15926126,26.16,48.09,263.00,28.79,41.22
15956174,26.15,48.19,263.00,28.74,41.27
15986223,26.11,48.59,262.00,28.76,41.36
16016270,26.10,48.54,261.00,28.76,41.36
16046318,26.08,48.67,261.00,28.74,41.41
16076368,26.07,48.64,260.00,28.74,41.41
16106417,26.04,48.87,260.00,28.74,41.64
16136464,26.07,48.96,259.00,28.74,41.47
16166512,26.12,47.99,260.00,28.77,41.17
16196559,26.12,47.90,260.00,28.76,41.00
16226608,26.11,48.07,259.00,28.73,40.99
16256655,26.09,48.16,260.00,28.74,41.03
16286704,26.11,48.18,260.00,28.74,41.14
16316751,26.12,48.44,260.00,28.74,41.21
16346800,26.08,48.38,261.00,28.73,41.24
16376847,26.06,48.64,260.00,28.73,41.22
16406897,26.06,48.58,259.00,28.77,41.33
16436947,26.06,48.40,258.00,28.77,41.12
16466996,26.08,48.14,257.00,28.74,41.09
16497043,26.09,47.78,259.00,28.76,40.85
16527091,26.12,47.79,259.00,28.76,40.80
16557138,26.15,47.68,259.00,28.76,40.84
16587187,26.11,47.71,257.00,28.77,40.72
16617238,26.12,47.95,256.00,28.79,40.83
16647285,26.12,48.04,257.00,28.76,40.78
16677334,26.10,48.18,259.00,28.77,40.84
16707381,26.08,48.21,260.00,28.77,41.02
16737430,26.09,48.26,260.00,28.79,40.94
16767477,26.09,48.34,260.00,28.80,40.99
16797526,26.11,48.39,261.00,28.77,41.05
16827575,26.09,48.30,261.00,28.80,40.99
16857623,26.11,48.28,261.00,28.79,40.98
16887670,26.12,47.84,262.00,28.79,40.88
16917719,26.11,48.00,264.00,28.79,40.77
16947766,26.11,47.83,264.00,28.79,40.77
16977814,26.12,47.69,264.00,28.77,40.67
17007861,26.13,47.46,263.00,28.76,40.52
17037910,26.13,46.91,261.00,28.80,40.19
17067957,26.14,46.51,256.00,28.80,40.06
17098005,26.16,46.24,253.00,28.80,39.81
17128052,26.19,46.21,248.00,28.77,39.74
17158100,26.17,46.27,243.00,28.79,39.78
17188151,26.20,46.39,239.00,28.77,39.77
17218201,26.18,46.32,236.00,28.79,39.70
17248248,26.17,46.42,232.00,28.80,39.74
17278297,26.14,46.53,229.00,28.77,39.78
17308345,26.13,46.82,228.00,28.79,39.83
17338392,26.13,46.90,225.00,28.80,39.90
17368440,26.11,47.00,222.00,28.79,39.97
17398488,26.11,47.10,220.00,28.80,39.95
17428536,26.05,47.15,221.00,28.79,40.06
17458583,26.04,46.54,220.00,28.81,39.83
17488631,26.03,46.62,219.00,28.77,39.75
17518679,25.94,47.76,219.00,28.81,39.93
17548727,25.83,47.56,222.00,28.79,40.07
17578777,25.75,47.72,225.00,28.76,39.95
17608825,25.62,47.64,227.00,28.79,39.91
17638873,25.52,47.48,228.00,28.77,39.69
17668921,25.48,47.44,229.00,28.74,39.58
17698968,25.43,47.35,230.00,28.71,39.46
17729016,25.40,47.37,231.00,28.73,39.34
17759064,25.34,47.23,230.00,28.71,39.30
17789112,25.33,47.33,231.00,28.67,39.31
17819159,25.31,46.85,233.00,28.64,39.09
17849207,25.27,47.42,233.00,28.64,39.04
17879256,25.25,46.83,232.00,28.62,38.99
17909304,25.22,47.08,232.00,28.62,38.96
17939353,25.21,46.60,233.00,28.59,38.83
17969402,25.15,47.17,235.00,28.60,38.89
17999450,25.16,46.47,236.00,28.57,38.69
18029500,25.12,46.55,237.00,28.53,38.66
18059548,25.13,46.27,238.00,28.52,38.50
18089595,25.12,46.68,238.00,28.50,38.43
18119644,25.09,46.83,240.00,28.49,38.48
18149691,25.08,46.09,241.00,28.49,38.44
18179739,25.05,46.17,240.00,28.44,38.28
18209787,25.07,46.23,239.00,28.43,38.35
18239836,25.04,46.44,239.00,28.43,38.24
18269883,25.05,45.90,238.00,28.42,38.24
18299931,25.04,46.07,238.00,28.42,38.30
18329980,25.03,46.47,239.00,28.40,38.37
18360029,25.11,45.96,240.00,28.38,38.25
18390077,25.20,45.32,237.00,28.38,38.18
18420125,25.17,45.48,235.00,28.39,38.13
18450172,25.14,45.22,234.00,28.36,38.06
18480221,25.10,45.47,233.00,28.38,38.00
18510268,25.07,45.77,233.00,28.36,38.02
18540316,25.07,45.54,234.00,28.38,37.97
18570363,25.04,46.13,235.00,28.35,37.95
18600412,25.02,45.45,236.00,28.35,37.93
18630460,25.02,45.09,235.00,28.32,37.73
18660508,25.05,45.92,236.00,28.31,37.81
18690557,25.12,45.69,235.00,28.31,37.89
18720606,25.30,45.03,233.00,28.31,37.87
18750654,25.43,44.86,228.00,28.29,37.91
18780702,25.54,44.67,224.00,28.29,37.86
18810750,25.58,45.24,218.00,28.33,38.15
18840800,25.60,44.85,217.00,28.35,38.18
18870848,25.66,44.69,216.00,28.35,37.96
18900895,25.69,44.85,214.00,28.38,38.25
18930944,25.72,44.67,214.00,28.39,38.24
18960991,25.83,44.00,212.00,28.39,37.83
18991039,25.91,43.79,209.00,28.39,37.73
19021086,25.92,44.38,206.00,28.44,37.82
19051136,25.92,44.39,203.00,28.43,37.97
19081185,25.92,44.51,203.00,28.47,38.02
19111233,25.96,43.97,202.00,28.46,37.85
19141281,25.99,44.05,202.00,28.49,37.88
19171330,26.01,43.54,201.00,28.49,37.70
19201377,26.04,44.03,201.00,28.52,37.94
19231425,26.06,43.07,200.00,28.52,37.54
19261472,26.08,43.21,200.00,28.53,37.35
19291521,26.12,43.14,199.00,28.54,37.36
19321568,26.12,42.99,197.00,28.54,37.30
19351616,26.11,43.24,199.00,28.56,37.30
19381663,26.12,42.83,199.00,28.57,37.45
19411712,26.13,42.77,199.00,28.57,37.03
19441763,26.09,42.51,199.00,28.60,37.02
19471810,26.09,42.98,198.00,28.60,37.01
19501858,26.10,42.59,200.00,28.60,36.85
19531906,26.09,42.93,200.00,28.63,36.98
19561954,26.06,42.78,199.00,28.63,37.02
19592002,26.06,42.77,198.00,28.63,36.89
19622050,26.03,42.83,200.00,28.63,36.87
19652100,26.04,42.64,200.00,28.66,36.75
19682148,26.08,42.14,199.00,28.64,36.50
19712195,26.08,42.53,198.00,28.66,36.47
19742243,26.13,42.13,198.00,28.67,36.46
19772291,26.12,42.33,198.00,28.63,36.64
19802339,26.15,41.39,196.00,28.66,36.14
19832384,26.20,41.27,196.00,28.67,35.97
19862432,26.18,41.08,195.00,28.69,35.85
19892480,26.22,40.93,196.00,28.69,35.71
19922528,26.21,42.26,195.00,28.70,36.27
19952575,26.21,40.96,195.00,28.70,36.06
19982623,26.22,41.67,194.00,28.70,35.62
20012670,26.21,41.32,194.00,28.70,36.07
20042719,26.16,42.36,191.00,28.73,36.44
20072767,26.13,42.03,191.00,28.73,36.26
20102814,26.13,41.59,191.00,28.71,36.04
20132862,26.13,41.09,188.00,28.73,35.74
20162910,26.12,41.11,190.00,28.73,35.62
20192960,26.14,40.95,190.00,28.76,35.53
20223008,26.16,40.49,191.00,28.74,35.45
20253057,26.18,41.36,189.00,28.76,34.99
20283104,26.13,41.07,189.00,28.76,35.49
20313152,26.13,41.27,188.00,28.76,35.54
20343199,26.13,41.20,186.00,28.77,35.53
20373248,26.12,41.34,182.00,28.76,35.60
20403295,26.12,40.97,181.00,28.77,35.43
20433343,26.09,41.10,181.00,28.76,35.63
20463390,26.12,40.37,182.00,28.76,35.20
20493441,26.15,40.43,182.00,28.76,34.88
20523488,26.15,40.32,183.00,28.73,34.91
20553538,26.15,40.19,184.00,28.74,34.89
20583585,26.15,40.28,186.00,28.74,34.86
20613634,26.13,40.09,190.00,28.76,34.80
20643682,26.18,38.92,190.00,28.79,34.16
20673729,26.19,39.46,190.00,28.76,34.27
20703778,26.20,38.81,189.00,28.77,34.20
20733826,26.21,38.70,191.00,28.76,33.85
20763874,26.20,39.18,190.00,28.76,33.87
20793921,26.16,39.70,190.00,28.79,34.21
20823969,26.15,39.47,190.00,28.76,34.17
20854017,26.19,38.72,190.00,28.76,33.98
20884065,26.16,40.03,189.00,28.77,34.17
20914113,26.15,38.94,189.00,28.79,33.94
20944163,26.16,38.73,186.00,28.77,33.68
20974211,26.17,38.31,188.00,28.77,33.42
21004259,26.17,38.12,189.00,28.79,33.31
21034307,26.21,37.86,189.00,28.79,33.18
21064355,26.22,38.50,192.00,28.81,33.20
21094403,26.23,38.32,194.00,28.81,33.33
21124451,26.20,39.16,192.00,28.80,33.67
21154498,26.22,38.32,190.00,28.79,33.28
21184546,26.20,38.44,190.00,28.79,33.25
21214594,26.18,38.91,193.00,28.81,33.70
21244642,26.16,38.60,192.00,28.81,33.31
21274690,26.15,37.89,193.00,28.81,32.97
21304742,26.16,37.94,194.00,28.81,33.00
21334791,26.21,36.98,194.00,28.81,32.42
21364838,26.23,36.77,193.00,28.80,32.25
21394887,26.29,36.02,194.00,28.84,31.73
21424934,26.30,36.40,194.00,28.80,31.92
21454983,26.34,36.01,191.00,28.77,31.60
21485030,26.36,35.92,192.00,28.81,31.66
21515078,26.35,35.80,192.00,28.81,31.50
21545125,26.35,35.86,192.00,28.80,31.53
21575174,26.37,35.55,191.00,28.81,31.36
21605221,26.38,35.36,191.00,28.81,31.18
21635269,26.39,35.57,191.00,28.83,31.25
21665316,26.37,35.06,191.00,28.80,30.85
21695368,26.40,34.75,189.00,28.81,30.64
21725415,26.38,34.82,188.00,28.81,30.65
21755463,26.43,34.44,186.00,28.80,30.46
21785510,26.38,34.85,185.00,28.80,30.50
21815559,26.37,35.17,185.00,28.84,31.15
21845607,26.36,34.85,185.00,28.83,30.60
21875655,26.35,34.98,186.00,28.83,30.63
21905702,26.33,35.29,185.00,28.83,30.70
21935751,26.32,35.19,186.00,28.83,30.80
21965798,26.29,36.78,187.00,28.86,31.56
21995846,26.30,35.50,185.00,28.83,30.79
22025893,26.28,37.28,184.00,28.83,31.36
22055945,26.21,36.59,186.00,28.84,31.88
22085994,26.23,36.29,188.00,28.84,31.20
22116042,26.19,37.96,189.00,28.83,31.88
22146089,26.10,39.04,189.00,28.84,32.07
22176138,26.03,38.92,194.00,28.86,32.40
22206186,26.01,37.50,222.00,28.86,32.11
22236233,26.00,36.90,218.00,28.84,31.83
22266281,26.08,35.50,215.00,28.83,30.99
22296329,26.18,35.06,214.00,28.84,30.59
22326383,26.20,35.08,212.00,28.81,30.48
22356430,26.24,34.93,210.00,28.83,30.53
22386479,26.27,34.69,210.00,28.81,30.25
22416526,26.27,34.91,210.00,28.81,30.40
22446577,26.29,34.32,208.00,28.83,30.17
22476624,26.30,34.44,207.00,28.81,30.04
22506673,26.36,34.39,206.00,28.81,29.99
22536720,26.30,34.82,204.00,28.81,30.11
22566768,26.30,35.00,204.00,28.83,30.24
22596815,26.31,35.25,205.00,28.84,30.34
22626864,26.24,37.23,206.00,28.81,31.36
22656912,26.25,35.13,207.00,28.83,30.56
22686960,26.25,35.05,206.00,28.81,30.28
22717007,26.24,36.43,204.00,28.83,31.02
22747056,26.18,36.51,206.00,28.81,31.57
22777103,26.18,36.95,205.00,28.83,30.97
22807154,26.11,37.30,206.00,28.81,31.75
22837201,26.11,37.43,207.00,28.83,31.20
22867250,26.11,37.31,206.00,28.80,31.77
22897299,26.07,37.15,206.00,28.81,31.98
22927347,26.06,37.70,207.00,28.80,32.06
22957394,26.06,37.95,207.00,28.81,32.02
22987443,26.03,37.81,206.00,28.86,32.38
23017493,26.02,38.19,207.00,28.81,31.95
23047540,26.07,36.54,206.00,28.81,31.45
23077588,26.05,37.60,208.00,28.81,32.26
23107636,26.08,37.70,210.00,28.86,31.79
23137684,26.02,38.59,212.00,28.84,32.51
23167731,26.07,37.10,212.00,28.86,31.69
23197782,26.11,36.67,212.00,28.81,31.42
23227830,26.16,36.41,211.00,28.81,31.14
23257878,26.16,36.39,208.00,28.80,31.91
23287925,26.18,35.88,207.00,28.83,31.23
23317974,26.21,37.14,206.00,28.83,31.58
23348021,26.16,38.15,207.00,28.83,32.19
23378068,26.15,37.54,209.00,28.81,31.63
23408116,26.11,38.54,209.00,28.83,32.64
23438163,26.10,37.30,211.00,28.81,31.92
23468212,26.07,37.22,211.00,28.83,31.81
23498259,26.11,36.77,211.00,28.81,31.52
23528307,26.08,38.83,211.00,28.81,32.35
23558358,26.10,38.06,212.00,28.83,32.41
23588406,26.11,37.11,213.00,28.84,31.98
23618453,26.21,35.82,213.00,28.83,31.21
23648501,26.26,35.85,209.00,28.84,31.03
23678548,26.28,35.79,206.00,28.84,30.89
23708597,26.31,35.54,204.00,28.81,30.76
23738647,26.36,35.11,201.00,28.86,30.49
23768695,26.36,35.24,200.00,28.84,30.47
23798743,26.39,34.94,199.00,28.86,30.34
23828791,26.39,35.17,198.00,28.84,30.40
23858838,26.35,35.36,197.00,28.84,30.57
23888886,26.33,35.68,198.00,28.84,30.57
23918934,26.30,35.94,199.00,28.87,31.02
23948985,26.30,35.79,201.00,28.86,30.66
23979032,26.30,35.83,200.00,28.87,30.67
24009080,26.30,35.54,201.00,28.89,30.55
24039128,26.31,36.29,200.00,28.89,30.73
24069176,26.31,34.61,199.00,28.87,30.14
24099224,26.36,34.63,199.00,28.89,30.07
24129272,26.40,34.55,198.00,28.89,29.99
24159321,26.43,34.44,197.00,28.87,29.83
24189368,26.43,34.73,195.00,28.90,29.84
24219416,26.38,34.80,195.00,28.89,30.00
24249463,26.38,34.84,196.00,28.89,29.97
24279512,26.37,35.22,196.00,28.86,30.09
24309562,26.35,34.92,195.00,28.90,30.16
24339610,26.39,35.02,196.00,28.89,30.00
24369657,26.35,35.62,198.00,28.91,30.31
24399706,26.30,35.66,197.00,28.89,30.40
24429753,26.31,35.76,196.00,28.90,30.36
24459801,26.33,35.75,197.00,28.90,30.41
24489848,26.29,36.01,196.00,28.91,30.41
24519897,26.28,36.29,195.00,28.91,30.62
24549947,26.32,35.87,195.00,28.91,30.65
24579995,26.35,35.96,195.00,28.93,30.56
24610042,26.39,36.00,196.00,28.93,30.62
24640091,26.40,36.04,199.00,28.90,30.66
24670138,26.40,36.28,200.00,28.91,30.82
24700189,26.41,36.43,201.00,28.91,30.86
24730236,26.41,36.43,202.00,28.94,30.91
24760285,26.39,37.34,205.00,28.94,31.44
24790332,26.35,36.95,207.00,28.93,31.38
24820380,26.39,36.99,207.00,28.93,31.22
24850428,26.42,37.55,207.00,28.94,31.41
24880476,26.37,37.20,209.00,28.94,31.40
24910524,26.40,36.96,210.00,28.93,31.32
24940571,26.44,37.40,209.00,28.97,31.43
24970619,26.42,38.13,209.00,28.94,31.95
25000667,26.39,37.87,211.00,28.94,31.90
25030716,26.40,37.80,211.00,28.94,31.79
25060765,26.43,37.71,211.00,28.97,31.82
25090813,26.42,38.55,212.00,28.97,32.12
25120862,26.44,37.64,212.00,28.95,31.85
25150910,26.49,37.67,214.00,28.97,31.86
25180957,26.48,37.72,215.00,28.97,31.85
25211005,26.49,37.73,217.00,28.98,31.92
25241053,26.50,37.86,216.00,28.98,31.95
25271101,26.46,38.16,213.00,28.97,32.08
25301148,26.48,37.80,214.00,29.01,32.01
25331196,26.47,37.65,215.00,29.00,31.92
25361246,26.48,37.83,218.00,29.00,31.94
25391294,26.50,38.42,217.00,29.00,32.21
25421342,26.45,37.95,217.00,29.01,32.09
25451393,26.44,38.70,217.00,29.00,32.31
25481440,26.43,37.97,217.00,29.02,32.17
25511489,26.46,37.94,217.00,28.98,32.06
25541536,26.44,38.87,216.00,29.01,32.50
25571585,26.44,38.11,215.00,29.02,32.48
25601632,26.42,38.28,215.00,29.01,32.50
25631680,26.42,38.28,216.00,29.02,32.33
25661728,26.38,38.50,215.00,29.02,32.50
25691776,26.40,38.08,215.00,29.02,32.40
25721824,26.40,37.96,215.00,29.04,32.18
25751871,26.44,38.16,217.00,29.04,32.26
25781919,26.45,38.60,217.00,29.04,32.38
25811970,26.43,38.11,216.00,29.02,32.28
25842018,26.49,37.63,215.00,29.02,31.94
25872065,26.50,37.68,216.00,29.04,31.99
25902113,26.51,37.51,216.00,29.02,31.92
25932161,26.49,37.60,218.00,29.02,31.88
25962209,26.48,37.82,217.00,29.04,31.99
25992256,26.44,38.33,215.00,29.05,31.98
26022304,26.45,37.94,214.00,29.04,32.34
26052352,26.44,37.86,212.00,29.02,31.97
26082400,26.41,39.12,212.00,29.05,32.69
26112447,26.40,37.78,213.00,29.04,32.18
26142495,26.43,37.75,212.00,29.04,31.93
26172545,26.38,38.69,211.00,29.05,32.41
26202595,26.37,37.96,211.00,29.05,32.06
26232643,26.41,38.21,211.00,29.04,32.13
26262691,26.41,37.88,209.00,29.04,32.13
26292739,26.38,38.09,210.00,29.04,31.99
26322787,26.39,37.33,211.00,29.04,32.08
26352834,26.36,37.49,210.00,29.07,31.90
26382882,26.38,38.14,209.00,29.04,31.87
26412930,26.34,38.39,209.00,29.05,32.20
26442978,26.33,39.24,209.00,29.05,32.62
26473025,26.27,38.42,209.00,29.05,32.51
26503073,26.31,37.77,210.00,29.04,32.01
26533121,26.30,39.42,208.00,29.04,32.66
26563171,26.34,37.61,210.00,29.02,31.94
26593218,26.33,38.92,209.00,29.02,32.35
26623266,26.36,37.68,210.00,29.02,31.85
26653314,26.40,37.47,211.00,29.04,31.94
26683362,26.43,37.48,210.00,29.01,31.75
26713413,26.46,37.48,208.00,29.02,31.75
26743461,26.44,37.34,209.00,29.02,31.81
26773510,26.43,37.61,209.00,29.01,31.77
26803557,26.43,37.54,209.00,29.02,31.81
26833605,26.41,37.51,207.00,29.02,31.80
26863652,26.39,38.78,207.00,29.01,32.01
26893701,26.40,37.61,206.00,29.02,31.94
26923748,26.39,37.63,206.00,29.01,31.81
26953799,26.38,37.72,205.00,29.02,31.82
26983848,26.38,38.43,206.00,29.04,31.97
27013897,26.35,38.77,207.00,29.02,32.37
27043944,26.32,38.60,208.00,29.04,32.43
27073992,26.35,37.66,210.00,29.05,31.90
27104040,26.36,37.86,209.00,29.05,31.97
27134089,26.39,37.67,208.00,29.02,31.90
27164136,26.41,37.54,205.00,29.05,31.76
27194184,26.40,37.63,205.00,29.04,31.77
27224231,26.40,38.11,204.00,29.02,31.77
27254280,26.39,37.70,204.00,29.04,31.85
27284327,26.38,37.74,204.00,29.04,31.83
27314378,26.38,37.88,204.00,29.04,31.80
27344425,26.39,37.68,204.00,29.05,31.76
27374474,26.35,38.81,203.00,29.05,32.26
27404521,26.34,38.61,205.00,29.04,32.31
27434569,26.33,39.19,205.00,29.05,32.62
27464616,26.32,38.40,205.00,29.04,32.27
27494665,26.34,38.88,206.00,29.05,32.21
27524713,26.38,37.83,206.00,29.04,31.95
27554761,26.41,37.72,207.00,29.04,31.95
27584808,26.41,38.09,206.00,29.07,31.96
27614857,26.39,38.05,205.00,29.02,32.04
27644904,26.40,38.07,207.00,29.05,31.96
27674952,26.39,39.30,208.00,29.05,32.44
27705006,26.39,37.61,210.00,29.02,32.21
27735053,26.42,37.52,209.00,29.05,31.81
27765101,26.44,37.34,207.00,29.05,31.62
27795150,26.42,39.11,208.00,29.05,32.31
27825199,26.36,38.43,207.00,29.07,32.26
27855247,26.36,38.39,207.00,29.07,32.29
27885295,26.36,38.63,208.00,29.05,32.54
27915342,26.31,38.64,211.00,29.07,32.59
27945391,26.33,39.39,210.00,29.04,32.79
27975438,26.27,38.52,211.00,29.07,32.70
28005486,26.30,38.86,214.00,29.07,32.37
28035533,26.32,38.77,213.00,29.08,32.43
28065585,26.33,39.32,213.00,29.07,32.80
28095632,26.31,39.57,213.00,29.08,32.92
28125680,26.29,39.04,215.00,29.07,32.78
28155727,26.32,39.62,216.00,29.08,32.73
28185776,26.28,39.72,217.00,29.08,33.09
28215823,26.28,39.30,218.00,29.07,32.86
28245871,26.25,40.29,217.00,29.07,33.25
28275919,26.23,39.58,219.00,29.07,33.18
28305968,26.36,38.19,221.00,29.05,32.44
28336015,26.42,37.88,219.00,29.07,32.37
28366063,26.44,38.02,219.00,29.04,32.10
28396110,26.44,38.13,218.00,29.05,32.23
28426159,26.45,38.56,217.00,29.10,32.43
28456209,26.42,39.32,216.00,29.10,32.78
28486257,26.40,38.59,215.00,29.08,32.60
28516304,26.43,39.25,213.00,29.07,32.13
28546353,26.42,37.90,212.00,29.10,32.56
28576400,26.45,37.44,211.00,29.08,31.90
28606450,26.51,37.61,210.00,29.07,31.93
28636498,26.52,37.51,207.00,29.11,31.97
28666547,26.52,37.48,208.00,29.07,31.77
28696595,26.53,38.75,207.00,29.10,32.09
28726642,26.50,37.53,206.00,29.10,31.94
28756690,26.51,37.73,206.00,29.10,31.99
28786738,26.50,38.21,206.00,29.11,32.23
28816789,26.44,39.21,206.00,29.12,32.64
28846836,26.49,37.43,208.00,29.11,32.06
28876884,26.49,38.59,208.00,29.10,32.06
28906932,26.44,38.14,208.00,29.10,32.49
28936980,26.40,38.93,210.00,29.10,32.72
28967027,26.39,39.02,210.00,29.10,32.81
28997075,26.45,37.36,212.00,29.12,31.85
29027123,26.49,36.70,210.00,29.11,31.56
29057171,26.52,36.64,207.00,29.10,31.34
29087218,26.52,38.09,205.00,29.12,31.52
29117266,26.50,37.12,204.00,29.12,31.83
29147314,26.51,38.56,205.00,29.11,31.93
29177362,26.48,37.98,206.00,29.11,32.08
29207411,26.47,37.44,207.00,29.12,31.85
29237459,26.51,37.21,206.00,29.12,31.50
29267508,26.49,38.31,207.00,29.12,32.02
29297556,26.55,36.70,210.00,29.11,31.37
29327603,26.53,37.24,210.00,29.12,31.42
29357651,26.51,37.99,210.00,29.11,31.84
29387699,26.51,38.61,212.00,29.12,32.18
29417749,26.48,38.00,213.00,29.14,32.12
29447797,26.44,39.39,214.00,29.14,32.52
29477844,26.42,37.92,217.00,29.14,32.09
29507893,26.42,38.76,219.00,29.15,32.48
29537940,26.42,37.87,220.00,29.15,31.97
29567991,26.46,37.62,219.00,29.12,32.10
29598039,26.46,37.05,219.00,29.12,31.92
29628087,26.46,37.70,219.00,29.15,31.81
29658134,26.50,36.57,217.00,29.15,31.19
29688182,26.50,36.86,216.00,29.15,31.75
29718230,26.54,35.96,216.00,29.14,30.93
29748278,26.58,35.92,214.00,29.14,30.87
29778326,26.57,36.41,212.00,29.12,30.90
29808374,26.55,36.39,212.00,29.15,31.03
29838422,26.53,36.72,211.00,29.14,31.04
29868470,26.53,36.50,210.00,29.15,30.96
29898517,26.51,37.24,208.00,29.12,31.09
29928565,26.48,38.39,207.00,29.17,31.91
29958616,26.48,36.52,206.00,29.17,31.30
29988664,26.50,36.24,205.00,29.17,30.81
30018711,26.52,36.98,203.00,29.15,31.27
30048759,26.48,38.35,205.00,29.15,31.81
30078808,26.47,38.54,206.00,29.15,32.03
30108855,26.44,38.55,208.00,29.15,31.89
30138903,26.42,37.37,209.00,29.17,31.89
30168950,26.44,37.13,209.00,29.17,31.41
30198999,26.44,38.99,209.00,29.12,32.15
30229048,26.41,39.33,210.00,29.15,31.79
30259097,26.35,40.00,211.00,29.15,32.64
30289144,26.26,40.36,217.00,29.15,32.90
30319196,26.16,40.12,232.00,29.14,32.88
30349243,26.09,40.12,239.00,29.15,32.83
30379291,25.99,40.12,241.00,29.14,32.78
30409338,25.93,39.99,241.00,29.11,32.75
30439387,25.83,40.03,243.00,29.10,32.63
30469434,25.79,39.98,244.00,29.08,32.59
30499482,25.73,39.84,244.00,29.07,32.49
30529529,25.70,39.91,245.00,29.02,32.37
30559578,25.65,39.79,244.00,29.01,32.50
30589626,25.61,39.78,244.00,29.00,32.32
30619674,25.64,37.83,242.00,28.97,32.16
30649721,25.67,39.41,240.00,28.94,31.86
30679770,25.61,39.20,237.00,28.93,32.01
30709820,25.54,39.27,237.00,28.93,31.92
30739868,25.52,39.02,236.00,28.90,31.84
30769915,25.49,39.24,236.00,28.86,31.79
30799964,25.47,38.68,236.00,28.83,31.69
30830012,25.43,38.76,237.00,28.81,31.63
30860059,25.40,38.63,236.00,28.81,31.57
30890107,25.37,38.85,236.00,28.79,31.60
30920155,25.39,38.53,235.00,28.79,31.60
30950203,25.36,38.66,234.00,28.74,31.58
30980250,25.34,38.51,233.00,28.74,31.57
31010298,25.30,38.94,232.00,28.71,31.46
31040349,25.32,38.70,233.00,28.73,31.45
31070399,25.31,38.98,233.00,28.69,31.59
31100447,25.29,38.68,232.00,28.66,31.48
31130496,25.28,38.66,233.00,28.66,31.45
31160543,25.27,38.77,235.00,28.64,31.40
31190591,25.25,38.65,235.00,28.60,31.54
31220638,25.24,38.68,236.00,28.62,31.54
31250686,25.25,39.08,238.00,28.59,31.63
31280734,25.26,38.71,236.00,28.57,31.63
31310782,25.27,38.85,239.00,28.56,31.45
31340830,25.31,38.64,240.00,28.56,31.44
31370878,25.34,38.35,241.00,28.57,31.34
31400926,25.45,36.40,241.00,28.57,30.85
31430974,25.52,37.98,240.00,28.53,31.31
31461024,25.64,36.13,239.00,28.54,31.06
31491073,25.83,35.29,236.00,28.56,30.38
31521120,25.99,35.53,231.00,28.56,30.22
31551167,26.01,37.37,226.00,28.60,31.21
31581215,26.05,38.24,226.00,28.60,31.45
31611262,26.06,35.37,226.00,28.63,30.68
31641311,26.11,38.35,225.00,28.66,31.19
31671359,26.13,35.18,224.00,28.64,30.73
31701407,26.13,37.88,223.00,28.66,31.43
31731454,26.13,38.17,225.00,28.71,31.71
31761503,26.12,38.72,227.00,28.70,31.81
31791550,26.17,35.63,230.00,28.71,31.19
31821601,26.18,35.44,230.00,28.76,31.27
31851651,26.24,34.71,228.00,28.77,30.20
31881699,26.31,34.57,221.00,28.77,29.93
31911746,26.34,34.98,218.00,28.77,30.08
31941794,26.33,36.31,214.00,28.81,29.94
31971842,26.32,36.84,214.00,28.83,31.00
32001890,26.35,34.97,215.00,28.86,30.18
32031937,26.34,37.17,212.00,28.83,30.37
32061985,26.35,34.82,212.00,28.86,30.42
32092033,26.38,37.04,213.00,28.90,30.35
32122080,26.35,37.51,213.00,28.89,31.12
32152128,26.33,35.88,216.00,28.87,31.06
32182175,26.32,38.56,217.00,28.93,31.32
32212234,26.30,35.39,220.00,28.91,31.25
32242281,26.36,35.88,219.00,28.93,30.42
32272329,26.42,34.45,219.00,28.94,29.85
32302376,26.44,34.83,216.00,28.95,29.82
32332425,26.50,34.34,212.00,28.95,29.73
32362472,26.49,34.70,209.00,28.94,29.72
32392520,26.47,35.71,208.00,28.95,29.99
32422567,26.44,37.44,209.00,28.98,31.00
32452616,26.42,37.20,212.00,28.97,31.01
32482663,26.37,37.24,216.00,29.00,31.16
32512711,26.38,37.34,220.00,29.01,30.64
32542758,26.36,38.38,222.00,29.00,31.38
32572809,26.35,37.56,227.00,29.00,31.30
32602857,26.33,38.58,231.00,28.98,31.66
32632906,26.30,38.74,233.00,29.02,31.68
32662955,26.27,37.61,235.00,29.01,31.69
32693002,26.30,37.31,237.00,29.01,30.80
32723050,26.29,36.57,232.00,29.02,30.93
32753098,26.30,36.47,229.00,29.01,30.80
32783147,26.34,36.06,227.00,29.01,30.53
32813194,26.39,34.95,226.00,29.02,30.03
32843242,26.38,37.31,222.00,29.02,31.00
32873289,26.36,35.24,221.00,29.04,30.66
32903337,26.39,37.07,222.00,29.04,30.14
32933385,26.36,37.22,221.00,29.05,30.89
32963436,26.40,37.64,222.00,29.07,30.76
32993483,26.40,38.12,225.00,29.07,31.15
33023532,26.41,35.47,226.00,29.08,30.52
33053579,26.43,35.20,227.00,29.04,30.26
33083627,26.44,35.14,228.00,29.07,30.85
33113675,26.49,35.05,232.00,29.07,29.87
33143724,26.49,34.86,232.00,29.08,29.95
33173771,26.51,34.84,232.00,29.08,29.75
33203819,26.53,35.06,234.00,29.08,29.71
33233867,26.54,36.95,235.00,29.11,30.59
33263915,26.48,37.48,237.00,29.10,31.04
33293963,26.45,37.61,240.00,29.10,31.30
33324013,26.40,38.14,240.00,29.11,31.21
33354061,26.42,35.89,243.00,29.10,30.77
33384109,26.49,35.34,246.00,29.12,30.21
33414157,26.53,35.71,246.00,29.11,30.22
33444206,26.51,36.26,248.00,29.12,30.81
33474254,26.53,37.51,247.00,29.14,30.48
33504303,26.53,35.44,246.00,29.14,30.74
33534351,26.56,35.54,246.00,29.12,30.12
33564398,26.56,35.38,244.00,29.15,30.08
33594446,26.59,36.89,245.00,29.14,30.11
33624494,26.57,35.73,244.00,29.14,30.35
33654542,26.58,35.15,243.00,29.18,29.94
33684589,26.55,37.72,242.00,29.12,30.61
33714640,26.58,34.99,241.00,29.18,30.04
33744688,26.58,35.21,241.00,29.17,29.85
33774736,26.60,36.08,240.00,29.18,30.05
33804783,26.58,35.21,241.00,29.15,29.88
33834831,26.56,35.37,241.00,29.17,29.87
33864880,26.56,36.59,241.00,29.19,29.96
33894928,26.53,36.54,240.00,29.17,30.48
33924975,26.51,35.54,241.00,29.18,30.00
33955022,26.52,36.49,240.00,29.18,30.44
33985071,26.53,35.29,238.00,29.22,30.12
34015118,26.54,35.39,237.00,29.18,29.92
34045166,26.56,36.16,235.00,29.17,30.02
34075216,26.55,35.90,234.00,29.19,30.17
34105265,26.54,35.83,235.00,29.22,30.04
34135312,26.56,35.26,234.00,29.18,29.87
34165360,26.55,35.63,235.00,29.19,29.88
34195408,26.55,37.78,234.00,29.19,30.57
34225457,26.52,35.68,235.00,29.19,30.31
34255506,26.54,35.48,234.00,29.21,29.86
34285554,26.54,35.70,233.00,29.22,29.93
34315601,26.53,36.80,234.00,29.22,30.02
34345650,26.51,36.20,234.00,29.19,30.33
34375697,26.52,35.06,233.00,29.19,29.80
34405745,26.54,35.46,233.00,29.19,29.77
34435793,26.54,35.91,231.00,29.22,30.21
34465844,26.53,35.33,231.00,29.19,29.83
34495891,26.53,35.62,231.00,29.21,29.84
34525939,26.53,37.10,230.00,29.21,30.43
34555987,26.53,35.21,231.00,29.21,30.06
34586036,26.54,36.17,232.00,29.21,29.83
34616084,26.51,37.01,231.00,29.19,30.60
34646131,26.51,35.90,231.00,29.22,30.53
34676179,26.50,36.99,231.00,29.21,30.23
34706227,26.52,36.14,231.00,29.22,30.09
34736275,26.50,37.69,233.00,29.21,30.94
34766323,26.47,36.76,233.00,29.22,30.76
34796371,26.46,35.70,232.00,29.19,30.39
34826421,26.50,35.41,232.00,29.21,29.80
34856469,26.50,37.29,231.00,29.18,30.40
34886516,26.50,35.81,231.00,29.19,30.26
34916564,26.49,35.42,231.00,29.21,29.90
34946612,26.51,36.38,233.00,29.22,29.78
34976660,26.48,37.09,234.00,29.21,30.56
35006707,26.46,36.70,234.00,29.19,30.37
35036755,26.43,36.98,233.00,29.19,30.05
35066805,26.45,37.64,233.00,29.22,30.75
35096853,26.43,38.30,234.00,29.19,30.92
35126900,26.38,37.60,234.00,29.22,30.89
35156948,26.38,37.10,233.00,29.22,30.65
35186996,26.41,35.85,234.00,29.21,30.24
35217042,26.37,37.98,237.00,29.24,30.95
35247090,26.40,35.09,237.00,29.19,30.56
35277137,26.44,34.58,234.00,29.19,29.81
35307186,26.49,34.93,232.00,29.22,29.53
35337233,26.48,36.04,230.00,29.21,29.75
35367281,26.52,34.42,229.00,29.21,29.47
35397328,26.56,33.98,228.00,29.19,29.05
35427377,26.56,33.95,226.00,29.18,29.05
35457424,26.58,33.77,224.00,29.22,28.89
35487472,26.60,34.98,221.00,29.21,28.96
35517519,26.56,34.80,218.00,29.21,29.44
35547568,26.56,34.02,219.00,29.22,28.89
35577618,26.57,34.22,218.00,29.22,29.02
35607666,26.55,33.66,217.00,29.22,28.78
35637713,26.54,35.47,216.00,29.19,28.75
35667762,26.53,37.40,215.00,29.24,29.81
35697810,26.51,36.51,215.00,29.21,29.97
35727858,26.47,36.36,220.00,29.22,29.89
35757905,26.49,37.72,221.00,29.21,30.07
35787954,26.47,38.16,222.00,29.24,30.28
35818001,26.44,36.79,223.00,29.21,30.21
35848049,26.42,37.86,223.00,29.21,30.16
35878098,26.42,38.25,225.00,29.22,30.63
35908147,26.42,36.68,228.00,29.22,30.10
35938197,26.42,37.76,230.00,29.22,30.53
35968245,26.43,36.07,231.00,29.22,30.35
35998294,26.42,37.76,232.00,29.22,29.58
36028342,26.40,38.24,232.00,29.21,30.50
36058389,26.42,34.69,232.00,29.21,30.14
36088437,26.44,34.07,232.00,29.22,28.86
36118486,26.46,35.62,231.00,29.21,29.83
36148533,26.45,34.30,228.00,29.22,29.63
36178581,26.46,36.02,227.00,29.21,29.88
36208629,26.47,35.28,227.00,29.21,28.86
36238678,26.46,37.89,228.00,29.21,30.06
36268725,26.47,33.32,229.00,29.22,28.99
36298773,26.51,34.88,229.00,29.21,28.29
36328823,26.48,36.89,225.00,29.19,29.80
36358872,26.48,37.01,225.00,29.21,30.02
36388919,26.44,36.99,228.00,29.21,30.20
36418967,26.44,37.09,232.00,29.22,30.50
36449014,26.41,36.78,235.00,29.24,30.37
36479063,26.42,37.26,237.00,29.22,30.21
36509110,26.42,37.73,240.00,29.22,30.60
36539158,26.42,34.28,244.00,29.19,29.94
36569206,26.47,33.86,242.00,29.19,28.98
36599255,26.50,33.91,234.00,29.19,28.85
36629302,26.51,34.17,226.00,29.19,28.85
36659350,26.51,35.46,225.00,29.21,29.14
36689402,26.53,35.78,224.00,29.19,29.45
36719451,26.52,36.94,222.00,29.21,29.71
36749498,26.48,37.03,223.00,29.22,30.24
36779546,26.47,36.44,227.00,29.21,30.18
36809594,26.46,36.96,232.00,29.22,30.15
36839642,26.50,34.44,238.00,29.22,29.24
36869690,26.49,37.28,238.00,29.21,29.57
36899737,26.48,36.39,239.00,29.24,29.83
36929785,26.51,36.46,241.00,29.22,29.68
36959833,26.52,34.76,244.00,29.22,30.07
36989881,26.53,36.87,242.00,29.21,29.88
37019929,26.54,35.59,242.00,29.24,29.67
37049977,26.54,34.97,239.00,29.22,29.30
37080028,26.50,36.89,236.00,29.24,30.23
37110076,26.49,37.50,239.00,29.24,30.23
37140123,26.49,37.92,240.00,29.24,30.26
37170171,26.47,37.37,241.00,29.24,30.40
37200219,26.42,38.10,241.00,29.25,30.79
37230267,26.41,37.34,243.00,29.24,30.71
37260314,26.42,37.85,244.00,29.22,30.63
37290362,26.44,37.36,247.00,29.22,30.69
37320410,26.44,34.97,247.00,29.24,30.30
37350458,26.47,35.20,247.00,29.24,29.58
37380506,26.50,35.30,245.00,29.24,29.55
37410554,26.52,36.28,243.00,29.22,30.27
37440605,26.53,35.52,241.00,29.22,30.16
37470653,26.56,34.73,238.00,29.25,29.44
37500702,26.54,37.80,236.00,29.24,29.50
37530750,26.56,34.97,234.00,29.25,29.62
37560798,26.57,34.90,233.00,29.24,29.41
37590846,26.57,36.33,229.00,29.22,29.53
37620894,26.55,36.97,227.00,29.24,30.18
37650941,26.56,37.78,228.00,29.25,30.09
37680990,26.49,37.92,227.00,29.27,30.53
37711038,26.50,37.59,230.00,29.28,30.39
37741086,26.50,37.62,233.00,29.24,30.69
37771133,26.49,36.15,237.00,29.28,30.50
37801182,26.49,35.57,237.00,29.27,29.71
37831232,26.51,34.04,238.00,29.28,29.20
37861280,26.55,34.38,237.00,29.24,28.97
37891328,26.54,37.13,236.00,29.25,29.80
37921376,26.53,37.36,239.00,29.24,30.06
37951423,26.51,35.28,242.00,29.25,29.49
37981471,26.53,36.09,243.00,29.28,29.30
38011518,26.50,37.93,241.00,29.28,30.36
38041567,26.49,37.37,244.00,29.25,30.65
38071614,26.45,37.36,246.00,29.28,30.61
38101662,26.49,34.64,248.00,29.28,29.57
38131709,26.53,35.48,247.00,29.27,29.37
38161758,26.50,38.15,247.00,29.28,30.34
38191807,26.49,37.57,248.00,29.28,30.35
38221855,26.47,36.83,252.00,29.27,30.38
38251902,26.47,37.99,253.00,29.27,30.68
38281951,26.44,38.29,254.00,29.25,30.88
38312000,26.42,37.75,255.00,29.24,30.76
38342049,26.43,37.93,257.00,29.25,30.82
38372097,26.45,38.45,257.00,29.25,30.89
38402145,26.44,38.15,260.00,29.25,30.84
38432192,26.43,36.85,261.00,29.27,30.87
38462240,26.45,38.15,262.00,29.25,30.49
38492288,26.47,35.94,262.00,29.27,30.61
38522336,26.49,35.47,264.00,29.27,29.83
38552383,26.50,35.62,264.00,29.25,30.10
38582433,26.53,36.39,264.00,29.25,29.99
38612482,26.51,35.67,261.00,29.25,29.69
38642530,26.53,35.78,259.00,29.27,29.59
38672578,26.53,36.06,257.00,29.24,29.79
38702625,26.52,36.75,256.00,29.25,29.67
38732674,26.55,35.10,253.00,29.27,29.46
38762721,26.55,34.66,251.00,29.24,29.38
38792769,26.55,37.63,249.00,29.25,29.66
38822816,26.55,34.89,251.00,29.27,29.67
38852866,26.54,37.50,252.00,29.24,29.86
38882913,26.55,35.67,253.00,29.27,30.12
38912961,26.54,35.54,252.00,29.27,29.71
38943011,26.55,37.54,251.00,29.27,29.63
38973060,26.54,36.88,250.00,29.27,30.29
39003107,26.54,34.83,249.00,29.24,29.41
39033155,26.54,35.40,247.00,29.27,29.57
39063202,26.53,35.14,246.00,29.25,29.41
39093251,26.51,37.84,243.00,29.27,29.90
39123300,26.52,36.31,243.00,29.27,30.02
39153349,26.49,37.74,241.00,29.29,30.35
39183396,26.49,36.36,241.00,29.25,30.18
39213445,26.48,37.60,240.00,29.29,29.89
39243492,26.49,37.45,239.00,29.27,30.39
39273540,26.47,35.80,240.00,29.27,29.77
39303590,26.50,35.88,240.00,29.27,29.76
39333641,26.49,36.78,240.00,29.28,30.05
39363689,26.50,37.47,239.00,29.27,30.20
39393736,26.48,38.06,241.00,29.25,30.35
39423784,26.45,36.87,241.00,29.25,30.26
39453832,26.46,35.69,242.00,29.28,29.98
39483880,26.49,34.75,240.00,29.28,29.39
39513928,26.50,34.86,237.00,29.25,29.33
39543976,26.51,36.77,235.00,29.27,29.50
39574024,26.51,36.35,233.00,29.25,29.87
39604072,26.51,35.96,232.00,29.25,29.66
39634119,26.51,36.76,233.00,29.25,29.82
39664167,26.50,36.63,232.00,29.24,30.02
39694218,26.48,37.93,234.00,29.28,30.16
39724266,26.48,37.47,234.00,29.27,30.48
39754313,26.44,36.89,235.00,29.25,30.36
39784361,26.47,37.18,234.00,29.27,30.44
39814409,26.44,37.61,234.00,29.25,30.48
39844458,26.44,35.86,235.00,29.25,30.10
39874505,26.47,36.11,234.00,29.27,29.79
39904553,26.48,36.74,234.00,29.27,29.96
39934603,26.47,36.69,232.00,29.25,30.26
39964651,26.47,36.11,231.00,29.28,30.03
39994699,26.49,36.04,232.00,29.24,30.02
40024747,26.46,36.47,232.00,29.24,30.18
40054795,26.47,36.39,239.00,29.25,30.09
40084845,26.47,36.62,245.00,29.27,30.10
40114893,26.47,37.13,250.00,29.25,30.52
40144941,26.46,36.92,253.00,29.25,30.42
40174989,26.47,36.48,258.00,29.25,30.34
40205037,26.51,36.57,262.00,29.25,30.34
40235085,26.50,36.57,263.00,29.27,30.31
40265133,26.51,36.76,264.00,29.25,30.42
40295181,26.54,38.24,265.00,29.28,30.67
40325228,26.51,37.84,267.00,29.28,30.94
40355276,26.51,37.47,268.00,29.28,30.82
40385325,26.50,38.30,271.00,29.29,30.97
40415373,26.48,38.05,274.00,29.28,31.08
40445422,26.47,37.17,276.00,29.29,30.83
40475470,26.46,37.13,276.00,29.27,30.68
40505519,26.44,37.83,272.00,29.28,30.77
40535567,26.50,37.38,271.00,29.27,30.68
40565614,26.52,38.15,270.00,29.25,30.87
40595662,26.52,37.66,270.00,29.28,30.93
40625710,26.51,37.84,270.00,29.27,30.94
40655758,26.52,37.88,271.00,29.29,30.97
40685806,26.49,37.92,270.00,29.27,31.08
40715854,26.51,37.74,303.00,29.27,31.11
40745904,26.52,37.99,341.00,29.27,31.24
40775952,26.54,38.19,355.00,29.27,31.35
40806000,26.54,38.38,366.00,29.24,31.53
40836050,26.57,38.60,386.00,29.27,31.74
40866099,26.55,38.93,412.00,29.25,31.90
40896146,26.60,39.35,427.00,29.22,32.17
40926194,26.60,39.29,446.00,29.21,32.33
40956241,26.62,39.67,476.00,29.24,32.56
40986290,26.67,39.69,495.00,29.21,32.66
41016337,26.69,39.88,509.00,29.21,32.85
41046385,26.71,40.11,520.00,29.21,33.00
41076432,26.71,40.09,533.00,29.21,33.13
41106481,26.72,40.05,548.00,29.19,33.16
41136528,26.74,40.17,558.00,29.21,33.26
41166576,26.78,40.06,564.00,29.21,33.29
41196626,26.78,40.15,566.00,29.22,33.31
41226675,26.78,40.08,567.00,29.22,33.29
41256722,26.78,40.12,565.00,29.22,33.38
41286770,26.78,40.20,561.00,29.24,33.44
41316817,26.80,40.26,553.00,29.21,33.44
41346866,26.79,40.18,538.00,29.24,33.45
41376913,26.81,40.30,527.00,29.27,33.57
41406961,26.83,40.49,525.00,29.28,33.66
41437008,26.78,40.59,529.00,29.28,33.74
41467057,26.80,41.06,533.00,29.25,34.07
41497104,26.80,41.45,541.00,29.27,34.29
41527152,26.85,41.53,579.00,29.25,34.45
41557199,26.86,41.76,608.00,29.27,34.64
41587253,26.85,41.88,616.00,29.29,34.86
41617303,26.84,42.44,623.00,29.27,35.07
41647351,26.84,43.19,633.00,29.27,35.34
41677400,26.86,43.30,642.00,29.27,35.76
41707447,26.85,43.78,655.00,29.29,35.83
41737495,26.90,44.02,680.00,29.31,36.16
41767542,26.94,44.15,690.00,29.29,36.31
41797591,26.90,44.17,694.00,29.31,36.45
41827638,26.89,44.48,693.00,29.31,36.51
41857686,26.93,44.47,695.00,29.29,36.63
41887734,26.87,44.23,695.00,29.32,36.71
41917783,26.84,44.45,691.00,29.31,36.65
41947832,26.83,44.33,685.00,29.29,36.68
41977881,26.84,44.58,681.00,29.31,36.79
42007928,26.85,44.59,681.00,29.31,36.90
42037977,26.87,44.55,685.00,29.31,36.95
42068024,26.89,44.46,689.00,29.32,36.87
42098072,26.85,44.41,688.00,29.32,36.89
42128120,26.88,44.38,688.00,29.34,36.92
42158168,26.87,44.40,691.00,29.31,36.87
42188216,26.85,44.26,693.00,29.32,36.81
42218263,26.86,44.13,695.00,29.34,36.84
42248311,26.86,44.26,697.00,29.34,36.80
42278360,26.86,44.17,695.00,29.34,36.82
42308408,26.86,44.23,694.00,29.35,36.88
42338457,26.89,44.36,694.00,29.34,36.79
42368507,26.89,44.35,697.00,29.34,36.92
42398556,26.87,44.54,700.00,29.32,37.00
42428604,26.87,45.07,704.00,29.35,37.25
42458651,26.90,45.00,709.00,29.34,37.37
42488699,26.90,45.01,721.00,29.37,37.38
42518747,26.93,45.48,725.00,29.35,37.54
42548795,26.92,45.21,729.00,29.32,37.64
42578843,26.92,45.29,729.00,29.35,37.67
42608890,26.90,45.68,729.00,29.35,37.73
42638939,26.89,45.23,727.00,29.37,37.74
42668987,26.86,45.20,723.00,29.37,37.59
42699037,26.84,44.87,704.00,29.38,37.49
42729084,26.83,45.01,681.00,29.37,37.46
42759133,26.83,44.84,667.00,29.37,37.38
42789181,26.80,44.77,656.00,29.37,37.33
42819229,26.78,44.65,638.00,29.38,37.29
42849276,26.78,44.68,627.00,29.37,37.24
42879325,26.76,44.64,621.00,29.37,37.24
42909372,26.74,44.83,619.00,29.35,37.26
42939420,26.71,44.51,623.00,29.35,37.23
42969467,26.74,44.49,623.00,29.35,37.12
42999516,26.70,44.39,619.00,29.35,37.03
43029564,26.71,44.38,615.00,29.35,37.05
43059612,26.70,43.79,608.00,29.32,36.76
43089662,26.66,43.69,598.00,29.32,36.63
43119711,26.66,43.61,581.00,29.35,36.58
43149758,26.62,43.52,568.00,29.34,36.45
43179808,26.62,43.32,551.00,29.31,36.38
43209861,26.58,43.23,530.00,29.32,36.20
43239908,26.59,43.11,515.00,29.31,36.13
43269956,26.56,42.92,500.00,29.29,36.00
43300004,26.54,42.80,487.00,29.31,35.91
43330053,26.53,42.72,474.00,29.27,35.83
43360100,26.51,42.60,465.00,29.28,35.83
43390148,26.50,42.31,454.00,29.25,35.52
43420195,26.50,42.28,432.00,29.28,35.54
43450247,26.47,42.20,419.00,29.27,35.42
43480294,26.47,42.27,414.00,29.25,35.46
43510342,26.49,42.19,407.00,29.24,35.40
43540390,26.50,42.09,402.00,29.27,35.34
43570439,26.47,42.14,396.00,29.24,35.34
43600486,26.51,41.92,390.00,29.22,35.25
43630534,26.48,41.76,385.00,29.22,35.13
43660581,26.47,41.77,376.00,29.24,35.09
43690630,26.50,41.80,367.00,29.22,35.04
43720677,26.50,41.63,359.00,29.24,35.01
43750725,26.53,41.88,356.00,29.22,35.13
43780773,26.54,41.87,358.00,29.24,35.13
43810821,26.52,41.79,360.00,29.21,35.13
43840872,26.52,41.74,362.00,29.21,35.06
43870919,26.46,41.77,364.00,29.18,35.10
43900967,26.50,41.66,364.00,29.19,35.05
43931015,26.49,41.73,363.00,29.18,35.02
43961063,26.48,41.69,362.00,29.19,35.01
43991112,26.47,41.59,362.00,29.18,34.94
44021160,26.46,41.65,357.00,29.19,34.91
44051209,26.46,41.77,354.00,29.17,34.98
44081256,26.44,41.74,351.00,29.18,35.03
44111304,26.43,41.66,347.00,29.17,34.95
44141351,26.45,41.68,340.00,29.18,35.00
44171399,26.45,41.65,333.00,29.15,34.97
44201450,26.43,41.64,327.00,29.17,34.88
44231497,26.42,41.71,323.00,29.15,34.97
44261545,26.46,41.63,322.00,29.17,34.94
44291593,26.44,41.82,315.00,29.17,34.95
44321641,26.43,41.84,313.00,29.15,35.03
44351688,26.41,42.03,312.00,29.14,35.08
44381735,26.41,42.14,313.00,29.11,35.17
44411784,26.42,42.10,312.00,29.12,35.17
44441832,26.43,42.22,310.00,29.17,35.23
44471880,26.44,42.17,310.00,29.15,35.29
44501927,26.44,41.98,312.00,29.12,35.21
44531976,26.45,41.95,311.00,29.15,35.12
44562023,26.40,42.11,312.00,29.14,35.15
44592073,26.41,42.16,314.00,29.12,35.21
44622120,26.41,41.86,317.00,29.12,35.06
44652169,26.42,41.75,316.00,29.10,35.00
44682217,26.37,41.69,312.00,29.11,34.92
44712265,26.35,41.85,308.00,29.10,34.97
44742312,26.36,41.87,302.00,29.08,35.01
44772361,26.35,41.70,300.00,29.11,34.92
44802408,26.31,41.80,296.00,29.10,34.95
44832458,26.32,41.83,291.00,29.08,34.96
44862507,26.32,41.81,287.00,29.07,34.96
44892555,26.31,41.82,282.00,29.07,34.96
44922602,26.31,41.86,280.00,29.07,35.00
44952653,26.30,41.68,278.00,29.05,34.89
44982701,26.30,41.65,274.00,29.05,34.85
45012749,26.29,42.01,270.00,29.04,35.01
45042796,26.33,42.21,267.00,29.04,35.18
45072844,26.32,41.99,266.00,29.04,35.11
45102892,26.30,41.80,266.00,29.04,34.97
45132940,26.30,42.10,266.00,29.05,35.02
45162987,26.31,42.14,266.00,29.04,35.06
45193035,26.34,42.27,266.00,29.02,35.23
45223084,26.38,42.38,267.00,29.05,35.30
45253132,26.40,42.50,269.00,29.02,35.40
45283179,26.42,42.51,271.00,29.01,35.50
45313227,26.39,42.41,274.00,29.00,35.51
45343279,26.36,42.49,273.00,29.01,35.51
45373326,26.31,42.22,273.00,29.00,35.40
45403374,26.30,42.69,271.00,29.01,35.45
45433421,26.31,42.87,272.00,29.00,35.62
45463470,26.32,42.91,271.00,28.98,35.71
45493517,26.27,42.72,271.00,29.00,35.61
45523565,26.26,42.87,273.00,29.01,35.67
45553613,26.24,42.70,274.00,29.00,35.58
45583662,26.26,42.81,272.00,29.01,35.58
45613709,26.14,42.04,270.00,29.00,35.29
45643759,26.11,42.66,263.00,28.98,35.35
45673806,26.15,42.78,257.00,29.00,35.47
45703858,26.13,42.78,253.00,29.01,35.46
45733905,26.15,42.80,250.00,28.97,35.52
45763953,26.13,42.77,245.00,28.97,35.51
45794000,26.15,42.72,241.00,28.98,35.49
45824049,26.14,42.71,239.00,29.00,35.46
45854096,26.16,42.78,238.00,28.95,35.51
45884144,26.15,42.78,238.00,28.97,35.45
45914192,26.20,42.85,238.00,28.98,35.54
45944241,26.19,42.73,239.00,28.98,35.59
45974288,26.21,43.11,242.00,28.95,35.75
46004336,26.25,43.12,249.00,28.97,35.88
46034383,26.30,43.16,257.00,28.98,35.89
46064432,26.34,43.01,262.00,28.97,35.90
46094482,26.35,42.93,265.00,28.97,35.90
46124530,26.39,42.98,268.00,29.01,35.93
46154577,26.35,42.77,270.00,29.01,35.89
46184626,26.38,42.65,273.00,29.01,35.73
46214673,26.39,42.76,273.00,29.01,35.74
46244721,26.38,42.46,273.00,29.01,35.75
46274769,26.36,42.99,273.00,29.01,36.00
46304818,26.34,42.45,274.00,29.04,35.67
46334865,26.32,42.43,276.00,29.05,35.65
46364913,26.32,42.60,273.00,29.05,35.64
46394962,26.29,43.26,274.00,29.07,35.91
46425010,26.29,43.27,274.00,29.10,35.93
46455063,26.26,43.31,271.00,29.08,35.93
46485110,26.22,43.07,267.00,29.10,35.75
46515159,26.21,42.90,262.00,29.10,35.67
46545206,26.21,43.00,256.00,29.07,35.72
46575254,26.21,42.53,252.00,29.07,35.62
46605301,26.21,43.17,248.00,29.08,35.71
46635351,26.20,43.32,245.00,29.10,35.78
46665398,26.17,43.16,241.00,29.11,35.75
46695446,26.17,43.03,238.00,29.10,35.66
46725493,26.18,43.04,236.00,29.08,35.67
46755542,26.16,42.93,235.00,29.07,35.62
46785589,26.15,43.01,231.00,29.07,35.61
46815638,26.13,43.13,228.00,29.08,35.64
46845687,26.16,43.55,228.00,29.07,35.85
46875736,26.09,42.86,229.00,29.11,35.63
46905783,26.12,43.10,228.00,29.08,35.77
46935831,26.08,42.95,226.00,29.07,35.64
46965878,26.08,42.90,226.00,29.04,35.69
46995927,26.09,44.14,225.00,29.04,35.87
47025974,26.07,44.35,224.00,29.05,36.28
47056022,26.09,44.02,223.00,29.05,36.21
47086070,26.07,44.06,221.00,29.05,36.13
47116119,26.09,43.86,223.00,29.07,36.20
47146167,26.09,43.49,223.00,29.04,36.09
47176214,26.05,43.54,223.00,29.04,36.11
47206264,26.05,43.74,221.00,29.05,36.11
47236313,26.06,44.03,220.00,29.04,36.32
47266362,26.07,44.23,219.00,29.05,36.41
47296410,26.09,44.46,218.00,29.04,36.50
47326457,26.09,44.54,217.00,29.02,36.56
47356505,26.07,44.26,218.00,29.04,36.58
47386553,26.06,43.69,219.00,29.04,36.33
47416600,26.04,43.49,220.00,29.01,36.09
47446648,26.01,43.58,218.00,29.01,35.96
47476696,25.97,43.58,217.00,28.98,36.00
47506744,25.96,43.61,217.00,29.01,35.96
47536791,25.93,43.58,214.00,28.97,35.98
47566839,25.96,43.82,213.00,28.98,36.01
47596890,25.97,43.81,213.00,28.98,36.05
47626938,25.98,43.71,213.00,28.98,36.05
47656985,26.00,43.93,211.00,28.98,36.07
47687033,26.03,45.07,212.00,29.01,36.72
47717082,26.03,44.56,213.00,28.98,36.72
47747130,25.97,43.95,216.00,28.98,36.38
47777177,25.97,43.97,220.00,29.00,36.22
47807225,25.99,43.86,224.00,28.98,36.35
47837273,25.98,44.02,226.00,29.00,36.36
47867321,25.98,43.85,228.00,28.97,36.28
47897368,26.02,43.86,232.00,28.97,36.27
47927416,26.03,44.19,233.00,28.97,36.41
47957467,26.01,45.13,234.00,28.95,37.01
47987515,26.00,44.62,239.00,28.95,36.87
48017562,25.98,44.41,243.00,28.98,36.69
48047610,26.01,44.75,244.00,28.94,36.76
48077661,26.01,44.89,244.00,28.97,36.87
48107709,26.00,45.67,245.00,28.97,37.19
48137757,26.02,45.51,248.00,28.95,37.50
48167804,26.03,45.40,250.00,28.97,37.50
48197853,25.99,45.20,253.00,28.97,37.24
48227900,25.93,45.90,257.00,28.97,37.42
48257948,25.96,46.08,268.00,28.98,37.51
48287995,26.00,46.29,281.00,28.93,37.65
48318044,26.00,45.91,307.00,28.94,37.63
48348094,25.96,45.93,317.00,28.97,37.59
48378142,25.96,45.96,313.00,28.95,37.58
48408189,25.95,45.91,307.00,28.94,37.64
48438238,25.93,45.93,301.00,28.94,37.59
48468286,25.94,45.83,298.00,28.93,37.60
48498334,25.94,46.08,294.00,28.93,37.65
48528381,25.93,46.12,292.00,28.94,37.72
48558430,25.98,46.27,290.00,28.91,37.87
48588477,26.02,45.95,288.00,28.91,37.91
48618525,26.00,45.60,287.00,28.93,37.65
48648572,26.05,45.60,286.00,28.91,37.98
48678622,26.03,45.51,285.00,28.93,37.68
48708671,26.02,45.78,283.00,28.93,37.72
48738719,26.03,45.53,278.00,28.94,37.72
48768766,26.05,45.50,275.00,28.93,37.69
48798815,26.04,46.40,273.00,28.95,38.15
48828863,26.03,47.25,272.00,28.94,38.36
48858911,26.02,48.14,272.00,28.95,38.87
48888961,25.99,46.59,272.00,28.94,38.31
48919009,25.97,46.49,270.00,28.94,38.54
48949056,25.98,46.28,268.00,28.95,38.26
48979104,25.94,46.12,265.00,28.95,38.07
49009153,25.91,46.00,263.00,28.94,37.97
49039200,25.92,46.13,259.00,28.94,37.95
49069248,25.93,46.22,256.00,28.95,37.97
49099298,25.93,46.43,253.00,28.95,38.02
49129347,25.91,46.47,251.00,28.94,38.12
49159394,25.90,46.33,251.00,28.95,38.14
49189442,25.88,46.45,249.00,28.95,38.14
49219489,25.88,46.17,245.00,28.95,38.02
49249538,25.86,46.61,241.00,28.94,38.03
49279586,25.92,46.14,240.00,28.93,38.13
49309634,25.96,46.58,243.00,28.93,38.39
49339681,25.96,46.77,247.00,28.91,38.32
49369730,25.97,46.43,249.00,28.94,38.27
49399777,26.00,46.46,250.00,28.93,38.25
49429825,26.02,46.18,249.00,28.93,38.20
49459875,26.03,46.90,248.00,28.93,38.55
49489924,26.00,46.89,249.00,28.97,38.70
49519971,26.03,46.96,247.00,28.97,38.73
49550019,26.03,47.04,246.00,28.95,38.69
49580067,26.02,47.46,246.00,28.97,38.87
49610116,26.01,47.17,246.00,28.95,38.78
49640163,26.02,47.04,246.00,28.95,38.73
49670211,25.98,47.24,246.00,28.98,38.71
49700260,25.97,47.39,247.00,28.95,38.88
49730309,25.97,47.19,247.00,28.97,38.91
49760356,25.97,47.06,245.00,28.95,38.67
49790404,25.97,47.59,242.00,28.93,39.04
49820451,25.97,47.65,241.00,28.95,39.03
49850503,26.01,47.24,238.00,28.95,38.95
49880550,26.00,47.41,240.00,28.95,38.91
49910598,25.99,47.25,242.00,28.94,38.82
49940646,26.02,47.49,244.00,28.97,39.02
49970694,26.00,47.08,244.00,28.97,38.94
50000742,26.03,47.07,244.00,28.95,38.83
50030789,25.98,47.29,244.00,28.97,38.73
50060837,25.96,47.60,242.00,28.95,39.04
50090885,25.94,47.16,235.00,28.94,39.01
50120933,25.95,46.97,235.00,28.95,38.83
50150980,25.94,46.74,234.00,28.97,38.78
50181027,25.97,46.78,234.00,28.95,38.66
50211078,25.93,46.84,233.00,28.95,38.63
50241126,25.85,47.01,231.00,28.95,38.62
50271173,25.85,46.97,232.00,28.94,38.50
50301221,25.85,46.92,232.00,28.94,38.61
50331269,25.84,47.14,231.00,28.93,38.59
50361317,25.80,47.22,232.00,28.93,38.63
50391364,25.79,47.25,233.00,28.94,38.67
50421412,25.77,47.32,235.00,28.94,38.62
50451461,25.76,47.40,236.00,28.91,38.73
50481508,25.74,47.37,238.00,28.90,38.67
50511558,25.75,47.27,238.00,28.90,38.66
50541606,25.73,47.42,239.00,28.89,38.75
50571654,25.70,47.53,241.00,28.87,38.73
50601700,25.70,47.49,241.00,28.86,38.76
50631748,25.68,47.61,241.00,28.86,38.85
50661795,25.67,47.67,243.00,28.86,38.85
50691844,25.69,47.60,246.00,28.87,38.89
50721891,25.68,47.67,247.00,28.86,38.93
50751939,25.72,47.55,248.00,28.84,38.92
50781986,25.74,47.58,250.00,28.84,38.89
50812036,25.73,47.70,250.00,28.81,39.03
50842083,25.77,47.59,250.00,28.83,38.95
50872131,25.76,47.67,247.00,28.81,39.06
50902178,25.76,47.87,247.00,28.81,39.06
50932227,25.74,47.86,246.00,28.83,39.14
50962277,25.68,48.00,245.00,28.83,39.13
50992325,25.65,48.00,245.00,28.81,39.17
51022372,25.62,47.97,245.00,28.79,39.11
51052421,25.63,47.94,244.00,28.79,39.13
51082468,25.63,48.06,243.00,28.80,39.12
51112516,25.65,48.08,243.00,28.80,39.22
51142564,25.63,48.05,243.00,28.79,39.20
51172613,25.65,48.06,245.00,28.76,39.26
51202660,25.65,48.20,247.00,28.77,39.31
51232708,25.63,48.29,248.00,28.77,39.36
51262755,25.64,48.15,249.00,28.76,39.28
51292804,25.59,48.20,248.00,28.74,39.31
51322856,25.55,48.37,249.00,28.74,39.32
51352904,25.56,48.44,249.00,28.74,39.42
51382952,25.59,48.35,250.00,28.73,39.46
51413001,25.59,48.43,251.00,28.73,39.45
51443049,25.55,48.60,251.00,28.74,39.49
51473096,25.53,48.51,251.00,28.73,39.49
51503144,25.54,48.54,250.00,28.74,39.51
51533192,25.58,48.47,250.00,28.71,39.59
51563240,25.60,48.39,250.00,28.71,39.52
51593287,25.64,48.37,249.00,28.71,39.54
51623335,25.67,48.69,246.00,28.73,39.72
51653383,25.69,48.55,245.00,28.74,39.96
51683431,25.72,48.60,243.00,28.73,39.92
51713481,25.70,49.16,241.00,28.73,40.09
51743529,25.73,49.19,237.00,28.74,40.21
51773578,25.75,49.02,235.00,28.71,40.14
51803626,25.73,48.80,233.00,28.73,40.19
51833673,25.73,49.19,233.00,28.74,40.38
51863721,25.73,49.00,233.00,28.73,40.26
51893769,25.75,48.78,236.00,28.77,40.21
51923817,25.75,48.96,237.00,28.76,40.20
51953864,25.79,48.85,238.00,28.76,40.26
51983912,25.81,48.79,240.00,28.74,40.05
52013961,25.80,49.13,239.00,28.76,40.40
52044009,25.77,49.15,239.00,28.79,40.43
52074058,25.73,49.17,238.00,28.76,40.29
52104107,25.71,49.19,239.00,28.79,40.33
52134157,25.65,49.27,239.00,28.77,40.29
52164205,25.66,49.34,240.00,28.74,40.39
52194252,25.64,49.16,241.00,28.76,40.35
52224301,25.59,49.32,242.00,28.74,40.33
52254349,25.56,49.41,243.00,28.73,40.35
52284397,25.58,49.26,242.00,28.73,40.26
52314444,25.61,49.39,240.00,28.73,40.30
52344493,25.59,49.25,238.00,28.71,40.39
52374540,25.57,49.21,239.00,28.74,40.28
52404588,25.58,49.37,239.00,28.73,40.31
52434635,25.60,49.33,239.00,28.71,40.35
52464687,25.58,49.37,240.00,28.71,40.36
52494735,25.55,49.60,240.00,28.69,40.46
52524782,25.58,49.39,242.00,28.69,40.34
52554830,25.61,49.26,243.00,28.73,40.38
52584878,25.61,49.48,241.00,28.71,40.48
52614926,25.58,49.40,242.00,28.69,40.46
52644974,25.55,49.52,242.00,28.69,40.50
52675022,25.52,49.59,241.00,28.70,40.54
52705070,25.47,49.74,238.00,28.70,40.57
52735118,25.45,49.85,236.00,28.66,40.63
52765165,25.43,49.95,236.00,28.64,40.72
52795213,25.45,49.77,236.00,28.66,40.64
52825264,25.44,49.81,235.00,28.64,40.62
52855312,25.44,49.96,235.00,28.64,40.71
52885359,25.40,50.15,234.00,28.66,40.77
52915407,25.43,50.04,233.00,28.64,40.72
52945457,25.43,49.99,230.00,28.63,40.77
52975505,25.49,49.78,230.00,28.64,40.68
53005552,25.52,49.97,227.00,28.64,40.77
53035600,25.54,49.56,227.00,28.64,40.72
53065648,25.56,49.73,228.00,28.63,40.91
53095696,25.60,49.46,228.00,28.63,40.78
53125743,25.60,49.49,228.00,28.63,40.81
53155791,25.63,49.57,227.00,28.63,40.84
53185840,25.63,49.60,226.00,28.66,40.79
53215890,25.66,49.45,227.00,28.66,40.75
53245938,25.66,49.71,227.00,28.63,40.84
53275985,25.65,49.79,227.00,28.63,40.91
53306034,25.65,50.13,227.00,28.64,41.12
53336081,25.65,50.07,229.00,28.66,41.14
53366129,25.66,49.93,232.00,28.66,41.10
53396176,25.69,49.96,233.00,28.66,41.20
53426225,25.66,50.54,233.00,28.66,41.48
53456272,25.66,50.79,233.00,28.64,41.64
53486320,25.65,50.13,232.00,28.66,41.60
53516367,25.68,50.09,229.00,28.64,41.37
53546416,25.66,49.98,227.00,28.66,41.27
53576465,25.62,49.70,226.00,28.67,41.06
53606514,25.49,50.06,227.00,28.66,40.99
53636561,25.46,50.18,228.00,28.66,41.11
53666610,25.46,50.21,227.00,28.66,41.07
53696657,25.43,50.18,226.00,28.67,41.05
53726705,25.42,50.21,227.00,28.67,41.15
53756752,25.42,50.35,224.00,28.63,41.06
53786803,25.39,50.37,223.00,28.64,41.02
53816851,25.39,50.45,221.00,28.62,41.12
53846899,25.35,50.43,221.00,28.62,41.06
53876947,25.36,50.46,223.00,28.62,41.15
53906995,25.32,50.47,223.00,28.62,41.22
53937043,25.31,50.71,223.00,28.60,41.20
53967093,25.30,50.65,225.00,28.57,41.22
53997142,25.32,50.55,223.00,28.60,41.29
54027189,25.37,50.44,222.00,28.57,41.21
54057237,25.40,50.31,221.00,28.57,41.20
54087284,25.43,50.26,221.00,28.56,41.17
54117332,25.43,50.32,222.00,28.56,41.23
54147381,25.41,50.34,225.00,28.57,41.22
54177429,25.42,50.29,224.00,28.56,41.22
54207476,25.40,50.41,225.00,28.56,41.25
54237524,25.38,50.43,224.00,28.54,41.31
54267572,25.38,50.47,223.00,28.56,41.28
54297620,25.37,50.38,223.00,28.52,41.29
54327670,25.33,50.51,224.00,28.53,41.29
54357719,25.30,50.54,221.00,28.53,41.27
54387766,25.30,50.50,219.00,28.52,41.19
54417814,25.29,50.40,218.00,28.54,41.23
54447861,25.29,50.69,218.00,28.54,41.31
54477910,25.26,50.68,217.00,28.54,41.32
54507958,25.22,50.59,217.00,28.50,41.29
54538006,25.23,50.65,218.00,28.50,41.33
54568053,25.23,50.81,219.00,28.50,41.33
54598104,25.24,50.75,219.00,28.50,41.34
54628151,25.23,50.67,221.00,28.49,41.34
54658199,25.21,50.82,220.00,28.49,41.42
54688247,25.23,50.89,221.00,28.47,41.49
54718298,25.23,50.79,220.00,28.49,41.45
54748346,25.24,50.93,218.00,28.46,41.51
54778393,25.27,50.79,220.00,28.46,41.49
54808441,25.26,50.92,219.00,28.46,41.59
54838489,25.26,50.81,219.00,28.47,41.60
54868537,25.26,50.85,220.00,28.44,41.61
54898584,25.22,50.82,221.00,28.44,41.61
54928632,25.24,50.77,222.00,28.44,41.52
54958681,25.24,50.82,222.00,28.43,41.61
54988729,25.23,50.86,222.00,28.44,41.65
55018776,25.24,50.69,222.00,28.43,41.62
55048824,25.24,50.78,220.00,28.40,41.61
55078875,25.23,50.84,218.00,28.39,41.59
55108923,25.21,50.94,216.00,28.39,41.62
55138970,25.21,50.96,216.00,28.40,41.63
55169018,25.20,50.95,218.00,28.39,41.66
55199066,25.17,50.85,219.00,28.38,41.64
55229114,25.15,51.09,218.00,28.39,41.71
55259162,25.17,51.17,218.00,28.42,41.76
55289210,25.18,51.06,218.00,28.39,41.83
55319258,25.18,51.24,218.00,28.39,41.87
55349306,25.15,51.38,220.00,28.39,41.87
55379353,25.16,51.41,220.00,28.38,41.88
55409402,25.17,51.31,220.00,28.39,41.96
55439452,25.18,51.42,219.00,28.39,41.93
55469501,25.17,51.30,221.00,28.38,41.89
55499549,25.20,51.30,221.00,28.38,41.91
55529597,25.20,51.34,220.00,28.38,41.93
55559646,25.20,51.31,221.00,28.38,41.96
55589693,25.25,51.25,221.00,28.40,42.00
55619741,25.26,51.27,222.00,28.40,41.98
55649788,25.23,51.43,223.00,28.40,42.02
55679837,25.28,51.13,224.00,28.40,41.93
55709884,25.27,51.31,225.00,28.38,42.03
55739932,25.29,51.11,225.00,28.39,42.02
55769980,25.29,51.19,223.00,28.39,42.05
55800029,25.27,51.32,225.00,28.39,42.10
55830078,25.23,51.34,227.00,28.36,42.11
55860126,25.23,51.33,228.00,28.38,42.13
55890173,25.19,51.45,227.00,28.38,42.20
55920222,25.19,51.44,229.00,28.36,42.19
55950269,25.19,51.37,229.00,28.38,42.18
55980317,25.22,51.53,228.00,28.35,42.20
56010365,25.18,51.51,229.00,28.38,42.15
56040414,25.18,51.49,228.00,28.36,42.18
56070461,25.17,51.53,227.00,28.35,42.20
56100509,25.16,51.47,227.00,28.36,42.22
56130556,25.20,51.56,225.00,28.35,42.18
56160605,25.19,51.47,224.00,28.35,42.20
56190652,25.18,51.68,223.00,28.36,42.30
56220711,25.19,51.56,224.00,28.35,42.28
56250760,25.20,51.61,222.00,28.35,42.28
56280807,25.18,51.54,221.00,28.36,42.24
56310855,25.20,51.44,221.00,28.35,42.20
56340903,25.22,51.39,221.00,28.36,42.25
56370951,25.22,51.35,222.00,28.35,42.25
56400999,25.22,51.59,222.00,28.33,42.19
56431047,25.19,51.60,224.00,28.33,42.32
56461094,25.22,51.43,225.00,28.35,42.32
56491143,25.22,51.64,227.00,28.36,42.35
56521190,25.23,51.48,228.00,28.33,42.36
56551238,25.22,51.66,229.00,28.35,42.42
56581287,25.20,51.80,229.00,28.35,42.44
56611336,25.18,51.82,228.00,28.36,42.44
56641384,25.17,51.80,227.00,28.33,42.43
56671432,25.15,51.90,225.00,28.33,42.43
56701479,25.14,51.80,226.00,28.35,42.45
56731528,25.13,51.84,225.00,28.33,42.41
56761575,25.11,51.77,224.00,28.32,42.46
56791623,25.09,51.82,223.00,28.32,42.47
56821671,25.09,51.85,224.00,28.32,42.52
56851720,25.12,51.73,224.00,28.32,42.50
56881767,25.09,51.98,226.00,28.31,42.51
56911815,25.07,51.96,227.00,28.28,42.53
56941863,25.06,52.06,227.00,28.28,42.55
56971916,25.07,51.94,228.00,28.29,42.51
57001964,25.07,52.06,227.00,28.28,42.55
57032011,25.03,51.99,226.00,28.28,42.61
57062060,25.05,51.99,227.00,28.26,42.54
57092107,25.03,51.96,230.00,28.26,42.53
57122155,25.04,51.93,230.00,28.28,42.49
57152202,25.05,51.64,230.00,28.25,42.45
57182251,25.03,51.71,229.00,28.25,42.39
57212299,25.04,51.72,227.00,28.26,42.39
57242347,25.02,51.67,227.00,28.25,42.32
57272394,25.01,51.60,227.00,28.25,42.36
57302443,25.02,51.54,226.00,28.28,42.32
57332493,25.02,51.54,227.00,28.23,42.29
57362541,25.02,51.56,227.00,28.23,42.28
57392588,25.03,51.41,228.00,28.23,42.29
57422637,25.07,51.43,227.00,28.23,42.30
57452685,25.09,51.37,226.00,28.25,42.31
57482733,25.10,51.37,227.00,28.25,42.25
57512780,25.10,51.50,228.00,28.23,42.29
57542829,25.10,51.58,228.00,28.25,42.29
57572876,25.11,51.49,230.00,28.26,42.26
57602923,25.15,51.38,229.00,28.28,42.29
57632972,25.19,51.15,230.00,28.26,42.27
57663020,25.23,50.88,230.00,28.25,42.20
57693068,25.27,51.23,230.00,28.26,42.34
57723118,25.24,51.26,229.00,28.28,42.26
57753166,25.26,51.24,228.00,28.31,42.30
57783216,25.28,51.33,230.00,28.29,42.31
57813264,25.26,51.26,230.00,28.29,42.40
57843312,25.24,50.95,229.00,28.31,42.34
57873360,25.25,51.13,228.00,28.33,42.25
57903408,25.26,51.29,229.00,28.33,42.24
57933456,25.26,51.21,230.00,28.32,42.24
57963503,25.27,51.16,231.00,28.33,42.45
57993551,25.27,51.23,231.00,28.33,42.36
58023599,25.23,51.42,231.00,28.35,42.45
58053647,25.20,51.64,231.00,28.36,42.48
58083697,25.19,51.61,228.00,28.35,42.40
58113745,25.14,52.04,229.00,28.35,42.51
58143793,25.14,51.96,229.00,28.33,42.53
58173842,25.11,51.80,230.00,28.32,42.51
58203889,25.09,51.92,229.00,28.29,42.60
58233937,25.03,52.09,228.00,28.32,42.60
58263986,25.05,52.27,226.00,28.31,42.65
58294033,25.06,52.01,226.00,28.29,42.68
58324081,25.10,52.08,228.00,28.25,42.69
58354129,25.07,52.09,230.00,28.28,42.64
58384178,25.09,52.06,234.00,28.29,42.67
58414225,25.08,52.13,236.00,28.29,42.65
58444273,25.05,52.17,237.00,28.28,42.68
58474323,25.05,52.41,239.00,28.28,42.75
58504372,25.03,52.47,245.00,28.25,42.83
58534419,25.05,52.34,248.00,28.26,42.83
58564467,25.02,52.41,248.00,28.26,42.82
58594516,25.02,52.66,248.00,28.25,42.80
58624565,24.96,52.92,246.00,28.26,42.96
58654612,24.93,52.97,245.00,28.26,43.00
58684660,24.92,53.02,240.00,28.23,42.98
58714708,24.94,52.91,237.00,28.23,43.09
58744757,24.98,52.78,236.00,28.23,43.05
58774804,25.02,52.39,234.00,28.23,43.02
58804852,25.06,52.73,232.00,28.23,43.10
58834903,25.06,52.63,233.00,28.26,43.17
58864951,25.06,52.74,232.00,28.23,43.17
58894999,25.01,53.07,235.00,28.23,43.28
58925046,25.02,52.90,235.00,28.23,43.28
58955095,25.04,53.23,238.00,28.21,43.46
58985142,25.07,52.50,242.00,28.21,43.49
59015190,25.13,52.46,253.00,28.23,43.40
59045237,25.15,52.84,256.00,28.22,43.40
59075286,25.12,52.72,258.00,28.22,43.43
59105333,25.09,52.70,256.00,28.25,43.38
59135381,25.08,53.01,253.00,28.23,43.47
59165428,25.04,52.93,251.00,28.23,43.53
59195476,25.03,53.29,247.00,28.22,43.60
59225527,25.04,53.03,245.00,28.22,43.39
59255575,24.99,53.19,243.00,28.22,43.52
59285622,24.98,53.25,240.00,28.22,43.53
59315671,24.97,53.34,237.00,28.22,43.56
59345718,24.95,53.51,236.00,28.23,43.55
59375766,24.89,53.66,233.00,28.21,43.62
59405813,24.86,53.64,232.00,28.18,43.68
59435864,24.82,53.54,229.00,28.19,43.69
59465911,24.81,53.87,226.00,28.15,43.74
59495959,24.81,53.84,224.00,28.19,43.86
59526006,24.78,54.03,222.00,28.15,43.85
59556055,24.78,54.06,219.00,28.13,43.87
59586105,24.74,54.20,217.00,28.11,43.99
59616153,24.74,54.10,217.00,28.11,43.95
59646200,24.74,54.05,219.00,28.08,43.87
59676249,24.73,53.87,222.00,28.08,43.67
59706296,24.72,54.29,226.00,28.05,43.90
59736344,24.70,54.19,227.00,28.05,43.90
59766395,24.72,54.21,227.00,28.05,43.98
59796443,24.74,54.22,230.00,28.02,44.07
59826491,24.76,54.22,231.00,28.02,44.18
59856539,24.78,54.12,229.00,28.01,44.15
59886587,24.82,54.00,228.00,28.02,44.19
59916635,24.79,54.21,227.00,28.00,44.30
59946683,24.79,54.15,225.00,28.02,44.32
59976733,24.85,54.05,225.00,28.02,44.21
60006781,24.84,54.01,224.00,28.01,44.21
60036829,24.86,53.82,223.00,28.02,44.22
60066877,24.87,54.07,223.00,28.02,44.31
60096924,24.86,53.91,221.00,28.01,44.17
60126972,24.85,53.89,220.00,28.02,44.20
60157021,24.86,53.85,219.00,28.02,44.26
60187069,24.86,53.74,218.00,28.04,44.31
60217116,24.90,53.82,217.00,28.04,44.22
60247166,24.89,53.82,216.00,28.02,44.31
60277214,24.89,53.91,216.00,28.01,44.18
60307262,24.84,53.90,217.00,28.04,44.26
60337312,24.86,53.85,217.00,28.04,44.29
60367361,24.88,53.75,217.00,28.01,44.28
60397408,24.89,54.14,215.00,28.04,44.30
60427456,24.80,54.27,214.00,28.05,44.31
60457503,24.82,54.09,214.00,28.02,44.39
60487552,24.82,54.06,214.00,28.02,44.34
60517600,24.86,54.15,213.00,28.02,44.45
60547648,24.89,54.05,213.00,28.01,44.50
60577696,24.93,53.94,212.00,28.02,44.46
60607745,24.92,54.31,212.00,28.01,44.69
60637796,24.90,54.41,213.00,28.00,44.66
60667843,24.87,54.47,213.00,28.04,44.66
60697891,24.83,54.50,211.00,28.01,44.73
60727942,24.85,54.48,209.00,28.02,44.64
60757990,24.87,54.40,208.00,28.01,44.68
60788037,24.87,54.48,206.00,28.02,44.64
60818085,24.89,54.63,205.00,28.01,44.87
60848133,24.91,54.49,206.00,28.00,44.88
60878181,24.91,54.32,206.00,28.04,44.86
60908228,24.90,54.26,205.00,28.01,44.83
60938276,24.93,54.00,204.00,28.04,44.80
60968325,24.95,54.01,203.00,28.02,44.75
60998373,24.98,54.37,202.00,28.01,45.24
61028420,24.99,54.65,203.00,28.02,45.35
61058470,24.98,54.34,203.00,28.02,45.12
61088521,24.98,54.38,204.00,28.04,45.15
61118569,24.97,54.48,206.00,28.01,45.16
61148617,24.99,54.72,207.00,28.01,45.30
61178664,24.95,54.75,209.00,28.02,45.54
61208713,24.94,54.58,209.00,28.04,45.16
61238760,24.92,54.27,210.00,28.05,44.96
61268808,24.93,54.36,211.00,28.02,45.06
61298855,24.90,54.43,211.00,28.02,44.95
61328904,24.89,54.57,212.00,28.04,45.06
61358951,24.89,54.43,212.00,28.01,44.99
61389000,24.90,54.59,210.00,28.01,45.11
61419047,24.90,54.50,211.00,28.01,45.10
61449096,24.88,54.56,209.00,28.01,44.96
61479146,24.90,54.38,209.00,28.04,44.97
61509194,24.93,54.42,207.00,28.04,44.90
61539241,24.94,54.05,206.00,28.05,44.89
61569290,24.98,54.25,206.00,28.04,45.03
61599337,24.99,54.38,206.00,28.05,45.08
61629385,24.94,54.64,205.00,28.04,44.92
61659433,24.97,54.77,205.00,28.05,45.58
61689482,24.98,54.52,207.00,28.05,45.18
61719529,24.95,54.50,209.00,28.05,45.10
61749577,24.97,54.61,209.00,28.01,45.27
61779624,24.95,54.61,212.00,28.02,45.14
61809673,24.88,54.87,212.00,28.05,45.06
61839725,24.90,55.00,212.00,28.05,45.30
61869773,24.86,55.05,214.00,28.04,45.24
61899822,24.85,55.02,215.00,28.02,45.26
61929869,24.84,54.89,216.00,28.02,45.29
61959917,24.85,55.07,216.00,28.01,45.21
61989964,24.86,54.79,215.00,28.02,45.31
62020013,24.90,55.17,217.00,28.01,45.50
62050060,24.89,55.06,219.00,28.00,45.34
62080108,24.89,55.49,220.00,28.01,45.75
62110155,24.87,54.42,220.00,28.01,45.43
62140204,24.85,55.09,218.00,28.01,45.31
62170251,24.86,54.95,217.00,28.00,45.27
62200299,24.87,54.88,214.00,28.00,45.20
62230349,24.81,55.06,213.00,28.01,45.18
62260398,24.82,55.10,212.00,28.00,45.19
62290445,24.82,54.86,211.00,28.00,45.23
62320493,24.78,55.06,209.00,27.98,45.09
62350540,24.78,54.94,207.00,28.01,45.13
62380589,24.78,54.81,204.00,28.01,45.07
62410636,24.75,55.00,201.00,28.00,45.06
62440684,24.77,54.73,200.00,27.98,45.10
62470731,24.76,55.19,199.00,28.00,45.12
62500780,24.72,54.96,200.00,27.96,45.15
62530827,24.72,55.01,200.00,27.96,45.07
62560875,24.72,54.86,201.00,27.95,45.05
62590925,24.73,54.89,202.00,28.00,45.10
62620974,24.77,54.88,200.00,27.95,45.15
62651021,24.81,54.84,200.00,27.94,45.25
62681071,24.82,54.72,200.00,27.96,45.36
62711119,24.81,55.05,199.00,27.95,45.38
62741167,24.82,54.85,199.00,27.98,45.40
62771215,24.81,54.79,202.00,27.95,45.25
62801262,24.82,55.12,203.00,27.94,45.47
62831310,24.77,54.81,204.00,27.92,45.34
62861359,24.79,54.57,207.00,27.94,45.19
62891407,24.80,54.63,205.00,27.95,45.21
62921454,24.83,54.78,205.00,27.92,45.49
62951502,24.82,54.67,204.00,27.95,45.16
62981553,24.83,54.60,203.00,27.95,45.24
63011601,24.82,54.37,203.00,27.92,45.05
63041648,24.84,54.55,203.00,27.96,45.39
63071696,24.84,54.37,205.00,27.94,45.18
63101744,24.85,53.98,206.00,27.96,44.99
63131792,24.86,54.28,205.00,27.94,45.16
63161840,24.83,54.20,205.00,27.94,44.85
63191888,24.83,53.91,204.00,27.95,44.84
63221937,24.79,53.76,204.00,27.94,44.67
63251984,24.79,53.76,202.00,27.94,44.55
63282032,24.74,53.78,200.00,28.00,44.50
63312079,24.74,53.71,199.00,27.94,44.45
63342131,24.75,53.87,196.00,27.94,44.45
63372178,24.75,53.63,196.00,27.94,44.43
63402226,24.77,53.64,194.00,27.94,44.56
63432274,24.78,53.71,195.00,27.92,44.76
63462323,24.77,53.81,197.00,27.92,44.71
63492372,24.78,53.88,196.00,27.92,44.70
63522420,24.81,53.51,197.00,27.92,44.51
63552467,24.80,54.10,198.00,27.91,44.64
63582516,24.78,53.44,200.00,27.89,44.51
63612563,24.78,53.61,200.00,27.89,44.45
63642611,24.80,53.65,199.00,27.91,44.63
63672658,24.80,53.69,199.00,27.89,44.49
63702707,24.82,53.58,199.00,27.91,44.60
63732757,24.82,53.68,200.00,27.89,44.56
63762805,24.81,53.42,199.00,27.92,44.62
63792854,24.81,53.45,200.00,27.91,44.47
63822902,24.85,53.52,201.00,27.92,44.53
63852950,24.83,53.71,202.00,27.91,44.70
63882997,24.82,54.02,202.00,27.92,44.74
63913046,24.86,53.61,205.00,27.91,44.82
63943093,24.81,53.48,208.00,27.94,44.54
63973141,24.83,53.64,207.00,27.92,44.74
64003188,24.85,53.17,212.00,27.91,44.52
64033236,24.83,53.47,215.00,27.91,44.39
64063285,24.81,53.35,216.00,27.94,44.39
64093335,24.78,53.23,214.00,27.91,44.29
64123382,24.77,53.46,214.00,27.89,44.30
64153432,24.70,53.60,212.00,27.91,44.30
64183479,24.64,53.56,211.00,27.88,44.20
64213527,24.66,53.58,212.00,27.88,44.13
64243574,24.66,53.80,211.00,27.92,44.24
64273623,24.67,53.67,209.00,27.89,44.31
64303672,24.69,53.77,209.00,27.88,44.33
64333721,24.70,54.07,208.00,27.88,44.53
64363768,24.73,54.14,209.00,27.91,44.67
64393817,24.74,54.45,211.00,27.87,44.71
64423864,24.74,54.28,212.00,27.88,44.73
64453912,24.71,54.01,212.00,27.85,44.55
64483962,24.74,53.69,215.00,27.87,44.40
64514011,24.74,54.07,217.00,27.89,44.48
64544058,24.74,54.56,219.00,27.85,44.79
64574105,24.75,54.27,218.00,27.88,44.82
64604153,24.77,54.05,217.00,27.84,44.78
64634202,24.77,54.02,215.00,27.87,44.84
64664250,24.79,53.82,215.00,27.85,44.98
64694297,24.79,53.93,214.00,27.84,44.76
64724345,24.82,53.81,212.00,27.85,44.70
64754393,24.78,53.92,212.00,27.85,44.89
64784441,24.80,53.90,212.00,27.84,44.76
64814489,24.77,53.88,211.00,27.87,44.83
64844539,24.75,53.89,211.00,27.88,44.71
64874587,24.70,53.69,209.00,27.87,44.55
64904635,24.66,53.74,210.00,27.84,44.44
64934682,24.67,53.49,209.00,27.87,44.38
64964730,24.70,53.73,211.00,27.85,44.43
64994778,24.70,53.55,210.00,27.84,44.40
65024826,24.72,53.78,209.00,27.85,44.66
65054873,24.72,53.76,208.00,27.85,44.42
65084921,24.72,53.92,208.00,27.85,44.57
65114971,24.73,53.91,209.00,27.84,44.75
65145019,24.72,53.42,209.00,27.84,44.50
65175066,24.71,53.73,210.00,27.85,44.67
65205114,24.67,53.67,208.00,27.84,44.42
65235166,24.66,53.66,208.00,27.85,44.40
65265213,24.63,53.73,207.00,27.82,44.33
65295261,24.62,53.83,207.00,27.84,44.39
65325308,24.67,53.75,206.00,27.84,44.40
65355357,24.64,53.74,206.00,27.84,44.37
65385404,24.61,53.66,207.00,27.81,44.31
65415452,24.61,53.56,207.00,27.80,44.32
65445499,24.60,53.42,208.00,27.82,44.24
65475548,24.63,53.49,209.00,27.82,44.27
65505595,24.60,53.65,208.00,27.82,44.25
65535643,24.63,53.64,209.00,27.82,44.31
65565690,24.63,53.40,209.00,27.80,44.23
65595742,24.61,53.42,207.00,27.81,44.20
65625789,24.62,53.37,208.00,27.82,44.13
65655837,24.60,53.45,209.00,27.80,44.16
65685884,24.59,53.61,209.00,27.81,44.15
65715934,24.59,53.65,209.00,27.80,44.18
65745981,24.62,53.62,209.00,27.81,44.22
65776029,24.64,53.68,208.00,27.78,44.18
65806076,24.63,53.74,207.00,27.80,44.35
65836125,24.64,53.72,206.00,27.80,44.33
65866172,24.64,53.58,206.00,27.78,44.29
65896220,24.63,53.82,203.00,27.80,44.41
65926273,24.66,53.95,203.00,27.77,44.57
65956321,24.62,53.96,205.00,27.77,44.50
65986367,24.62,54.03,203.00,27.78,44.47
66016414,24.60,54.01,200.00,27.80,44.43
66046462,24.57,54.11,199.00,27.78,44.54
66076511,24.61,53.94,198.00,27.78,44.43
66106559,24.60,54.12,197.00,27.78,44.53
66136606,24.59,54.08,197.00,27.77,44.60
66166654,24.63,54.00,198.00,27.75,44.66
66196702,24.63,54.33,199.00,27.75,44.86
66226750,24.61,54.56,200.00,27.74,44.94
66256798,24.60,54.32,201.00,27.77,44.94
66286846,24.62,54.47,203.00,27.75,44.99
66316894,24.59,54.67,204.00,27.75,45.01
66346944,24.59,54.28,204.00,27.75,44.91
66376992,24.59,54.50,205.00,27.74,44.92
66407041,24.61,54.36,207.00,27.74,44.92
66437088,24.58,54.61,206.00,27.74,45.00
66467136,24.58,54.56,204.00,27.75,45.11
66497183,24.58,54.56,202.00,27.71,45.07
66527232,24.61,54.34,201.00,27.74,44.95
66557279,24.64,54.65,202.00,27.74,45.19
66587327,24.60,54.60,203.00,27.74,45.17
66617375,24.59,54.56,204.00,27.73,45.10
66647424,24.54,54.52,203.00,27.73,44.96
66677472,24.54,54.44,199.00,27.74,44.91
66707522,24.55,54.34,199.00,27.73,44.82
66737571,24.55,54.41,197.00,27.74,44.80
66767620,24.58,54.29,197.00,27.74,44.85
66797668,24.56,54.38,197.00,27.75,44.85
66827715,24.60,54.35,197.00,27.75,44.86
66857763,24.60,54.37,198.00,27.75,44.83
66887811,24.56,54.36,197.00,27.73,44.78
66917859,24.54,54.18,197.00,27.74,44.94
66947907,24.51,54.22,196.00,27.71,44.75
66977955,24.54,54.29,196.00,27.71,44.76
67008003,24.58,54.33,197.00,27.74,44.78
67038051,24.60,54.39,197.00,27.71,44.76
67068098,24.58,54.29,196.00,27.73,44.81
67098149,24.55,54.36,195.00,27.71,44.82
67128197,24.53,54.28,195.00,27.73,44.76
67158245,24.51,54.57,196.00,27.73,44.78
67188293,24.51,54.38,195.00,27.71,44.73
67218341,24.50,54.61,196.00,27.70,44.76
67248389,24.49,54.52,195.00,27.68,44.79
67278437,24.44,54.42,195.00,27.71,44.78
67308484,24.46,54.53,193.00,27.70,44.80
67338532,24.47,54.44,191.00,27.67,44.78
67368580,24.40,54.67,192.00,27.68,44.82
67398628,24.38,54.62,191.00,27.68,44.76
67428676,24.37,54.64,191.00,27.67,44.79
67458726,24.34,54.54,189.00,27.67,44.73
67488774,24.34,54.72,190.00,27.64,44.74
67518823,24.36,54.71,190.00,27.65,44.70
67548872,24.35,54.77,189.00,27.63,44.76
67578920,24.32,54.70,188.00,27.63,44.80
67608968,24.29,54.76,186.00,27.61,44.81
67639016,24.30,54.69,185.00,27.63,44.69
67669064,24.30,54.87,183.00,27.61,44.75
67699112,24.32,54.68,183.00,27.60,44.76
67729161,24.26,54.75,184.00,27.58,44.78
67759208,24.22,54.79,183.00,27.58,44.81
67789256,24.20,54.98,183.00,27.60,44.85
67819303,24.17,55.00,183.00,27.54,44.80
67849355,24.17,55.08,183.00,27.56,44.85
67879402,24.17,55.06,184.00,27.52,44.89
67909450,24.17,55.11,183.00,27.53,44.91
67939497,24.17,55.00,186.00,27.53,44.87
67969546,24.17,55.00,184.00,27.52,44.88
67999593,24.15,54.96,185.00,27.52,44.90
68029641,24.16,55.02,185.00,27.50,44.91
68059688,24.16,55.17,186.00,27.50,44.94
68089737,24.17,55.00,186.00,27.49,44.86
68119784,24.21,54.96,185.00,27.47,44.91
68149832,24.17,54.88,187.00,27.49,44.97
68179879,24.18,55.07,188.00,27.47,44.91
68209931,24.16,55.19,188.00,27.47,44.96
68239978,24.17,55.03,188.00,27.49,45.01
68270026,24.16,55.17,187.00,27.49,44.96
68300073,24.20,55.00,188.00,27.49,44.94
68330122,24.22,55.16,185.00,27.47,44.93
68360169,24.22,55.08,183.00,27.49,44.94
68390219,24.25,54.97,183.00,27.49,44.97
68420267,24.26,54.99,182.00,27.49,45.01
68450315,24.25,54.84,183.00,27.52,45.00
68480362,24.22,54.96,183.00,27.50,45.00
68510410,24.18,54.91,185.00,27.50,45.01
68540459,24.16,55.02,187.00,27.47,45.01
68570506,24.15,55.07,187.00,27.49,45.03
68600556,24.20,54.93,186.00,27.46,45.04
68630604,24.23,55.03,185.00,27.46,44.98
68660653,24.21,54.98,186.00,27.46,45.06
68690700,24.18,55.20,186.00,27.47,45.03
68720748,24.15,55.22,187.00,27.46,45.11
68750795,24.12,55.27,187.00,27.46,45.13
68780844,24.13,55.34,187.00,27.43,45.14
68810891,24.14,55.19,186.00,27.46,45.18
68840939,24.17,55.19,187.00,27.43,45.08
68870987,24.19,55.07,188.00,27.43,45.20
68901036,24.19,55.09,187.00,27.42,45.21
68931083,24.24,55.29,187.00,27.42,45.16
68961134,24.24,55.14,188.00,27.43,45.21
68991181,24.21,55.26,187.00,27.43,45.27
69021230,24.23,55.27,189.00,27.44,45.34
69051277,24.21,55.44,190.00,27.46,45.27
69081325,24.25,55.15,189.00,27.43,45.18
69111373,24.27,55.13,188.00,27.44,45.25
69141421,24.31,54.76,189.00,27.46,45.24
69171469,24.32,55.07,189.00,27.47,45.26
69201518,24.35,54.83,189.00,27.46,45.32
69231567,24.32,55.07,190.00,27.49,45.31
69261615,24.31,54.96,189.00,27.46,45.29
69291663,24.30,55.17,188.00,27.47,45.34
69321710,24.26,55.31,191.00,27.50,45.34
69351761,24.29,55.16,191.00,27.47,45.28
69381809,24.30,54.99,191.00,27.47,45.22
69411857,24.30,55.20,190.00,27.47,45.24
69441904,24.31,55.09,188.00,27.50,45.31
69471953,24.27,55.02,187.00,27.49,45.37
69502001,24.23,55.34,188.00,27.49,45.34
69532049,24.20,55.40,188.00,27.46,45.25
69562096,24.20,55.17,189.00,27.46,45.34
69592144,24.19,55.30,190.00,27.46,45.30
69622192,24.22,55.23,189.00,27.46,45.28
69652240,24.18,55.42,188.00,27.43,45.38
69682287,24.19,55.22,189.00,27.46,45.38
69712338,24.16,55.48,190.00,27.43,45.42
69742386,24.10,55.56,190.00,27.42,45.37
69772434,24.08,55.57,190.00,27.40,45.40
69802482,24.01,55.62,189.00,27.40,45.44
69832529,24.03,55.66,189.00,27.42,45.42
69862578,23.99,55.74,189.00,27.37,45.35
69892626,23.93,55.88,189.00,27.37,45.41
69922674,23.93,55.78,189.00,27.36,45.37
69952721,23.94,55.84,189.00,27.36,45.40
69982770,23.96,55.82,189.00,27.33,45.41
70012819,24.00,55.72,190.00,27.34,45.42
70042867,24.02,55.35,190.00,27.33,45.48
70072914,24.08,55.17,189.00,27.32,45.44
70102966,24.11,55.51,189.00,27.32,45.39
70133013,24.12,55.46,188.00,27.34,45.41
70163061,24.15,55.34,188.00,27.33,45.41
70193108,24.16,55.35,188.00,27.34,45.37
70223158,24.16,55.17,188.00,27.36,45.39
70253205,24.10,55.34,186.00,27.34,45.43
70283253,24.03,55.49,188.00,27.36,45.43
70313300,24.00,55.64,187.00,27.32,45.44
70343349,24.00,55.52,186.00,27.32,45.42
70373397,24.00,55.72,185.00,27.32,45.48
70403445,23.91,55.93,184.00,27.30,45.47
70433492,23.87,55.76,184.00,27.32,45.50
70463543,23.85,55.94,185.00,27.29,45.52
70493594,23.81,56.25,185.00,27.27,45.59
70523641,23.78,56.25,184.00,27.27,45.56
70553690,23.79,56.31,184.00,27.23,45.66
70583738,23.79,56.34,185.00,27.23,45.65
70613786,23.80,56.33,183.00,27.22,45.69
70643833,23.84,56.17,182.00,27.20,45.75
70673882,23.89,56.08,182.00,27.19,45.74
70703929,23.91,56.09,182.00,27.22,45.73
70733977,23.95,55.96,182.00,27.23,45.73
70764025,23.92,56.05,182.00,27.22,45.81
70794074,23.91,56.11,181.00,27.23,45.79
70824123,23.91,56.10,178.00,27.23,45.82
70854173,23.92,56.12,177.00,27.22,45.76
70884221,23.91,56.17,178.00,27.23,45.77
70914269,23.91,56.22,177.00,27.22,45.87
70944317,23.91,56.13,177.00,27.16,45.86
70974364,23.92,56.16,179.00,27.23,45.76
71004412,23.95,56.07,181.00,27.22,45.82
71034460,23.93,56.20,182.00,27.19,45.90
71064508,23.93,56.14,182.00,27.20,45.90
71094555,23.89,56.25,185.00,27.22,45.92
71124603,23.88,56.13,185.00,27.17,45.91
71154652,23.82,56.44,184.00,27.19,45.90
71184700,23.80,56.50,184.00,27.22,45.94
71214749,23.81,56.46,183.00,27.17,45.99
71244797,23.78,56.69,184.00,27.19,46.01
71274845,23.74,56.75,186.00,27.16,46.01
71304893,23.70,56.83,186.00,27.15,46.09
71334940,23.70,56.91,187.00,27.16,46.11
71364988,23.73,56.71,185.00,27.15,46.20
71395036,23.72,56.75,184.00,27.12,46.18
71425084,23.72,56.58,183.00,27.12,46.19
71455131,23.70,56.98,183.00,27.12,46.15
71485179,23.70,56.84,184.00,27.07,46.21
71515227,23.69,56.82,184.00,27.09,46.26
71545275,23.71,57.00,184.00,27.07,46.28
71575322,23.72,56.92,184.00,27.07,46.26
71605373,23.74,56.88,183.00,27.06,46.32
71635423,23.68,57.11,184.00,27.09,46.37
71665471,23.64,57.16,184.00,27.06,46.36
71695519,23.64,56.91,183.00,27.07,46.30
71725568,23.64,57.15,183.00,27.03,46.34
71755616,23.66,56.93,184.00,27.06,46.32
71785663,23.62,57.23,184.00,27.07,46.37
71815711,23.57,57.33,184.00,27.05,46.34
71845758,23.49,57.56,185.00,27.02,46.32
71875807,23.42,57.59,185.00,27.02,46.30
71905854,23.45,57.69,184.00,27.01,46.39
71935903,23.47,57.55,184.00,26.99,46.41
71965953,23.44,57.65,184.00,27.01,46.52
71996001,23.41,57.84,183.00,26.95,46.50
72026049,23.38,57.80,183.00,26.92,46.52
72056097,23.34,58.01,182.00,26.92,46.50
72086145,23.36,57.75,181.00,26.92,46.55
72116193,23.39,57.61,181.00,26.91,46.57
72146240,23.37,57.82,180.00,26.91,46.61
72176288,23.29,57.96,180.00,26.89,46.54
72206337,23.26,57.96,178.00,26.86,46.60
72236385,23.30,57.86,178.00,26.88,46.63
72266432,23.29,57.90,178.00,26.86,46.57
72296480,23.35,57.54,176.00,26.86,46.62
72326528,23.38,57.51,176.00,26.85,46.63
72356579,23.36,57.37,176.00,26.84,46.61
72386627,23.37,57.48,174.00,26.82,46.58
72416674,23.33,57.59,174.00,26.78,46.59
72446725,23.33,57.62,173.00,26.81,46.56
72476772,23.26,57.62,172.00,26.81,46.57
72506820,23.18,57.66,173.00,26.81,46.49
72536868,23.14,57.65,174.00,26.81,46.40
72566917,23.15,57.69,172.00,26.77,46.41
72596964,23.17,57.60,172.00,26.75,46.40
72627012,23.20,57.45,172.00,26.75,46.41
72657059,23.18,57.47,171.00,26.74,46.39
72687108,23.18,57.34,171.00,26.74,46.33
72717158,23.18,57.36,172.00,26.74,46.32
72747206,23.15,57.40,173.00,26.74,46.29
72777253,23.21,57.27,173.00,26.74,46.29
72807302,23.15,57.42,174.00,26.71,46.35
72837350,23.12,57.46,174.00,26.72,46.28
72867398,23.08,57.39,174.00,26.69,46.28
72897445,23.09,57.20,173.00,26.69,46.20
72927494,23.01,57.33,174.00,26.67,46.17
72957541,23.01,57.39,174.00,26.67,46.13
72987588,23.05,57.19,175.00,26.64,46.15
73017636,23.12,57.06,175.00,26.65,46.17
73047685,23.12,57.09,175.00,26.64,46.14
73077733,23.13,56.99,175.00,26.62,46.19
73107782,23.12,57.03,177.00,26.64,46.08
73137831,23.10,57.09,178.00,26.62,46.11
73167879,23.03,57.19,179.00,26.62,46.11
73197927,22.97,57.29,178.00,26.61,46.13
73227974,22.96,57.30,178.00,26.61,46.15
73258024,22.91,57.39,177.00,26.58,46.10
73288072,22.91,57.32,176.00,26.58,46.10
73318120,22.98,57.28,176.00,26.57,46.10
73348167,22.91,57.32,174.00,26.59,46.14
73378216,22.91,57.36,175.00,26.55,46.07
73408264,22.90,57.41,176.00,26.55,46.10
73438312,22.89,57.40,176.00,26.54,46.13
73468362,22.93,57.26,175.00,26.54,46.07
73498411,22.91,57.34,175.00,26.52,46.12
73528458,22.98,57.14,173.00,26.57,46.16
73558506,23.06,56.92,173.00,26.55,46.19
73588553,23.04,56.96,174.00,26.54,46.17
73618603,23.10,56.71,175.00,26.55,46.13
73648650,23.11,56.66,176.00,26.54,46.11
73678697,23.12,56.65,178.00,26.54,46.10
73708745,23.12,56.63,179.00,26.54,46.01
73738792,23.07,56.65,179.00,26.54,46.04
73768841,23.12,56.57,181.00,26.52,46.07
73798888,23.14,56.48,180.00,26.52,46.07
73828936,23.11,56.53,181.00,26.54,46.08
73858987,23.09,56.63,182.00,26.50,46.04
73889035,23.08,56.59,183.00,26.50,46.04
73919082,23.09,56.49,183.00,26.52,46.03
73949130,23.09,56.54,182.00,26.51,45.99
73979177,23.09,56.51,180.00,26.52,46.01
74009226,23.08,56.60,181.00,26.51,45.99
74039273,23.03,56.66,182.00,26.50,46.02
74069323,23.04,56.59,184.00,26.50,45.98
74099371,23.09,56.55,183.00,26.51,45.96
74129419,23.09,56.47,183.00,26.48,45.98
74159467,23.10,56.44,183.00,26.50,46.01
74189514,23.05,56.53,184.00,26.48,45.93
74219565,23.03,56.55,183.00,26.50,45.95
74249613,23.03,56.62,183.00,26.50,45.91
74279661,23.00,56.63,184.00,26.48,45.92
74309708,22.95,56.77,184.00,26.48,45.94
74339757,22.97,56.69,182.00,26.46,45.95
74369804,22.95,56.75,182.00,26.46,45.98
74399852,22.87,56.96,182.00,26.47,45.97
74429899,22.85,57.03,182.00,26.44,46.01
74459948,22.80,57.10,181.00,26.43,46.02
74489995,22.81,57.09,182.00,26.44,45.98
74520043,22.74,57.34,180.00,26.41,46.03
74550090,22.70,57.42,181.00,26.38,46.04
74580139,22.70,57.46,183.00,26.37,46.03
74610189,22.71,57.38,181.00,26.36,46.01
74640237,22.74,57.26,183.00,26.37,46.06
74670284,22.80,57.20,182.00,26.38,46.13
74700333,22.82,57.17,184.00,26.37,46.12
74730380,22.81,57.08,184.00,26.38,46.05
74760428,22.85,56.92,184.00,26.38,46.10
74790476,22.88,56.96,184.00,26.36,46.11
74820524,22.92,56.75,185.00,26.36,46.12
74850572,22.99,56.75,186.00,26.37,46.15
74880621,23.04,56.49,189.00,26.38,46.13
74910670,23.08,56.35,190.00,26.36,46.12
74940718,23.07,56.47,190.00,26.38,46.17
74970769,23.12,56.32,191.00,26.37,46.10
75000816,23.10,56.31,191.00,26.40,46.09
75030864,23.10,56.15,192.00,26.41,46.06
75060912,23.13,56.25,192.00,26.40,46.06
75090960,23.11,56.17,191.00,26.46,45.99
75121008,23.06,56.34,192.00,26.41,46.04
75151056,23.06,56.45,193.00,26.41,46.02
75181104,23.05,56.49,193.00,26.41,46.04
75211152,23.00,56.63,193.00,26.41,46.07
75241199,22.92,56.76,193.00,26.37,46.03
75271247,22.87,56.85,192.00,26.36,46.04
75301296,22.85,56.86,189.00,26.36,46.02
75331344,22.86,56.96,190.00,26.37,46.05
75361393,22.81,56.98,190.00,26.34,46.05
75391441,22.81,57.03,189.00,26.33,46.09
75421490,22.75,57.14,189.00,26.34,46.07
75451538,22.74,57.26,189.00,26.34,46.10
75481586,22.66,57.36,189.00,26.33,46.13
75511633,22.65,57.44,189.00,26.33,46.13
75541682,22.70,57.29,189.00,26.30,46.16
75571729,22.68,57.35,190.00,26.30,46.16
75601777,22.66,57.46,191.00,26.27,46.17
75631824,22.67,57.49,192.00,26.27,46.18
75661873,22.60,57.58,193.00,26.24,46.18
75691922,22.59,57.61,193.00,26.27,46.18
75721973,22.66,57.50,193.00,26.26,46.24
75752022,22.69,57.43,193.00,26.23,46.27
75782070,22.67,57.46,193.00,26.23,46.33
75812117,22.62,57.59,194.00,26.24,46.28
75842165,22.64,57.58,194.00,26.23,46.33
75872212,22.69,57.37,194.00,26.23,46.32
75902261,22.72,57.40,196.00,26.23,46.31
75932309,22.70,57.33,196.00,26.23,46.27
75962357,22.75,57.26,194.00,26.21,46.34
75992404,22.78,57.13,193.00,26.24,46.38
76022453,22.80,57.08,191.00,26.23,46.47
76052501,22.83,57.13,190.00,26.24,46.45
76082548,22.89,57.07,191.00,26.26,46.42
76112600,22.90,56.94,190.00,26.21,46.39
76142647,22.92,56.84,189.00,26.23,46.41
76172695,22.94,56.77,190.00,26.24,46.41
76202742,22.94,56.95,190.00,26.26,46.43
76232791,22.95,56.89,190.00,26.27,46.41
76262839,22.96,56.66,192.00,26.24,46.42
76292887,22.97,56.66,193.00,26.28,46.37
76322934,23.01,56.62,192.00,26.26,46.36
76352983,23.00,56.57,192.00,26.28,46.34
76383030,22.95,56.72,193.00,26.28,46.32
76413078,22.94,56.62,193.00,26.28,46.29
76443126,22.95,56.65,195.00,26.28,46.31
76473177,22.94,56.51,195.00,26.27,46.27
76503226,22.93,56.70,195.00,26.27,46.27
76533274,22.91,56.61,196.00,26.30,46.23
76563322,22.89,56.72,196.00,26.28,46.24
76593371,22.80,56.86,196.00,26.28,46.22
76623421,22.73,57.12,195.00,26.28,46.18
76653468,22.64,57.24,195.00,26.27,46.13
76683517,22.58,57.47,194.00,26.26,46.23
76713565,22.48,57.66,193.00,26.24,46.18
76743613,22.48,57.68,193.00,26.21,46.22
76773660,22.43,57.74,194.00,26.24,46.19
76803708,22.35,57.93,195.00,26.20,46.23
76833757,22.32,58.04,195.00,26.17,46.24
76863807,22.30,58.08,195.00,26.14,46.25
76893854,22.37,57.90,194.00,26.14,46.22
76923902,22.38,57.84,192.00,26.13,46.29
76953950,22.36,57.77,192.00,26.16,46.30
76983998,22.39,57.73,191.00,26.11,46.27
77014045,22.34,57.85,191.00,26.09,46.27
77044093,22.35,57.77,191.00,26.10,46.28
77074141,22.39,57.66,191.00,26.10,46.26
77104189,22.44,57.55,191.00,26.07,46.30
77134237,22.38,57.65,190.00,26.06,46.27
77164284,22.41,57.55,191.00,26.09,46.24
77194333,22.38,57.60,191.00,26.06,46.21
77224383,22.38,57.65,192.00,26.06,46.27
77254431,22.43,57.45,192.00,26.04,46.26
77284478,22.46,57.36,191.00,26.04,46.28
77314529,22.52,57.26,191.00,26.03,46.35
77344576,22.60,57.07,192.00,26.03,46.34
77374624,22.65,57.02,193.00,26.03,46.37
77404672,22.67,56.94,194.00,26.04,46.33
77434720,22.74,56.82,193.00,26.03,46.35
77464767,22.76,56.65,193.00,26.04,46.30
77494815,22.79,56.54,194.00,26.06,46.28
77524862,22.77,56.54,194.00,26.10,46.25
77554911,22.79,56.48,194.00,26.10,46.21
77584958,22.80,56.46,195.00,26.10,46.23
77615009,22.77,56.49,195.00,26.10,46.18
77645057,22.75,56.50,195.00,26.13,46.20
77675105,22.73,56.56,195.00,26.11,46.16
77705153,22.69,56.70,195.00,26.11,46.12
77735201,22.59,56.83,195.00,26.11,46.10
77765250,22.59,56.88,195.00,26.09,46.06
77795297,22.52,57.10,194.00,26.10,46.15
77825345,22.48,57.20,193.00,26.06,46.14
77855392,22.46,57.27,195.00,26.07,46.15
77885441,22.48,57.12,193.00,26.03,46.16
77915488,22.50,57.04,191.00,26.01,46.17
77945536,22.51,57.08,191.00,26.01,46.22
77975586,22.56,56.94,190.00,26.03,46.24
78005635,22.58,56.84,190.00,26.01,46.26
78035683,22.62,56.81,192.00,26.01,46.23
78065731,22.63,56.78,192.00,26.01,46.29
78095778,22.59,56.83,193.00,26.03,46.26
78125829,22.62,56.62,193.00,26.01,46.19
78155877,22.65,56.70,194.00,26.01,46.16
78185924,22.67,56.58,194.00,26.00,46.21
78215973,22.68,56.45,194.00,26.01,46.19
78246021,22.71,56.51,195.00,26.01,46.19
78276069,22.75,56.40,195.00,26.01,46.21
78306116,22.74,56.34,192.00,26.03,46.19
78336164,22.71,56.40,191.00,26.03,46.17
78366215,22.72,56.43,191.00,26.00,46.15
78396263,22.71,56.30,191.00,26.00,46.17
78426310,22.73,56.28,190.00,26.03,46.17
78456358,22.74,56.31,191.00,26.04,46.16
78486406,22.70,56.40,190.00,26.04,46.18
78516454,22.71,56.43,191.00,26.04,46.15
78546502,22.69,56.45,192.00,26.03,46.11
78576550,22.68,56.49,193.00,26.04,46.14
78606598,22.68,56.49,192.00,26.03,46.10
78636646,22.67,56.54,194.00,26.01,46.15
78666694,22.67,56.42,195.00,26.04,46.13
78696741,22.66,56.55,194.00,26.04,46.14
78726793,22.66,56.49,194.00,26.01,46.17
78756840,22.62,56.56,193.00,26.00,46.17
78786888,22.66,56.59,191.00,26.01,46.14
78816935,22.69,56.44,192.00,25.99,46.16
78846984,22.68,56.34,192.00,25.99,46.21
78877031,22.73,56.49,191.00,26.01,46.17
78907079,22.67,56.50,191.00,26.01,46.12
78937128,22.67,56.53,192.00,26.04,46.10
78967178,22.67,56.43,192.00,26.03,46.11
78997225,22.68,56.47,193.00,26.01,46.08
79027273,22.67,56.30,195.00,26.03,46.09
79057320,22.66,56.48,195.00,26.03,46.07
79087369,22.64,56.45,196.00,26.01,46.04
79117419,22.65,56.47,199.00,26.03,46.05
79147467,22.65,56.54,200.00,26.01,46.09
79177516,22.67,56.42,199.00,26.01,46.09
79207564,22.67,56.42,199.00,26.03,46.08
79237612,22.64,56.51,198.00,26.04,46.07
79267659,22.64,56.50,197.00,26.00,46.05
79297708,22.59,56.61,197.00,25.97,46.12
79327755,22.59,56.63,197.00,25.99,46.07
79357803,22.55,56.73,198.00,25.99,46.12
79387850,22.55,56.78,198.00,25.97,46.13
79417899,22.51,56.81,197.00,25.97,46.13
79447947,22.52,56.87,197.00,25.95,46.18
79477997,22.50,56.83,197.00,26.00,46.22
79508045,22.52,56.81,195.00,25.96,46.18
79538094,22.48,56.98,195.00,25.96,46.19
79568141,22.51,56.88,194.00,25.95,46.18
79598189,22.49,56.90,194.00,25.95,46.20
79628236,22.47,56.99,194.00,25.93,46.20
79658285,22.49,56.91,194.00,25.93,46.23
79688333,22.45,57.02,193.00,25.95,46.23
79718381,22.42,57.15,192.00,25.92,46.24
79748430,22.36,57.24,193.00,25.93,46.23
79778479,22.34,57.26,192.00,25.92,46.22
79808527,22.38,57.11,193.00,25.90,46.20
79838574,22.38,56.98,192.00,25.90,46.23
79868625,22.38,56.98,193.00,25.87,46.15
79898673,22.32,57.11,193.00,25.87,46.17
79928721,22.33,57.01,193.00,25.86,46.20
79958768,22.29,57.02,193.00,25.86,46.07
79988816,22.28,57.13,192.00,25.85,46.15
80018864,22.29,57.00,190.00,25.85,46.13
80048912,22.21,57.12,190.00,25.85,46.08
80078959,22.20,57.22,189.00,25.82,46.06
80109007,22.17,57.20,188.00,25.82,46.03
80139055,22.09,57.32,188.00,25.85,46.07
80169103,22.09,57.30,186.00,25.79,46.01
80199150,22.09,57.32,186.00,25.80,46.04
80229209,22.12,57.16,187.00,25.79,46.04
80259257,22.13,57.10,188.00,25.78,46.06
80289304,22.14,57.11,188.00,25.78,46.00
80319352,22.09,57.22,188.00,25.79,46.05
80349400,22.10,57.12,190.00,25.76,46.00
80379448,22.08,57.11,190.00,25.75,45.98
80409495,22.05,57.25,190.00,25.75,46.03
80439543,22.02,57.25,190.00,25.72,45.97
80469591,22.02,57.11,191.00,25.70,46.00
80499639,21.99,57.26,190.00,25.70,46.03
80529688,21.92,57.39,187.00,25.70,46.01
80559736,21.90,57.35,187.00,25.66,45.96
80589784,21.91,57.19,186.00,25.68,45.93
80619835,21.89,57.27,187.00,25.66,45.94
80649882,21.86,57.20,188.00,25.64,45.86
80679930,21.85,57.28,189.00,25.64,45.87
80709979,21.79,57.35,189.00,25.64,45.83
80740026,21.79,57.37,191.00,25.62,45.87
80770075,21.72,57.43,191.00,25.59,45.81
80800122,21.70,57.47,193.00,25.57,45.87
80830171,21.69,57.42,192.00,25.57,45.84
80860218,21.64,57.55,194.00,25.54,45.80
80890266,21.58,57.60,193.00,25.55,45.77
80920314,21.55,57.71,192.00,25.55,45.79
80950363,21.57,57.63,192.00,25.51,45.77
80980413,21.57,57.62,193.00,25.49,45.84
81010461,21.57,57.58,194.00,25.49,45.77
81040508,21.61,57.52,196.00,25.49,45.81
81070557,21.57,57.47,196.00,25.45,45.78
81100604,21.55,57.53,196.00,25.42,45.77
81130652,21.58,57.37,198.00,25.42,45.76
81160700,21.48,57.49,197.00,25.44,45.78
81190748,21.49,57.45,199.00,25.42,45.77
81220796,21.44,57.55,199.00,25.39,45.75
81250844,21.36,57.63,198.00,25.37,45.72
81280892,21.25,57.94,199.00,25.37,45.72
81310940,21.28,57.86,199.00,25.34,45.69
81340990,21.25,57.86,199.00,25.32,45.72
81371035,21.19,57.92,196.00,25.31,45.64
81401084,21.14,58.04,196.00,25.30,45.69
81431132,21.15,57.89,196.00,25.28,45.65
81461185,21.16,57.79,198.00,25.25,45.61
81491232,21.07,57.81,198.00,25.27,45.60
81521280,21.07,57.73,199.00,25.25,45.54
81551328,21.17,57.55,199.00,25.22,45.49
81581375,21.18,57.46,199.00,25.21,45.51
81611423,21.23,57.35,199.00,25.20,45.52
81641472,21.27,57.15,200.00,25.18,45.46
81671520,21.32,57.12,201.00,25.17,45.51
81701567,21.39,56.80,201.00,25.15,45.48
81731618,21.43,56.70,200.00,25.15,45.49
81761666,21.52,56.55,199.00,25.15,45.51
81791714,21.68,56.29,199.00,25.15,45.55
81821761,21.82,56.00,197.00,25.17,45.61
81851809,21.89,55.79,197.00,25.20,45.64
81881857,22.01,55.42,197.00,25.18,45.58
81911906,21.99,55.13,199.00,25.22,45.48
81941953,21.91,55.27,199.00,25.22,45.28
81972000,21.96,55.11,200.00,25.25,45.35
82002049,21.95,55.05,198.00,25.25,45.26
82032096,21.87,55.12,198.00,25.27,45.18
82062144,21.83,55.24,198.00,25.25,45.14
82092194,21.75,55.41,199.00,25.27,45.08
82122243,21.76,55.45,198.00,25.27,45.05
82152292,21.74,55.64,199.00,25.25,45.10
82182340,21.78,55.61,200.00,25.24,45.18
82212388,21.82,55.53,199.00,25.25,45.21
82242437,21.93,55.38,199.00,25.27,45.21
82272484,21.90,55.28,199.00,25.28,45.24
82302532,21.90,55.28,201.00,25.27,45.21
82332579,21.78,55.48,201.00,25.28,45.19
82362628,21.78,55.60,200.00,25.27,45.13
82392677,21.79,55.57,200.00,25.27,45.20
82422724,21.78,55.57,201.00,25.28,45.14
82452772,21.84,55.51,200.00,25.28,45.13
82482823,21.87,55.39,200.00,25.28,45.18
82512871,21.82,55.34,199.00,25.27,45.09
82542918,21.77,55.53,200.00,25.30,45.08
82572966,21.73,55.64,199.00,25.27,45.12
82603014,21.73,55.55,199.00,25.28,45.06
82633062,21.66,55.77,199.00,25.22,45.09
82663110,21.66,55.84,197.00,25.25,45.11
82693158,21.70,55.68,197.00,25.21,45.17
82723206,21.72,55.65,198.00,25.22,45.19
82753254,21.72,55.73,198.00,25.22,45.18
82783301,21.65,55.89,198.00,25.22,45.17
82813349,21.65,55.85,197.00,25.21,45.19
82843400,21.66,55.86,196.00,25.20,45.20
82873447,21.66,55.89,196.00,25.18,45.21
82903495,21.73,55.73,195.00,25.20,45.26
82933542,21.70,55.79,193.00,25.18,45.27
82963593,21.70,55.75,192.00,25.22,45.27
82993641,21.75,55.70,191.00,25.20,45.25
83023689,21.70,55.74,190.00,25.22,45.25
83053736,21.72,55.66,189.00,25.20,45.23
83083785,21.72,55.69,190.00,25.21,45.20
83113832,21.74,55.63,190.00,25.20,45.23
83143880,21.78,55.66,190.00,25.17,45.21
83173927,21.78,55.54,190.00,25.20,45.21
83203976,21.77,55.46,190.00,25.21,45.18
83234027,21.85,55.43,191.00,25.22,45.19
83264074,21.84,55.35,191.00,25.21,45.20
83294123,21.77,55.41,190.00,25.22,45.18
83324170,21.78,55.47,191.00,25.21,45.13
83354218,21.77,55.50,193.00,25.20,45.12
83384265,21.69,55.71,194.00,25.20,45.14
83414313,21.67,55.57,195.00,25.18,45.14
83444361,21.68,55.59,197.00,25.20,45.12
83474409,21.64,55.71,197.00,25.17,45.14
83504456,21.65,55.61,197.00,25.14,45.12
83534504,21.61,55.59,196.00,25.18,45.13
83564552,21.58,55.68,196.00,25.15,45.08
83594603,21.61,55.64,196.00,25.14,45.06
83624650,21.57,55.60,195.00,25.14,45.05
83654699,21.61,55.54,196.00,25.13,45.04
83684746,21.60,55.61,197.00,25.09,45.06
83714794,21.63,55.50,197.00,25.13,44.99
83744842,21.59,55.54,199.00,25.10,45.02
83774889,21.56,55.66,199.00,25.11,45.04
83804940,21.51,55.72,198.00,25.11,45.04
83834987,21.45,55.83,198.00,25.09,45.02
83865035,21.38,56.15,199.00,25.09,45.03
83895083,21.30,56.39,201.00,25.06,45.10
83925131,21.22,56.56,200.00,25.04,45.13
83955179,21.19,56.66,199.00,25.03,45.16
83985229,21.19,56.71,199.00,25.01,45.17
84015278,21.17,56.82,198.00,25.01,45.23
84045326,21.19,56.78,198.00,24.99,45.28
84075373,21.13,56.90,198.00,24.99,45.31
84105421,21.15,56.88,197.00,24.97,45.33
84135470,21.17,56.89,196.00,24.97,45.38
84165517,21.14,56.86,195.00,24.93,45.37
84195565,21.13,56.93,194.00,24.97,45.33
84225613,21.13,57.00,193.00,24.94,45.40
84255662,21.11,57.00,192.00,24.91,45.44
84285709,21.08,57.14,193.00,24.90,45.45
84315757,21.21,56.88,193.00,24.91,45.50
84345807,21.17,56.83,192.00,24.91,45.50
84375856,21.13,56.92,192.00,24.91,45.50
84405903,21.11,57.03,193.00,24.87,45.52
84435951,21.14,56.99,191.00,24.87,45.53
84465998,21.23,56.83,192.00,24.90,45.56
84496047,21.24,56.71,192.00,24.89,45.55
84526094,21.29,56.57,191.00,24.87,45.55
84556143,21.36,56.36,192.00,24.89,45.57
84586190,21.31,56.39,193.00,24.89,45.54
84616240,21.31,56.30,195.00,24.86,45.50
84646288,21.30,56.42,196.00,24.86,45.50
84676335,21.29,56.47,196.00,24.89,45.53
84706384,21.34,56.32,197.00,24.87,45.52
84736434,21.35,56.32,197.00,24.87,45.52
84766482,21.39,56.16,197.00,24.89,45.54
84796530,21.38,56.26,196.00,24.89,45.53
84826578,21.41,56.19,195.00,24.89,45.53
84856626,21.42,56.19,195.00,24.87,45.50
84886674,21.39,56.24,194.00,24.89,45.54
84916721,21.44,56.17,195.00,24.89,45.53
84946769,21.49,56.07,195.00,24.90,45.52
84976817,21.57,55.80,193.00,24.93,45.56
85006865,21.59,55.90,194.00,24.93,45.60
85036913,21.65,55.80,194.00,24.96,45.55
85066961,21.63,55.76,195.00,24.96,45.58
85097012,21.65,55.68,196.00,24.96,45.48
85127060,21.64,55.73,195.00,24.97,45.43
85157108,21.61,55.77,196.00,24.97,45.46
85187155,21.60,55.73,195.00,24.99,45.47
85217204,21.57,55.82,194.00,24.99,45.41
85247251,21.63,55.73,194.00,24.97,45.43
85277299,21.59,55.72,197.00,25.00,45.41
85307347,21.53,55.76,197.00,24.97,45.32
85337396,21.51,55.81,198.00,24.99,45.33
85367443,21.52,55.71,199.00,25.00,45.37
85397490,21.50,55.77,200.00,24.97,45.29
85427540,21.49,55.75,199.00,24.97,45.26
85457588,21.48,55.75,199.00,24.97,45.27
85487639,21.48,55.73,199.00,24.97,45.30
85517686,21.46,55.83,200.00,24.96,45.28
85547735,21.40,55.83,200.00,24.96,45.26
85577783,21.41,55.80,200.00,24.96,45.20
85607831,21.50,55.70,200.00,24.97,45.28
85637878,21.67,55.90,201.00,24.96,45.42
85667927,21.73,55.27,204.00,24.97,45.33
85697974,21.86,55.10,206.00,24.99,45.40
85728022,21.96,54.77,213.00,25.00,45.39
85758070,21.96,54.95,219.00,25.00,45.32
85788119,21.99,54.90,222.00,25.04,45.21
85818167,22.05,54.36,221.00,25.06,45.34
85848216,21.99,54.34,223.00,25.07,45.10
85878264,21.93,54.36,225.00,25.10,45.01
85908312,21.99,54.25,225.00,25.11,45.11
85938360,21.92,54.58,223.00,25.11,44.96
85968408,21.88,54.42,221.00,25.14,44.89
85998456,21.75,54.58,219.00,25.13,44.83
86028504,21.62,54.98,215.00,25.13,44.83
86058552,21.61,55.04,214.00,25.10,44.80
86088599,21.58,55.25,212.00,25.10,44.86
86118647,21.56,55.27,211.00,25.11,44.85
86148695,21.57,55.29,211.00,25.09,44.85
86178743,21.54,55.47,208.00,25.07,44.88
86208790,21.60,55.42,207.00,25.07,44.97
86238842,21.58,55.41,208.00,25.09,44.99
86268891,21.62,55.36,208.00,25.06,45.02
86298938,21.52,55.59,207.00,25.07,45.07
86328986,21.46,55.88,206.00,25.03,45.13
86359033,21.46,55.83,207.00,25.03,45.11
86389082,21.46,55.86,207.00,25.01,45.12
86419129,21.45,55.89,207.00,25.01,45.14
86449177,21.48,55.92,206.00,24.99,45.20
86479225,21.48,55.86,205.00,24.99,45.22
86509274,21.49,55.77,207.00,24.99,45.19
86539321,21.47,55.87,207.00,24.97,45.20
86569369,21.52,55.78,209.00,25.00,45.21
86599418,21.60,55.69,208.00,25.01,45.30
86629467,21.61,55.75,207.00,24.96,45.32
86659515,21.67,55.59,208.00,24.99,45.33
86689563,21.70,55.63,207.00,25.00,45.37
86719610,21.73,55.47,206.00,24.99,45.34
86749659,21.72,55.49,205.00,25.00,45.32
86779706,21.75,55.47,206.00,25.03,45.38
86809754,21.81,55.51,207.00,25.04,45.39
86839802,21.86,55.29,208.00,25.06,45.33
86869851,21.90,55.26,209.00,25.07,45.39
86899899,22.01,54.92,210.00,25.09,45.37
86929946,22.04,54.93,209.00,25.09,45.35
86959994,22.04,54.93,209.00,25.13,45.34
86990045,22.05,54.95,209.00,25.11,45.31
87020093,21.98,55.04,208.00,25.13,45.36
87050142,22.01,55.13,208.00,25.15,45.32
87080190,21.97,55.14,208.00,25.15,45.28
87110239,21.95,55.27,206.00,25.14,45.35
87140287,21.91,55.22,203.00,25.14,45.36
87170334,21.87,55.47,203.00,25.13,45.39
87200382,21.85,55.53,202.00,25.15,45.38
87230430,21.84,55.48,200.00,25.15,45.38
87260478,21.79,55.64,200.00,25.14,45.38
87290525,21.79,55.70,199.00,25.14,45.42
87320574,21.80,55.68,198.00,25.15,45.36
87350624,21.78,55.74,198.00,25.15,45.40
87380672,21.81,55.70,198.00,25.15,45.43
87410720,21.82,55.67,197.00,25.15,45.42
87440769,21.91,55.51,197.00,25.15,45.46
87470817,21.95,55.46,198.00,25.18,45.45
87500864,21.99,55.40,198.00,25.20,45.44
87530912,22.06,54.95,197.00,25.17,45.45
87560960,22.09,55.15,197.00,25.18,45.40
87591008,22.15,55.02,197.00,25.21,45.45
87621055,22.23,54.80,199.00,25.24,45.44
87651103,22.23,54.87,199.00,25.24,45.43
87681152,22.24,54.76,200.00,25.25,45.38
87711200,22.29,54.74,200.00,25.30,45.45
87741250,22.32,54.87,200.00,25.28,45.39
87771298,22.32,54.75,202.00,25.32,45.41
87801346,22.36,54.48,202.00,25.31,45.42
87831394,22.39,54.54,205.00,25.34,45.38
87861443,22.38,54.51,206.00,25.37,45.29
87891491,22.40,54.56,208.00,25.37,45.32
87921540,22.43,54.39,208.00,25.38,45.28
87951588,22.44,54.43,209.00,25.37,45.20
87981636,22.50,54.22,210.00,25.44,45.23
88011683,22.51,54.47,211.00,25.41,45.24
88041732,22.52,54.43,213.00,25.42,45.23
88071779,22.56,54.02,215.00,25.48,45.14
88101830,22.57,54.37,217.00,25.46,45.22
88131877,22.61,53.99,220.00,25.49,45.20
88161926,22.63,54.09,223.00,25.51,45.17
88191973,22.65,54.11,227.00,25.54,45.17
88222021,22.66,54.18,228.00,25.52,45.14
88252069,22.67,53.92,230.00,25.57,45.09
88282118,22.64,53.97,231.00,25.58,45.02
88312165,22.65,54.00,232.00,25.58,44.98
88342213,22.66,53.93,233.00,25.59,44.96
88372260,22.67,54.10,233.00,25.59,45.10
88402310,22.70,54.00,236.00,25.58,45.06
88432357,22.69,53.86,238.00,25.61,45.03
88462405,22.71,53.92,241.00,25.62,44.94
88492455,22.66,53.74,241.00,25.64,44.90
88522504,22.66,54.06,239.00,25.65,44.85
88552552,22.66,53.87,239.00,25.66,44.83
88582599,22.68,53.78,238.00,25.64,44.85
88612647,22.69,53.85,240.00,25.70,44.81
88642695,22.67,54.09,241.00,25.68,44.82
88672745,22.71,53.93,243.00,25.69,44.77
88702793,22.70,53.82,246.00,25.70,44.79
88732841,22.70,53.81,247.00,25.72,44.77
88762889,22.67,53.78,251.00,25.72,44.76
88792937,22.67,53.93,251.00,25.72,44.77
88822984,22.67,53.80,253.00,25.70,44.72
88853036,22.70,53.76,256.00,25.73,44.67
88883083,22.73,53.96,258.00,25.70,44.80
88913131,22.75,53.93,261.00,25.70,44.81
88943178,22.79,53.98,265.00,25.72,44.73
88973227,22.84,53.86,269.00,25.75,44.87
89003275,22.87,53.90,276.00,25.75,44.89
89033322,22.88,53.37,287.00,25.76,44.91
89063370,22.89,53.57,287.00,25.78,44.72
89093417,22.89,53.50,284.00,25.76,44.77
89123466,22.92,53.42,284.00,25.80,44.77
89153513,22.93,53.24,285.00,25.80,44.68
89183561,22.89,53.33,286.00,25.83,44.63
89213608,22.90,53.12,285.00,25.83,44.58
89243660,22.85,53.14,282.00,25.83,44.42
89273707,22.84,53.31,278.00,25.85,44.45
89303755,22.82,53.26,272.00,25.86,44.36
89333803,22.83,53.27,267.00,25.87,44.38
89363851,22.80,52.99,266.00,25.85,44.25
89393898,22.74,53.25,263.00,25.85,44.22
89423946,22.74,52.91,256.00,25.86,44.08
89453995,22.70,53.09,251.00,25.86,44.09
89484044,22.68,53.13,247.00,25.86,44.07
89514092,22.69,53.11,242.00,25.86,44.05
89544140,22.68,52.90,236.00,25.85,43.96
89574189,22.66,52.98,234.00,25.83,43.97
89604238,22.67,52.95,233.00,25.85,43.89
89634286,22.66,52.74,231.00,25.83,43.86
89664334,22.66,52.79,229.00,25.85,43.83
89694383,22.64,52.97,229.00,25.83,43.83
89724430,22.64,52.83,228.00,25.83,43.86
89754478,22.69,52.71,225.00,25.82,43.79
89784525,22.64,52.85,224.00,25.83,43.76
89814574,22.67,52.92,222.00,25.80,43.74
89844622,22.64,52.82,220.00,25.82,43.76
89874670,22.66,52.75,217.00,25.83,43.70
89904717,22.66,52.47,215.00,25.83,43.64
89934766,22.65,52.30,215.00,25.82,43.64
89964813,22.64,52.75,214.00,25.83,43.60
89994864,22.66,52.61,213.00,25.82,43.56
90024915,22.69,52.53,212.00,25.82,43.56
90054963,22.71,52.39,212.00,25.82,43.56
90085011,22.69,52.53,213.00,25.83,43.55
90115058,22.71,52.46,214.00,25.83,43.50
90145107,22.71,52.41,214.00,25.83,43.43
90175155,22.72,52.14,214.00,25.85,43.39
90205203,22.72,52.20,213.00,25.86,43.33
90235250,22.75,51.79,211.00,25.86,43.25
90265298,22.77,52.16,212.00,25.83,43.30
90295348,22.77,51.70,212.00,25.83,43.06
90325397,22.78,51.72,213.00,25.86,43.17
90355447,22.81,51.95,213.00,25.86,43.19
90385496,22.80,51.82,211.00,25.86,43.19
90415543,22.79,51.67,207.00,25.87,42.97
90445591,22.80,51.73,207.00,25.86,42.92
90475639,22.80,51.73,206.00,25.89,42.89
90505687,22.81,51.55,205.00,25.86,42.86
90535735,22.82,51.75,205.00,25.87,42.85
90565782,22.83,51.53,204.00,25.87,42.82
90595830,22.86,51.63,203.00,25.87,43.05
90625879,22.89,51.22,204.00,25.86,42.81
90655927,22.88,51.19,204.00,25.89,42.82
90685974,22.87,50.98,204.00,25.90,42.70
90716022,22.91,51.11,203.00,25.90,42.69
90746073,22.89,50.82,203.00,25.90,42.62
90776121,22.89,50.47,204.00,25.92,42.52
90806168,22.90,50.70,203.00,25.90,42.45
90836216,22.90,51.16,201.00,25.92,42.36
90866264,22.91,50.68,201.00,25.89,42.40
90896312,22.90,50.28,202.00,25.93,42.26
90926360,22.89,50.23,201.00,25.92,42.07
90956408,22.85,50.16,200.00,25.95,42.03
90986457,22.85,50.18,201.00,25.92,41.78
91016504,22.84,50.13,199.00,25.93,41.76
91046552,22.84,50.18,199.00,25.93,41.82
91076599,22.79,49.87,198.00,25.92,41.70
91106653,22.80,49.93,200.00,25.90,41.63
91136700,22.82,50.19,200.00,25.93,41.72
91166748,22.85,50.52,201.00,25.92,41.83
91196796,22.85,49.72,201.00,25.93,41.71
91226845,22.81,49.69,202.00,25.90,41.52
91256892,22.84,49.85,201.00,25.92,41.49
91286940,22.84,49.57,201.00,25.93,41.44
91316987,22.84,49.86,200.00,25.95,41.38
91347036,22.86,49.48,201.00,25.95,41.34
91377083,22.85,49.84,202.00,25.93,41.35
91407131,22.90,50.06,202.00,25.93,41.54
91437179,22.89,50.01,201.00,25.95,41.56
91467228,22.90,49.93,200.00,25.95,41.58
91497279,22.91,49.81,199.00,25.96,41.49
91527326,22.93,49.74,199.00,25.95,41.47
91557374,22.97,49.69,200.00,25.96,41.46
91587422,22.92,48.87,200.00,25.95,41.16
91617470,22.95,49.42,200.00,25.96,41.06
91647518,22.94,49.42,200.00,25.97,41.12
91677566,22.92,48.92,198.00,25.95,40.81
91707614,22.90,48.00,198.00,25.96,40.38
91737662,22.90,48.45,197.00,25.96,40.41
91767709,22.90,48.59,196.00,25.93,40.49
91797757,22.89,47.57,195.00,25.96,40.19
91827805,22.89,47.93,194.00,25.97,40.09
91857856,22.91,47.61,194.00,25.96,40.01
91887903,22.89,47.53,195.00,25.96,39.77
91917954,22.93,48.04,194.00,25.95,39.96
91948002,22.93,48.20,195.00,25.97,40.01
91978049,22.94,47.74,194.00,25.95,39.97
92008097,22.94,47.72,194.00,25.96,39.90
92038145,22.93,46.95,192.00,25.96,39.57
92068193,22.94,47.68,192.00,25.97,39.62
92098240,22.95,47.57,192.00,25.96,39.70
92128288,22.98,48.17,191.00,25.96,39.94
92158336,22.98,47.89,192.00,25.97,39.96
92188384,22.98,47.77,193.00,25.97,39.97
92218431,23.00,47.56,194.00,26.00,39.90
92248482,23.02,47.25,195.00,26.00,39.69
92278530,23.04,46.94,194.00,25.99,39.60
92308578,23.04,47.24,194.00,25.99,39.79
92338625,23.05,47.09,193.00,26.00,39.53
92368673,23.07,47.02,193.00,26.01,39.65
92398722,23.07,47.60,193.00,26.00,39.81
92428769,23.09,47.33,192.00,26.00,39.79
92458817,23.10,47.12,192.00,26.01,39.55
92488864,23.07,46.57,188.00,26.03,39.29
92518913,23.10,47.18,187.00,26.06,39.45
92548960,23.10,47.03,188.00,26.03,39.56
92579008,23.09,46.91,187.00,26.01,39.43
92609058,23.10,46.99,189.00,26.07,39.43
92639107,23.12,46.22,190.00,26.04,39.10
92669154,23.11,46.08,191.00,26.06,38.78
92699202,23.11,46.46,192.00,26.07,38.98
92729251,23.13,46.06,192.00,26.06,38.92
92759300,23.13,46.37,193.00,26.07,38.96
92789348,23.11,45.98,193.00,26.03,38.71
92819396,23.14,46.12,192.00,26.07,38.79
92849443,23.15,45.03,192.00,26.09,38.01
92879492,23.17,45.16,191.00,26.07,38.29
92909540,23.18,44.97,189.00,26.06,38.27
92939587,23.20,45.04,188.00,26.09,38.22
92969635,23.21,44.75,189.00,26.09,38.06
92999686,23.23,45.31,190.00,26.09,38.10
93029734,23.23,44.90,189.00,26.10,38.17
93059781,23.25,44.67,189.00,26.10,38.15
93089829,23.25,44.98,189.00,26.11,38.05
93119877,23.29,44.65,188.00,26.10,38.02
93149926,23.27,45.26,187.00,26.10,38.04
93179973,23.27,44.63,187.00,26.11,37.78
93210021,23.29,44.60,186.00,26.13,37.90
93240069,23.29,44.84,187.00,26.14,37.94
93270117,23.33,44.29,185.00,26.13,37.73
93300165,23.31,44.10,186.00,26.13,37.66
93330212,23.32,44.47,188.00,26.14,37.67
93360264,23.35,44.14,189.00,26.16,37.56
93390311,23.36,44.07,192.00,26.16,37.59
93420359,23.38,44.21,190.00,26.19,37.57
93450407,23.38,43.87,191.00,26.17,37.46
93480456,23.39,43.85,192.00,26.17,37.34
93510503,23.38,44.43,193.00,26.19,37.47
93540553,23.38,44.45,195.00,26.17,37.55
93570600,23.38,44.35,198.00,26.17,37.54
93600650,23.41,44.15,200.00,26.20,37.48
93630697,23.40,44.27,203.00,26.21,37.53
93660745,23.45,44.27,204.00,26.19,37.59
93690792,23.44,44.04,205.00,26.20,37.44
93720841,23.43,43.81,205.00,26.23,37.45
93750891,23.49,43.02,205.00,26.23,37.16
93780938,23.53,41.63,204.00,26.23,36.42
93810987,23.56,43.26,205.00,26.21,36.83
93841034,23.59,41.50,205.00,26.26,36.38
93871083,23.62,42.36,204.00,26.23,36.83
93901130,23.57,42.39,205.00,26.24,36.69
93931179,23.61,42.24,206.00,26.26,36.57
93961226,23.57,42.93,207.00,26.24,36.60
93991274,23.57,43.07,206.00,26.27,36.86
94021321,23.56,43.60,205.00,26.28,37.04
94051369,23.57,43.84,207.00,26.30,37.30
94081418,23.55,44.23,208.00,26.30,37.46
94111468,23.56,42.97,210.00,26.28,37.42
94141515,23.55,43.72,209.00,26.30,37.40
94171565,23.56,41.71,211.00,26.27,36.38
94201612,23.60,41.55,210.00,26.30,36.07
94231660,23.59,43.27,211.00,26.30,36.85
94261707,23.58,43.25,210.00,26.31,37.05
94291755,23.61,42.93,210.00,26.31,36.72
94321804,23.57,42.87,211.00,26.31,36.94
94351853,23.60,43.31,213.00,26.33,37.01
94381901,23.59,41.05,214.00,26.33,36.79
94411950,23.65,40.10,216.00,26.34,35.45
94441998,23.71,40.50,214.00,26.31,35.35
94472045,23.73,39.60,213.00,26.37,34.95
94502095,23.73,40.47,212.00,26.34,35.01
94532144,23.76,39.55,213.00,26.33,35.43
94562192,23.78,39.23,214.00,26.34,34.62
94592239,23.77,40.34,212.00,26.36,34.58
94622287,23.76,39.99,213.00,26.37,35.01
94652335,23.75,41.38,213.00,26.34,35.00
94682383,23.74,40.07,214.00,26.37,35.31
94712431,23.74,39.83,215.00,26.36,34.96
94742479,23.74,41.09,215.00,26.37,35.29
94772527,23.71,41.46,214.00,26.40,35.37
94802575,23.70,43.00,214.00,26.36,36.06
94832623,23.69,42.21,216.00,26.38,35.95
94862673,23.70,40.13,218.00,26.36,35.38
94892722,23.71,40.40,218.00,26.38,35.00
94922769,23.71,40.06,217.00,26.37,35.19
94952817,23.71,40.48,216.00,26.38,35.02
94982864,23.73,39.12,217.00,26.37,34.26
95012913,23.81,38.93,216.00,26.40,34.14
95042960,23.79,38.66,214.00,26.38,34.06
95073008,23.86,38.21,213.00,26.38,33.65
95103055,23.86,39.75,213.00,26.38,33.98
95133104,23.87,38.21,212.00,26.40,33.66
95163153,23.91,38.11,213.00,26.40,33.39
95193201,23.92,37.98,211.00,26.38,33.29
95223249,23.94,37.74,209.00,26.43,33.21
95253299,23.91,39.98,208.00,26.44,33.54
95283348,23.91,37.77,207.00,26.43,33.41
95313395,23.93,38.57,208.00,26.43,33.94
95343443,23.88,40.07,210.00,26.46,34.19
95373491,23.91,37.58,211.00,26.46,33.34
95403539,23.92,39.48,210.00,26.43,33.38
95433586,23.86,39.40,211.00,26.46,33.44
95463634,23.84,40.09,212.00,26.46,34.33
95493682,23.91,37.18,212.00,26.46,32.87
95523730,23.92,37.65,212.00,26.44,33.07
95553777,23.91,38.72,213.00,26.47,33.13
95583825,23.86,38.87,212.00,26.46,33.64
95613876,23.86,38.16,213.00,26.48,33.49
95643924,23.86,38.25,213.00,26.47,33.53
95673971,23.88,37.43,212.00,26.46,32.77
95704019,23.85,39.07,211.00,26.47,33.07
95734068,23.85,38.53,211.00,26.48,33.13
95764115,23.82,37.86,209.00,26.47,32.87
95794164,23.83,37.65,210.00,26.48,32.67
95824211,23.85,37.48,211.00,26.48,32.51
95854260,23.84,37.51,210.00,26.50,32.43
95884307,23.88,37.04,209.00,26.47,32.27
95914355,23.91,36.95,208.00,26.47,32.20
95944402,23.89,37.15,208.00,26.47,32.15
95974451,23.89,36.86,206.00,26.47,32.10
96004503,23.91,37.08,206.00,26.47,32.07
96034551,23.92,36.92,204.00,26.46,32.08
96064600,23.91,37.01,204.00,26.47,32.04
96094648,23.93,37.02,203.00,26.47,31.98
96124695,23.91,36.98,201.00,26.47,32.00
96154743,23.93,37.16,199.00,26.50,32.07
96184791,23.91,37.24,198.00,26.47,32.08
96214839,23.92,37.04,196.00,26.47,32.03
96244887,23.92,36.83,195.00,26.47,31.88
96274935,23.92,36.76,196.00,26.48,31.80
96304984,23.93,36.52,196.00,26.48,31.68
96335031,23.94,36.57,198.00,26.47,31.67
96365081,23.94,36.27,198.00,26.47,31.54
96395129,23.94,36.40,199.00,26.47,31.53
96425178,23.94,36.43,200.00,26.48,31.54
96455225,23.93,36.33,201.00,26.47,31.47
96485273,23.92,36.34,203.00,26.47,31.43
96515320,23.91,36.32,203.00,26.47,31.48
96545369,23.93,36.23,204.00,26.47,31.37
96575416,23.94,36.05,205.00,26.46,31.23
96605465,23.91,35.89,206.00,26.44,31.12
96635512,23.93,35.92,208.00,26.47,31.05
96665561,23.92,36.11,209.00,26.47,31.17
96695608,23.90,36.24,210.00,26.47,31.24
96725656,23.93,36.28,212.00,26.47,31.20
96755701,23.90,35.96,214.00,26.47,31.10
96785750,23.88,36.15,216.00,26.46,31.12
96815800,23.92,35.56,217.00,26.47,30.93
96845848,23.94,35.53,217.00,26.47,30.90
96875898,23.93,35.57,216.00,26.47,30.80
96905946,23.91,35.73,214.00,26.51,30.89
96935995,23.92,35.77,214.00,26.48,30.86
96966042,23.92,35.74,214.00,26.48,30.80
96996090,23.91,35.79,214.00,26.50,30.80
97026138,23.90,36.62,212.00,26.48,31.14
97056186,23.93,35.89,213.00,26.47,30.85
97086233,23.96,35.65,213.00,26.47,30.74
97116284,23.97,35.76,210.00,26.50,30.73
97146332,23.95,35.89,209.00,26.51,30.83
97176381,23.93,37.47,209.00,26.51,31.61
97206428,23.91,37.51,208.00,26.52,31.66
97236476,23.89,37.23,211.00,26.48,31.74
97266524,23.88,37.45,211.00,26.50,32.03
97296572,23.84,37.85,211.00,26.52,31.96
97326620,23.92,36.61,211.00,26.52,31.42
97356667,23.93,37.57,209.00,26.51,31.40
97386716,23.92,36.82,208.00,26.48,31.74
97416764,23.97,36.86,206.00,26.51,31.52
97446812,24.02,36.77,205.00,26.54,31.46
97476862,24.03,36.91,204.00,26.54,31.53
97506911,24.00,37.82,202.00,26.52,31.92
97536958,24.01,37.35,202.00,26.52,31.80
97567006,24.02,37.27,202.00,26.52,31.79
97597053,24.03,37.78,204.00,26.54,31.99
97627104,24.02,37.70,204.00,26.54,32.00
97657152,24.05,37.72,205.00,26.54,32.06
97687200,24.07,37.64,208.00,26.57,32.05
97717248,24.06,38.15,213.00,26.54,32.23
97747296,24.05,37.87,216.00,26.55,32.18
97777343,24.05,37.96,220.00,26.55,32.18
97807391,24.03,38.14,221.00,26.55,32.34
97837438,24.07,37.86,221.00,26.58,32.18
97867490,24.06,37.93,222.00,26.59,32.24
97897537,24.09,37.88,221.00,26.58,32.16
97927585,24.05,38.03,221.00,26.58,32.25
97957633,24.05,38.05,223.00,26.59,32.27
97987681,24.07,38.10,223.00,26.58,32.30
98017729,24.06,37.88,224.00,26.61,32.22
98047776,24.08,37.89,225.00,26.61,32.27
98077825,24.06,37.82,224.00,26.59,32.14
98107872,24.05,37.76,224.00,26.61,32.20
98137920,24.04,38.09,225.00,26.61,32.42
98167967,24.01,38.72,226.00,26.58,32.67
98198016,23.99,38.75,226.00,26.62,32.66
98228066,23.97,38.49,226.00,26.62,32.78
98258114,23.97,38.84,227.00,26.61,32.71
98288161,23.95,39.45,226.00,26.59,32.77
98318210,23.96,38.28,225.00,26.61,32.55
98348257,24.00,38.05,225.00,26.62,32.34
98378305,24.02,38.04,223.00,26.64,32.26
98408352,24.02,38.29,223.00,26.61,32.38
98438403,24.03,38.27,222.00,26.62,32.47
98468450,24.09,37.80,222.00,26.61,32.20
98498498,24.09,37.91,220.00,26.61,32.22
98528546,24.08,37.89,219.00,26.61,32.22
98558595,24.08,37.93,219.00,26.64,32.26
98588643,24.08,37.84,217.00,26.62,32.21
98618692,24.07,37.88,214.00,26.62,32.21
98648740,24.04,37.88,213.00,26.59,32.21
98678789,24.07,37.76,212.00,26.61,32.10
98708837,24.05,37.86,211.00,26.62,32.19
98738884,24.08,37.84,210.00,26.62,32.13
98768932,24.07,38.00,210.00,26.62,32.24
98798980,24.05,38.14,209.00,26.61,32.28
98829028,24.04,38.44,207.00,26.64,32.36
98859075,24.03,38.37,207.00,26.64,32.46
98889123,24.05,38.34,205.00,26.62,32.35
98919173,24.03,38.14,206.00,26.62,32.40
98949220,24.06,37.72,205.00,26.61,32.18
98979271,24.07,37.84,205.00,26.64,32.15
99009318,24.05,37.98,203.00,26.62,32.17
99039367,24.05,38.08,202.00,26.64,32.24
99069414,24.04,38.19,202.00,26.64,32.27
99099462,24.06,38.15,203.00,26.64,32.37
99129509,24.04,38.19,204.00,26.64,32.40
99159558,24.07,37.89,204.00,26.62,32.23
99189606,24.09,37.84,203.00,26.64,32.17
99219654,24.07,38.02,202.00,26.62,32.20
99249703,24.10,37.72,202.00,26.64,32.07
99279752,24.11,37.76,203.00,26.64,32.06
99309800,24.10,37.83,203.00,26.67,32.12
99339848,24.15,37.42,203.00,26.68,32.00
99369899,24.16,37.31,203.00,26.64,31.88
99399946,24.16,37.37,200.00,26.67,31.93
99429994,24.21,37.13,200.00,26.67,31.81
99460041,24.22,36.88,200.00,26.67,31.72
99490089,24.19,37.48,199.00,26.67,31.75
99520138,24.15,37.69,200.00,26.67,31.99
99550186,24.14,38.34,200.00,26.68,32.29
99580233,24.11,38.75,200.00,26.69,32.55
99610281,24.10,38.18,201.00,26.68,32.36
99640329,24.10,38.07,201.00,26.69,32.25
99670377,24.10,38.10,201.00,26.68,32.10
99700424,24.17,37.79,200.00,26.68,32.06
99730476,24.15,38.24,201.00,26.69,32.32
99760523,24.17,37.79,203.00,26.69,32.15
99790571,24.15,38.64,204.00,26.69,32.35
99820618,24.10,39.04,205.00,26.71,32.53
99850668,24.08,38.32,208.00,26.69,32.52
99880715,24.11,38.85,208.00,26.69,32.45
99910763,24.08,38.62,209.00,26.72,32.41
99940811,24.08,37.97,208.00,26.71,32.23
99970859,24.08,38.58,208.00,26.72,32.46
100000907,24.03,38.91,208.00,26.72,32.63
100030954,24.06,38.17,207.00,26.71,32.49
100061004,24.05,38.67,206.00,26.69,32.57
100091053,24.05,38.32,205.00,26.72,32.38
100121104,24.06,38.96,205.00,26.69,32.57
100151151,24.10,38.58,205.00,26.72,32.51
100181199,24.12,38.76,204.00,26.72,32.67
100211248,24.12,39.14,202.00,26.72,32.75
100241296,24.17,38.88,202.00,26.74,32.70
100271343,24.14,39.41,200.00,26.72,32.92
100301391,24.12,39.51,201.00,26.74,33.08
100331440,24.15,39.33,202.00,26.74,33.11
100361488,24.15,40.16,202.00,26.74,33.29
100391535,24.12,39.91,202.00,26.75,33.42
100421583,24.11,39.72,205.00,26.74,33.28
100451632,24.16,39.42,204.00,26.74,33.21
100481682,24.16,39.90,203.00,26.77,33.38
100511730,24.18,39.47,201.00,26.77,33.25
100541777,24.16,39.82,200.00,26.77,33.29
100571826,24.15,40.12,198.00,26.78,33.55
100601874,24.17,39.62,198.00,26.77,33.48
100631922,24.20,39.73,198.00,26.77,33.38
100661969,24.16,40.20,197.00,26.77,33.60
100692018,24.14,40.29,198.00,26.77,33.76
100722066,24.18,40.23,200.00,26.79,33.67
100752114,24.20,40.31,200.00,26.79,33.77
100782161,24.20,40.40,199.00,26.78,33.89
100812210,24.24,40.61,198.00,26.79,34.00
100842260,24.28,40.55,200.00,26.79,34.03
100872310,24.31,40.63,199.00,26.79,34.10
100902358,24.35,41.04,197.00,26.81,34.33
100932406,24.38,41.14,197.00,26.82,34.54
100962454,24.34,41.17,197.00,26.84,34.49
100992502,24.36,41.28,195.00,26.82,34.61
101022550,24.34,41.52,195.00,26.82,34.67
101052598,24.33,41.83,195.00,26.85,34.86
101082645,24.33,41.82,195.00,26.84,34.93
101112693,24.31,41.83,196.00,26.84,34.98
101142740,24.32,42.30,196.00,26.84,35.10
101172789,24.34,42.62,198.00,26.85,35.33
101202840,24.39,42.96,196.00,26.85,35.65
101232887,24.36,42.90,196.00,26.89,35.71
101262936,24.34,42.92,195.00,26.85,35.68
101292984,24.31,42.69,194.00,26.89,35.49
101323032,24.27,42.84,195.00,26.86,35.61
101353079,24.32,44.13,196.00,26.91,36.24
101383128,24.34,44.18,198.00,26.89,36.43
101413175,24.36,44.11,198.00,26.91,36.33
101443223,24.42,44.60,198.00,26.92,36.77
101473270,24.38,43.74,197.00,26.91,36.58
101503319,24.40,44.54,198.00,26.89,36.75
101533367,24.37,44.02,199.00,26.91,36.72
101563415,24.31,44.15,199.00,26.92,36.52
101593464,24.29,44.25,199.00,26.94,36.71
101623514,24.28,44.47,200.00,26.91,36.80
101653561,24.26,44.47,200.00,26.91,36.70
101683611,24.23,44.67,202.00,26.92,36.84
101713659,24.25,44.76,201.00,26.95,36.85
101743708,24.25,45.10,200.00,26.94,37.02
101773755,24.25,44.83,201.00,26.94,36.86
101803804,24.27,45.49,200.00,26.94,37.32
101833851,24.28,45.12,199.00,26.95,37.29
101863900,24.30,45.92,199.00,26.96,37.41
101893948,24.37,46.82,198.00,26.96,38.23
101923995,24.33,46.61,196.00,26.94,38.03
101954046,24.41,47.14,193.00,26.96,38.61
101984094,24.45,47.10,193.00,26.95,38.66
102014142,24.42,47.02,191.00,26.95,38.76
102044190,24.39,46.97,189.00,26.95,38.70
102074238,24.40,47.20,188.00,26.96,38.80
102104286,24.43,47.54,188.00,26.98,39.01
102134334,24.46,47.24,192.00,26.96,39.05
102164382,24.43,47.52,192.00,26.99,39.13
102194430,24.48,47.54,192.00,26.99,39.30
102224478,24.49,47.44,191.00,26.99,39.22
102254527,24.50,47.54,188.00,26.99,39.29
102284574,24.45,47.60,187.00,27.01,39.32
102314626,24.44,47.54,187.00,27.03,39.19
102344673,24.43,47.68,189.00,27.01,39.37
102374721,24.41,47.58,190.00,27.02,39.34
102404768,24.41,47.85,192.00,27.02,39.51
102434817,24.43,47.64,192.00,27.01,39.47
102464865,24.43,47.76,193.00,27.02,39.51
102494915,24.44,47.85,194.00,27.02,39.58
102524963,24.43,47.86,194.00,27.02,39.45
102555011,24.43,47.20,195.00,27.05,39.28
102585060,24.42,47.46,197.00,27.05,39.28
102615107,24.46,48.44,196.00,27.03,39.84
102645155,24.46,48.30,194.00,27.03,39.87
102675206,24.45,48.32,193.00,27.06,39.92
102705254,24.42,48.43,191.00,27.06,39.95
102735302,24.46,48.54,192.00,27.06,40.09
102765350,24.49,48.52,191.00,27.06,40.14
102795398,24.48,48.49,191.00,27.07,40.13
102825446,24.51,48.56,191.00,27.07,40.22
102855493,24.45,47.58,193.00,27.09,39.90
102885541,24.46,48.43,194.00,27.07,39.92
102915590,24.46,48.43,194.00,27.10,40.25
102945638,24.41,48.38,193.00,27.10,40.16
102975685,24.38,48.73,194.00,27.07,40.12
103005733,24.38,48.71,195.00,27.09,40.12
103035784,24.41,48.79,195.00,27.09,40.30
103065832,24.43,48.82,195.00,27.09,40.35
103095880,24.48,49.32,195.00,27.12,40.52
103125928,24.45,48.78,194.00,27.09,40.56
103155976,24.49,49.62,194.00,27.09,40.74
103186025,24.50,49.24,195.00,27.10,40.81
103216073,24.51,49.53,195.00,27.10,40.93
103246120,24.51,49.07,195.00,27.12,40.82
103276169,24.48,49.37,196.00,27.10,40.76
103306218,24.47,49.30,196.00,27.15,40.91
103336267,24.57,49.85,196.00,27.13,41.02
103366315,24.53,48.59,238.00,27.13,40.81
103396363,24.59,50.01,236.00,27.13,40.82
103426413,24.70,49.46,251.00,27.13,41.07
103456461,24.76,50.34,294.00,27.16,41.09
103486510,24.82,49.71,354.00,27.16,41.09
103516558,24.75,49.35,338.00,27.17,40.82
103546605,24.73,49.64,320.00,27.19,41.06
103576653,24.67,49.70,309.00,27.19,40.91
103606702,24.65,49.80,302.00,27.22,41.03
103636750,24.62,50.21,304.00,27.20,40.99
103666797,24.60,50.08,307.00,27.22,41.23
103696845,24.67,50.72,315.00,27.22,41.82
103726894,24.66,50.25,348.00,27.22,41.72
103756942,24.65,50.51,346.00,27.23,41.85
103786992,24.62,50.59,343.00,27.24,41.79
103817040,24.67,50.70,339.00,27.24,42.05
103847088,24.72,50.60,333.00,27.23,42.10
103877135,24.74,50.71,326.00,27.26,42.22
103907183,24.75,50.62,314.00,27.27,42.18
103937230,24.78,50.63,303.00,27.27,42.26
103967279,24.75,50.67,301.00,27.26,42.21
103997327,24.70,50.67,296.00,27.27,42.18
104027375,24.73,50.72,292.00,27.29,42.24
104057422,24.72,50.91,291.00,27.29,42.33
104087471,24.74,50.83,284.00,27.27,42.34
104117520,24.71,50.85,279.00,27.26,42.31
104147579,24.75,51.09,278.00,27.30,42.55
104177627,24.74,50.86,274.00,27.32,42.54
104207675,24.73,50.84,271.00,27.29,42.36
104237722,24.75,51.53,267.00,27.30,42.76
104267770,24.78,51.55,266.00,27.30,42.90
104297818,24.81,51.82,265.00,27.30,43.10
104327866,24.83,51.67,264.00,27.34,43.14
104357914,24.83,51.64,262.00,27.30,43.16
104387962,24.85,51.63,259.00,27.30,43.20
104418010,24.85,51.82,258.00,27.34,43.21
104448058,24.84,51.88,258.00,27.34,43.33
104478105,24.82,51.68,260.00,27.33,43.22
104508156,24.82,51.73,261.00,27.36,43.29
104538204,24.79,51.66,261.00,27.36,43.25
104568253,24.78,51.66,262.00,27.36,43.19
104598300,24.81,51.75,262.00,27.37,43.26
104628348,24.82,51.69,259.00,27.37,43.26
104658396,24.81,51.56,258.00,27.36,43.21
104688444,24.82,51.51,256.00,27.36,43.17
104718492,24.80,51.10,252.00,27.37,43.01
104748539,24.82,51.14,249.00,27.37,42.96
104778588,24.80,51.16,246.00,27.36,42.94
104808636,24.80,50.93,243.00,27.36,42.85
104838684,24.77,50.98,240.00,27.37,42.77
104868734,24.74,50.97,238.00,27.39,42.76
104898785,24.69,51.04,235.00,27.36,42.71
104928832,24.69,51.06,233.00,27.37,42.70
104958881,24.64,51.01,231.00,27.36,42.63
104988929,24.66,50.87,229.00,27.37,42.62
105018977,24.62,51.11,228.00,27.37,42.61
105049024,24.62,50.98,227.00,27.39,42.57
105079073,24.63,50.89,228.00,27.37,42.58
105109121,24.67,50.86,227.00,27.34,42.52
105139169,24.72,50.73,224.00,27.37,42.49
105169216,24.75,50.63,222.00,27.37,42.55
105199264,24.73,50.55,220.00,27.37,42.49
105229315,24.78,50.41,215.00,27.39,42.40
105259363,24.74,50.53,212.00,27.34,42.40
105289411,24.76,50.50,211.00,27.39,42.43
105319459,24.70,50.61,211.00,27.37,42.44
105349508,24.68,50.55,209.00,27.36,42.44
105379555,24.67,50.60,210.00,27.37,42.40
105409603,24.70,50.41,210.00,27.37,42.38
105439651,24.69,50.61,210.00,27.37,42.34
105469700,24.70,50.20,209.00,27.39,42.25
105499747,24.74,50.02,208.00,27.39,42.07
105529795,24.73,49.97,204.00,27.40,42.04
105559843,24.72,50.09,206.00,27.39,42.07
105589892,24.69,50.12,205.00,27.42,42.09
105619942,24.72,49.99,204.00,27.39,42.08
105649990,24.73,49.91,206.00,27.42,41.93
105680037,24.71,50.03,206.00,27.42,42.14
105710088,24.77,48.98,206.00,27.42,41.57
105740136,24.81,49.14,206.00,27.39,41.57
105770184,24.81,49.22,204.00,27.40,41.60
105800231,24.84,48.68,202.00,27.42,41.46
105830280,24.88,48.22,200.00,27.42,41.16
105860328,24.88,48.34,198.00,27.39,41.10
105890376,24.85,48.96,198.00,27.43,41.35
105920427,24.84,48.74,197.00,27.43,41.25
105950474,24.83,48.65,197.00,27.43,41.21
105980525,24.85,48.19,196.00,27.39,41.10
106010572,24.86,47.69,197.00,27.43,40.70
106040621,24.85,47.89,196.00,27.39,40.74
106070669,24.84,48.36,196.00,27.43,40.66
106100717,24.82,48.29,199.00,27.43,40.82
106130764,24.81,48.38,202.00,27.43,40.87
106160813,24.83,48.16,203.00,27.42,40.78
106190860,24.80,48.47,205.00,27.40,40.79
106220909,24.77,48.54,206.00,27.43,40.88
106250956,24.75,48.72,209.00,27.43,40.86
106281005,24.75,48.94,214.00,27.43,41.03
106311052,24.74,48.99,220.00,27.43,41.04
106341103,24.75,48.61,227.00,27.44,40.91
106371151,24.73,49.29,228.00,27.43,40.96
106401200,24.73,48.39,227.00,27.46,40.78
106431247,24.75,48.28,226.00,27.46,40.68
106461295,24.72,48.27,225.00,27.43,40.70
106491343,24.82,46.82,222.00,27.46,40.14
106521393,24.86,46.89,217.00,27.44,39.94
106551441,24.86,47.12,213.00,27.46,40.08
106581489,24.89,46.26,209.00,27.46,39.69
106611536,24.91,46.16,205.00,27.47,39.49
106641585,24.90,46.34,203.00,27.46,39.52
106671633,24.87,47.73,201.00,27.46,40.14
106701683,24.87,45.94,202.00,27.46,39.39
106731731,24.88,46.34,200.00,27.46,39.44
106761779,24.89,46.12,199.00,27.46,39.38
106791827,24.89,45.83,200.00,27.44,39.15
106821875,24.91,45.64,202.00,27.46,39.13
106851923,24.87,45.88,205.00,27.44,39.04
106881971,24.90,46.47,205.00,27.47,39.34
106912019,24.90,46.60,207.00,27.47,39.47
106942066,24.84,46.95,211.00,27.50,39.69
106972114,24.81,47.08,215.00,27.47,39.65
107002162,24.82,47.01,218.00,27.47,39.69
107032210,24.81,47.09,221.00,27.46,39.60
107062260,24.79,47.19,222.00,27.47,39.66
107092308,24.79,46.97,225.00,27.49,39.60
107122357,24.86,46.66,227.00,27.50,39.46
107152405,24.86,46.81,228.00,27.50,39.54
107182452,24.93,46.24,229.00,27.52,39.36
107212500,24.90,46.36,231.00,27.50,39.29
107242548,24.89,46.41,232.00,27.50,39.27
107272596,24.87,46.26,232.00,27.52,39.16
107302643,24.84,46.53,235.00,27.53,39.28
107332694,24.86,46.08,237.00,27.52,39.15
107362742,24.86,46.08,238.00,27.53,38.99
107392789,24.86,45.90,240.00,27.54,38.94
107422837,24.87,46.03,241.00,27.52,38.97
107452888,24.86,46.15,241.00,27.53,38.97
107482936,24.91,45.59,240.00,27.54,38.83
107512983,24.86,45.82,239.00,27.56,38.79
107543031,24.83,45.76,238.00,27.56,38.71
107573080,24.80,46.05,236.00,27.56,38.78
107603128,24.82,45.66,236.00,27.56,38.63
107633175,24.85,45.49,235.00,27.52,38.50
107663224,24.85,45.60,234.00,27.52,38.55
107693272,24.89,45.51,235.00,27.52,38.51
107723320,24.91,45.39,236.00,27.56,38.50
107753368,24.90,45.41,235.00,27.54,38.49
107783416,24.88,45.52,233.00,27.56,38.50
107813467,24.86,45.51,233.00,27.54,38.54
107843515,24.85,45.54,233.00,27.54,38.47
107873562,24.83,45.64,231.00,27.54,38.50
107903610,24.77,45.81,228.00,27.52,38.56
107933658,24.77,45.87,228.00,27.53,38.54
107963707,24.80,45.96,227.00,27.53,38.58
107993755,24.80,46.09,225.00,27.53,38.68
108023802,24.83,46.12,225.00,27.49,38.69
108053851,24.87,46.18,223.00,27.54,38.80
108083898,24.88,46.17,222.00,27.52,38.80
108113947,24.88,46.32,223.00,27.52,38.93
108143996,24.84,46.51,222.00,27.50,38.98
108174048,24.89,46.81,218.00,27.52,39.12
108204095,24.93,46.71,215.00,27.53,39.20
108234144,24.89,46.87,214.00,27.52,39.27
108264192,24.90,47.06,214.00,27.52,39.40
108294240,24.87,47.17,212.00,27.53,39.41
108324287,24.83,47.32,212.00,27.52,39.49
108354335,24.81,47.38,211.00,27.53,39.50
108384384,24.82,47.57,209.00,27.53,39.67
108414432,24.82,47.62,208.00,27.53,39.70
108444479,24.80,47.67,206.00,27.53,39.69
108474527,24.79,47.88,205.00,27.50,39.85
108504576,24.80,47.87,205.00,27.52,39.83
108534626,24.80,47.97,206.00,27.53,39.93
108564674,24.82,48.10,209.00,27.52,39.94
108594721,24.83,48.15,209.00,27.50,40.03
108624770,24.82,48.14,210.00,27.52,40.12
108654818,24.83,48.26,209.00,27.49,40.23
108684866,24.85,48.33,208.00,27.53,40.22
108714913,24.85,48.40,210.00,27.53,40.31
108744962,24.89,48.49,210.00,27.52,40.40
108775010,24.90,48.45,210.00,27.53,40.43
108805058,24.87,48.54,209.00,27.54,40.50
108835105,24.85,48.63,207.00,27.54,40.48
108865154,24.87,48.69,208.00,27.53,40.56
108895204,24.87,48.62,207.00,27.53,40.58
108925252,24.88,48.69,206.00,27.53,40.62
108955301,24.87,48.76,207.00,27.57,40.71
108985351,24.94,48.68,207.00,27.56,40.69
109015398,24.94,48.77,207.00,27.56,40.66
109045446,24.98,48.75,210.00,27.57,40.78
109075494,24.98,48.67,213.00,27.57,40.76
109105543,24.98,48.59,214.00,27.56,40.68
109135590,24.97,48.55,214.00,27.56,40.70
109165638,24.95,48.51,213.00,27.60,40.68
109195686,24.98,48.42,213.00,27.58,40.66
109225735,24.96,48.42,212.00,27.57,40.67
109255783,24.95,48.41,210.00,27.60,40.63
109285833,24.94,48.41,209.00,27.60,40.56
109315881,24.95,48.46,208.00,27.58,40.62
109345929,24.91,48.50,208.00,27.60,40.59
109375977,24.90,48.52,208.00,27.60,40.56
109406025,24.91,48.55,207.00,27.61,40.62
109436073,24.90,48.53,206.00,27.61,40.63
109466121,24.96,48.43,205.00,27.60,40.56
109496169,24.97,48.35,206.00,27.58,40.59
109526217,24.99,48.27,205.00,27.60,40.56
109556265,24.99,48.30,203.00,27.60,40.54
109586313,24.97,48.29,203.00,27.63,40.54
109616361,24.96,48.32,202.00,27.60,40.51
109646411,24.93,48.33,200.00,27.61,40.55
109676460,24.93,48.32,200.00,27.61,40.51
109706507,24.93,48.37,199.00,27.61,40.54
109736555,24.91,48.39,196.00,27.60,40.51
109766605,24.91,48.30,196.00,27.60,40.45
109796654,24.93,48.27,196.00,27.61,40.46
109826702,24.91,48.25,197.00,27.60,40.45
109856749,24.93,48.18,196.00,27.61,40.45
109886797,24.91,48.14,196.00,27.61,40.39
109916845,24.90,48.16,198.00,27.63,40.39
109946893,24.90,48.20,199.00,27.63,40.39
109976940,24.87,48.14,200.00,27.58,40.32
110006991,24.89,47.98,201.00,27.63,40.29
110037039,24.90,47.91,201.00,27.61,40.24
110067087,24.91,47.84,200.00,27.60,40.16
110097135,24.89,47.66,203.00,27.58,40.15
110127183,24.93,47.61,204.00,27.60,40.07
110157231,24.93,47.58,206.00,27.60,40.08
110187279,24.92,47.57,208.00,27.60,40.03
110217326,24.94,47.57,208.00,27.58,40.00
110247374,24.94,47.40,209.00,27.61,39.93
